patient_id,y_true,probability,prediction,best_threshold
sub-002,0,0.08987617,0,0.197
sub-002,0,0.08987617,0,0.197
sub-002,0,0.079538055,0,0.197
sub-002,0,0.08987617,0,0.197
sub-002,0,0.08785198,0,0.197
sub-002,0,0.08987617,0,0.197
sub-002,0,0.08987617,0,0.197
sub-002,0,0.08987617,0,0.197
sub-002,0,0.08987617,0,0.197
sub-002,0,0.08987617,0,0.197
sub-002,0,0.08987617,0,0.197
sub-002,0,0.08987617,0,0.197
sub-002,0,0.08987617,0,0.197
sub-002,0,0.08987617,0,0.197
sub-002,0,0.08987617,0,0.197
sub-002,0,0.08987617,0,0.197
sub-002,0,0.08987617,0,0.197
sub-002,0,0.08987617,0,0.197
sub-002,0,0.08987617,0,0.197
sub-002,0,0.08987617,0,0.197
sub-002,0,0.08987617,0,0.197
sub-002,0,0.08987617,0,0.197
sub-002,0,0.08987617,0,0.197
sub-002,0,0.010377305,0,0.197
sub-002,0,0.010377305,0,0.197
sub-002,0,0.010377305,0,0.197
sub-002,0,0.010377305,0,0.197
sub-002,0,0.010377305,0,0.197
sub-002,0,0.010377305,0,0.197
sub-002,0,0.010377305,0,0.197
sub-002,0,0.08987617,0,0.197
sub-002,0,0.08987617,0,0.197
sub-002,0,0.010377305,0,0.197
sub-002,0,0.08987617,0,0.197
sub-002,0,0.08987617,0,0.197
sub-002,0,0.08987617,0,0.197
sub-002,0,0.08987617,0,0.197
sub-002,0,0.08987617,0,0.197
sub-002,0,0.08987617,0,0.197
sub-002,0,0.08987617,0,0.197
sub-002,0,0.08987617,0,0.197
sub-002,0,0.08987617,0,0.197
sub-002,0,0.08987617,0,0.197
sub-002,0,0.08987617,0,0.197
sub-002,0,0.08987617,0,0.197
sub-002,0,0.08987617,0,0.197
sub-002,0,0.08987617,0,0.197
sub-002,0,0.08987617,0,0.197
sub-002,0,0.026292112,0,0.197
sub-002,0,0.08785198,0,0.197
sub-002,0,0.08785198,0,0.197
sub-002,0,0.08987617,0,0.197
sub-002,0,0.08987617,0,0.197
sub-002,0,0.08987617,0,0.197
sub-002,0,0.08987617,0,0.197
sub-002,0,0.08987617,0,0.197
sub-002,0,0.08987617,0,0.197
sub-002,0,0.08987617,0,0.197
sub-002,0,0.08987617,0,0.197
sub-002,0,0.08987617,0,0.197
sub-002,0,0.08987617,0,0.197
sub-002,0,0.08987617,0,0.197
sub-002,0,0.08987617,0,0.197
sub-002,0,0.08987617,0,0.197
sub-002,0,0.08987617,0,0.197
sub-002,0,0.08987617,0,0.197
sub-002,0,0.08987617,0,0.197
sub-002,0,0.08987617,0,0.197
sub-002,0,0.08987617,0,0.197
sub-002,0,0.08987617,0,0.197
sub-002,0,0.08987617,0,0.197
sub-002,0,0.08785198,0,0.197
sub-002,0,0.08987617,0,0.197
sub-002,0,0.08987617,0,0.197
sub-002,0,0.08987617,0,0.197
sub-002,0,0.08987617,0,0.197
sub-002,0,0.08987617,0,0.197
sub-002,0,0.08987617,0,0.197
sub-002,0,0.08987617,0,0.197
sub-002,0,0.08987617,0,0.197
sub-002,0,0.08987617,0,0.197
sub-002,0,0.010377305,0,0.197
sub-002,0,0.010377305,0,0.197
sub-002,0,0.08987617,0,0.197
sub-002,0,0.08987617,0,0.197
sub-002,0,0.08987617,0,0.197
sub-002,0,0.08987617,0,0.197
sub-002,0,0.08987617,0,0.197
sub-002,0,0.08987617,0,0.197
sub-002,0,0.08987617,0,0.197
sub-002,0,0.010377305,0,0.197
sub-002,0,0.010377305,0,0.197
sub-002,0,0.08987617,0,0.197
sub-002,0,0.08987617,0,0.197
sub-002,0,0.08987617,0,0.197
sub-002,0,0.08987617,0,0.197
sub-002,0,0.08987617,0,0.197
sub-002,0,0.08785198,0,0.197
sub-002,0,0.15452185,0,0.197
sub-002,0,0.15452185,0,0.197
sub-002,0,0.15128373,0,0.197
sub-002,0,0.98314583,1,0.197
sub-002,0,0.9975841,1,0.197
sub-002,0,0.9980129,1,0.197
sub-002,0,0.48996004,1,0.197
sub-002,0,0.5388332,1,0.197
sub-002,0,0.5388332,1,0.197
sub-002,0,0.5388332,1,0.197
sub-002,0,0.99772984,1,0.197
sub-002,0,0.009092291,0,0.197
sub-002,0,0.009092291,0,0.197
sub-002,0,0.009092291,0,0.197
sub-002,0,0.009092291,0,0.197
sub-002,0,0.010377305,0,0.197
sub-002,0,0.009092291,0,0.197
sub-002,0,0.08987617,0,0.197
sub-002,0,0.08987617,0,0.197
sub-002,0,0.079538055,0,0.197
sub-002,0,0.009092291,0,0.197
sub-002,0,0.009092291,0,0.197
sub-002,0,0.011465986,0,0.197
sub-002,0,0.042700164,0,0.197
sub-002,0,0.9287257,1,0.197
sub-002,0,0.9287257,1,0.197
sub-002,0,0.91462535,1,0.197
sub-002,0,0.91462535,1,0.197
sub-002,0,0.9287257,1,0.197
sub-002,0,0.7104512,1,0.197
sub-002,0,0.7104512,1,0.197
sub-002,0,0.7104512,1,0.197
sub-002,0,0.7104512,1,0.197
sub-002,0,0.7104512,1,0.197
sub-002,0,0.06524014,0,0.197
sub-002,1,0.017878521,0,0.197
sub-002,1,0.23357128,1,0.197
sub-002,1,0.98167557,1,0.197
sub-002,0,0.04759508,0,0.197
sub-002,0,0.010377305,0,0.197
sub-002,0,0.009092291,0,0.197
sub-002,0,0.010377305,0,0.197
sub-002,0,0.08987617,0,0.197
sub-002,0,0.08987617,0,0.197
sub-002,0,0.00500416,0,0.197
sub-002,0,0.006950559,0,0.197
sub-002,0,0.006950559,0,0.197
sub-002,0,0.006950559,0,0.197
sub-002,0,0.006950559,0,0.197
sub-002,0,0.006950559,0,0.197
sub-002,0,0.006950559,0,0.197
sub-002,0,0.006950559,0,0.197
sub-002,0,0.006950559,0,0.197
sub-002,0,0.006950559,0,0.197
sub-002,0,0.006950559,0,0.197
sub-002,0,0.006950559,0,0.197
sub-002,0,0.006950559,0,0.197
sub-002,0,0.006950559,0,0.197
sub-002,0,0.006950559,0,0.197
sub-002,0,0.006950559,0,0.197
sub-002,0,0.08938945,0,0.197
sub-002,0,0.08938945,0,0.197
sub-002,0,0.08938945,0,0.197
sub-002,0,0.08938945,0,0.197
sub-002,0,0.08938945,0,0.197
sub-002,0,0.08938945,0,0.197
sub-002,0,0.08938945,0,0.197
sub-002,0,0.08987617,0,0.197
sub-002,0,0.08938945,0,0.197
sub-002,0,0.08938945,0,0.197
sub-002,0,0.08938945,0,0.197
sub-002,0,0.079538055,0,0.197
sub-002,0,0.08938945,0,0.197
sub-002,0,0.010377305,0,0.197
sub-002,0,0.009092291,0,0.197
sub-002,0,0.00482659,0,0.197
sub-002,0,0.0055120857,0,0.197
sub-002,0,0.040864486,0,0.197
sub-002,0,0.042700164,0,0.197
sub-002,0,0.042700164,0,0.197
sub-002,0,0.037564553,0,0.197
sub-002,0,0.037564553,0,0.197
sub-002,0,0.042700164,0,0.197
sub-002,0,0.042700164,0,0.197
sub-002,0,0.042700164,0,0.197
sub-002,0,0.042700164,0,0.197
sub-002,0,0.022543438,0,0.197
sub-002,0,0.042700164,0,0.197
sub-002,0,0.042700164,0,0.197
sub-002,0,0.042700164,0,0.197
sub-002,0,0.042700164,0,0.197
sub-002,0,0.042700164,0,0.197
sub-002,0,0.042700164,0,0.197
sub-002,0,0.042700164,0,0.197
sub-002,0,0.042700164,0,0.197
sub-002,0,0.042700164,0,0.197
sub-002,0,0.042700164,0,0.197
sub-002,0,0.042700164,0,0.197
sub-002,0,0.041689806,0,0.197
sub-002,0,0.026118448,0,0.197
sub-002,0,0.041689806,0,0.197
sub-002,0,0.041689806,0,0.197
sub-002,0,0.03164674,0,0.197
sub-002,0,0.041689806,0,0.197
sub-002,0,0.041689806,0,0.197
sub-002,0,0.041689806,0,0.197
sub-002,0,0.04431675,0,0.197
sub-002,0,0.041689806,0,0.197
sub-002,0,0.042700164,0,0.197
sub-002,0,0.043687068,0,0.197
sub-002,0,0.038239747,0,0.197
sub-002,0,0.041689806,0,0.197
sub-002,0,0.042700164,0,0.197
sub-002,0,0.041689806,0,0.197
sub-002,0,0.041689806,0,0.197
sub-002,0,0.035137117,0,0.197
sub-002,0,0.032247007,0,0.197
sub-002,0,0.04010695,0,0.197
sub-002,0,0.043687068,0,0.197
sub-002,0,0.043687068,0,0.197
sub-002,0,0.04010695,0,0.197
sub-002,0,0.04010695,0,0.197
sub-002,0,0.03164674,0,0.197
sub-002,0,0.041312966,0,0.197
sub-002,0,0.043687068,0,0.197
sub-002,0,0.043687068,0,0.197
sub-002,0,0.043687068,0,0.197
sub-002,0,0.041689806,0,0.197
sub-002,0,0.041689806,0,0.197
sub-002,0,0.012403402,0,0.197
sub-002,0,0.05437097,0,0.197
sub-002,0,0.05437097,0,0.197
sub-002,0,0.05437097,0,0.197
sub-002,0,0.05437097,0,0.197
sub-002,0,0.043687068,0,0.197
sub-002,0,0.041689806,0,0.197
sub-002,0,0.043687068,0,0.197
sub-002,0,0.043687068,0,0.197
sub-002,0,0.041689806,0,0.197
sub-002,0,0.041689806,0,0.197
sub-002,0,0.043687068,0,0.197
sub-002,0,0.038239747,0,0.197
sub-002,0,0.041689806,0,0.197
sub-002,0,0.041689806,0,0.197
sub-002,0,0.041689806,0,0.197
sub-002,0,0.042700164,0,0.197
sub-002,0,0.042700164,0,0.197
sub-002,0,0.042700164,0,0.197
sub-002,0,0.042700164,0,0.197
sub-002,0,0.042700164,0,0.197
sub-002,0,0.042700164,0,0.197
sub-002,0,0.042700164,0,0.197
sub-002,0,0.042700164,0,0.197
sub-002,0,0.042700164,0,0.197
sub-002,0,0.042700164,0,0.197
sub-002,0,0.042700164,0,0.197
sub-002,0,0.042700164,0,0.197
sub-002,0,0.042700164,0,0.197
sub-002,0,0.041689806,0,0.197
sub-002,0,0.042700164,0,0.197
sub-002,0,0.041689806,0,0.197
sub-002,0,0.043687068,0,0.197
sub-002,0,0.042700164,0,0.197
sub-002,0,0.042700164,0,0.197
sub-002,0,0.042700164,0,0.197
sub-002,0,0.04431675,0,0.197
sub-002,0,0.041689806,0,0.197
sub-002,0,0.042700164,0,0.197
sub-002,0,0.042700164,0,0.197
sub-002,0,0.042700164,0,0.197
sub-002,0,0.04245701,0,0.197
sub-002,0,0.041689806,0,0.197
sub-002,0,0.042700164,0,0.197
sub-002,0,0.042700164,0,0.197
sub-002,0,0.042700164,0,0.197
sub-002,0,0.042700164,0,0.197
sub-002,0,0.042700164,0,0.197
sub-002,0,0.042700164,0,0.197
sub-002,0,0.041689806,0,0.197
sub-002,0,0.043687068,0,0.197
sub-002,0,0.043687068,0,0.197
sub-002,0,0.043687068,0,0.197
sub-002,0,0.035137117,0,0.197
sub-002,0,0.043687068,0,0.197
sub-002,0,0.043687068,0,0.197
sub-002,0,0.038239747,0,0.197
sub-002,0,0.04010695,0,0.197
sub-002,0,0.04431675,0,0.197
sub-002,0,0.041689806,0,0.197
sub-002,0,0.043687068,0,0.197
sub-002,0,0.042700164,0,0.197
sub-002,0,0.041689806,0,0.197
sub-002,0,0.04010695,0,0.197
sub-002,0,0.041689806,0,0.197
sub-002,0,0.041689806,0,0.197
sub-002,0,0.043687068,0,0.197
sub-002,0,0.043687068,0,0.197
sub-002,0,0.043687068,0,0.197
sub-002,0,0.041689806,0,0.197
sub-002,0,0.041689806,0,0.197
sub-002,0,0.041689806,0,0.197
sub-002,0,0.042700164,0,0.197
sub-002,0,0.042700164,0,0.197
sub-002,0,0.042700164,0,0.197
sub-002,0,0.041689806,0,0.197
sub-002,0,0.043687068,0,0.197
sub-002,0,0.043687068,0,0.197
sub-002,0,0.041689806,0,0.197
sub-002,0,0.041689806,0,0.197
sub-002,0,0.041689806,0,0.197
sub-002,0,0.042700164,0,0.197
sub-002,0,0.041689806,0,0.197
sub-002,0,0.041689806,0,0.197
sub-002,0,0.041689806,0,0.197
sub-002,0,0.042700164,0,0.197
sub-002,0,0.042700164,0,0.197
sub-002,0,0.041689806,0,0.197
sub-002,0,0.041689806,0,0.197
sub-002,0,0.041689806,0,0.197
sub-002,0,0.042700164,0,0.197
sub-002,0,0.042700164,0,0.197
sub-002,0,0.041689806,0,0.197
sub-002,0,0.042700164,0,0.197
sub-002,0,0.042700164,0,0.197
sub-002,0,0.042700164,0,0.197
sub-002,0,0.042700164,0,0.197
sub-002,0,0.042700164,0,0.197
sub-002,0,0.042700164,0,0.197
sub-002,0,0.042700164,0,0.197
sub-002,0,0.042700164,0,0.197
sub-002,0,0.042700164,0,0.197
sub-002,0,0.042700164,0,0.197
sub-002,0,0.042700164,0,0.197
sub-002,0,0.041689806,0,0.197
sub-002,0,0.041689806,0,0.197
sub-002,0,0.04431675,0,0.197
sub-002,0,0.042700164,0,0.197
sub-002,0,0.042700164,0,0.197
sub-002,0,0.04431675,0,0.197
sub-002,0,0.041689806,0,0.197
sub-002,0,0.041689806,0,0.197
sub-002,0,0.043687068,0,0.197
sub-002,0,0.041689806,0,0.197
sub-002,0,0.041689806,0,0.197
sub-002,0,0.043687068,0,0.197
sub-002,0,0.041689806,0,0.197
sub-002,0,0.042700164,0,0.197
sub-002,0,0.041689806,0,0.197
sub-002,0,0.042700164,0,0.197
sub-002,0,0.042700164,0,0.197
sub-002,0,0.041689806,0,0.197
sub-002,0,0.041689806,0,0.197
sub-002,0,0.041689806,0,0.197
sub-002,0,0.042700164,0,0.197
sub-002,0,0.042700164,0,0.197
sub-002,1,0.04245701,0,0.197
sub-002,1,0.009580443,0,0.197
sub-002,1,0.0053672986,0,0.197
sub-002,1,0.0053672986,0,0.197
sub-002,1,0.0053672986,0,0.197
sub-002,1,0.008574818,0,0.197
sub-002,1,0.008574818,0,0.197
sub-002,1,0.010787534,0,0.197
sub-002,0,0.042700164,0,0.197
sub-002,0,0.042700164,0,0.197
sub-002,0,0.042700164,0,0.197
sub-002,0,0.042700164,0,0.197
sub-002,0,0.042700164,0,0.197
sub-002,0,0.042700164,0,0.197
sub-002,0,0.042700164,0,0.197
sub-002,0,0.042700164,0,0.197
sub-002,0,0.042700164,0,0.197
sub-002,0,0.042700164,0,0.197
sub-002,0,0.042700164,0,0.197
sub-002,0,0.042700164,0,0.197
sub-002,0,0.042700164,0,0.197
sub-002,0,0.042700164,0,0.197
sub-002,0,0.042700164,0,0.197
sub-002,0,0.042700164,0,0.197
sub-002,0,0.042700164,0,0.197
sub-002,0,0.08987617,0,0.197
sub-002,0,0.08987617,0,0.197
sub-002,0,0.08785198,0,0.197
sub-002,0,0.08785198,0,0.197
sub-002,0,0.08987617,0,0.197
sub-002,0,0.08987617,0,0.197
sub-002,0,0.08987617,0,0.197
sub-002,0,0.08987617,0,0.197
sub-002,0,0.08987617,0,0.197
sub-002,0,0.079538055,0,0.197
sub-002,0,0.079538055,0,0.197
sub-002,0,0.079538055,0,0.197
sub-002,0,0.079538055,0,0.197
sub-002,0,0.079538055,0,0.197
sub-002,0,0.009092291,0,0.197
sub-002,0,0.005481733,0,0.197
sub-002,0,0.079538055,0,0.197
sub-002,0,0.079538055,0,0.197
sub-002,0,0.07263207,0,0.197
sub-002,0,0.07263207,0,0.197
sub-002,0,0.009092291,0,0.197
sub-002,0,0.009092291,0,0.197
sub-002,0,0.010377305,0,0.197
sub-002,0,0.008248032,0,0.197
sub-002,0,0.008248032,0,0.197
sub-002,0,0.0812891,0,0.197
sub-002,0,0.08987617,0,0.197
sub-002,0,0.049607657,0,0.197
sub-002,0,0.0055120857,0,0.197
sub-002,0,0.0055120857,0,0.197
sub-002,0,0.0055120857,0,0.197
sub-002,0,0.02216817,0,0.197
sub-002,0,0.44044343,1,0.197
sub-002,0,0.042700164,0,0.197
sub-002,0,0.012049505,0,0.197
sub-002,0,0.012403402,0,0.197
sub-002,0,0.041689806,0,0.197
sub-002,0,0.04431675,0,0.197
sub-002,0,0.043687068,0,0.197
sub-002,0,0.041689806,0,0.197
sub-002,0,0.042700164,0,0.197
sub-002,0,0.042700164,0,0.197
sub-002,0,0.041689806,0,0.197
sub-002,0,0.041689806,0,0.197
sub-002,0,0.042700164,0,0.197
sub-002,0,0.041689806,0,0.197
sub-002,0,0.041689806,0,0.197
sub-002,0,0.041689806,0,0.197
sub-002,0,0.042700164,0,0.197
sub-002,0,0.042700164,0,0.197
sub-002,0,0.042700164,0,0.197
sub-002,0,0.042700164,0,0.197
sub-002,0,0.042700164,0,0.197
sub-002,0,0.042700164,0,0.197
sub-002,0,0.042700164,0,0.197
sub-002,0,0.042700164,0,0.197
sub-002,0,0.042700164,0,0.197
sub-002,0,0.042700164,0,0.197
sub-002,0,0.042700164,0,0.197
sub-002,0,0.042700164,0,0.197
sub-002,0,0.042700164,0,0.197
sub-002,0,0.042700164,0,0.197
sub-002,0,0.042700164,0,0.197
sub-002,0,0.042700164,0,0.197
sub-002,0,0.042700164,0,0.197
sub-002,0,0.042700164,0,0.197
sub-002,0,0.042700164,0,0.197
sub-002,0,0.042700164,0,0.197
sub-002,0,0.041542556,0,0.197
sub-002,0,0.06419301,0,0.197
sub-002,0,0.02971118,0,0.197
sub-002,0,0.02971118,0,0.197
sub-002,0,0.01887008,0,0.197
sub-002,0,0.0061047794,0,0.197
sub-002,0,0.016648365,0,0.197
sub-002,0,0.0052625844,0,0.197
sub-002,0,0.017633358,0,0.197
sub-002,0,0.00488414,0,0.197
sub-002,0,0.237834,1,0.197
sub-002,0,0.237834,1,0.197
sub-002,0,0.015855009,0,0.197
sub-002,0,0.02216817,0,0.197
sub-002,0,0.237834,1,0.197
sub-002,0,0.018980829,0,0.197
sub-002,0,0.018980829,0,0.197
sub-002,0,0.042700164,0,0.197
sub-002,0,0.042700164,0,0.197
sub-002,0,0.042700164,0,0.197
sub-002,0,0.042700164,0,0.197
sub-002,0,0.042700164,0,0.197
sub-002,0,0.042700164,0,0.197
sub-002,0,0.042700164,0,0.197
sub-002,0,0.042700164,0,0.197
sub-002,0,0.042700164,0,0.197
sub-002,0,0.018980829,0,0.197
sub-002,0,0.02971118,0,0.197
sub-002,0,0.018980829,0,0.197
sub-002,0,0.042700164,0,0.197
sub-002,0,0.042700164,0,0.197
sub-002,0,0.042700164,0,0.197
sub-002,0,0.237834,1,0.197
sub-002,0,0.2671894,1,0.197
sub-002,0,0.2671894,1,0.197
sub-002,0,0.1009923,0,0.197
sub-002,0,0.1009923,0,0.197
sub-002,0,0.237834,1,0.197
sub-002,0,0.237834,1,0.197
sub-002,0,0.1009923,0,0.197
sub-002,0,0.20417483,1,0.197
sub-002,0,0.2671894,1,0.197
sub-002,0,0.11602888,0,0.197
sub-002,0,0.1009923,0,0.197
sub-002,0,0.1009923,0,0.197
sub-002,0,0.1009923,0,0.197
sub-002,0,0.237834,1,0.197
sub-002,0,0.2671894,1,0.197
sub-002,0,0.2671894,1,0.197
sub-002,0,0.1009923,0,0.197
sub-002,0,0.1009923,0,0.197
sub-002,0,0.1009923,0,0.197
sub-002,0,0.1009923,0,0.197
sub-002,0,0.237834,1,0.197
sub-002,0,0.2671894,1,0.197
sub-002,0,0.2671894,1,0.197
sub-002,0,0.1009923,0,0.197
sub-002,0,0.087287284,0,0.197
sub-002,0,0.21931985,1,0.197
sub-002,0,0.03416769,0,0.197
sub-002,0,0.042700164,0,0.197
sub-002,0,0.042700164,0,0.197
sub-002,0,0.02216817,0,0.197
sub-002,0,0.042700164,0,0.197
sub-002,0,0.042700164,0,0.197
sub-002,0,0.042700164,0,0.197
sub-002,0,0.042700164,0,0.197
sub-002,0,0.042700164,0,0.197
sub-002,0,0.042700164,0,0.197
sub-002,0,0.042700164,0,0.197
sub-002,0,0.042700164,0,0.197
sub-002,0,0.042700164,0,0.197
sub-002,0,0.042700164,0,0.197
sub-002,0,0.042700164,0,0.197
sub-002,0,0.042700164,0,0.197
sub-002,0,0.042700164,0,0.197
sub-002,0,0.042700164,0,0.197
sub-002,0,0.03416769,0,0.197
sub-002,0,0.03416769,0,0.197
sub-002,0,0.03416769,0,0.197
sub-002,0,0.042700164,0,0.197
sub-002,0,0.042700164,0,0.197
sub-002,0,0.042700164,0,0.197
sub-002,0,0.03416769,0,0.197
sub-002,0,0.042700164,0,0.197
sub-002,0,0.042700164,0,0.197
sub-002,0,0.042700164,0,0.197
sub-002,0,0.042700164,0,0.197
sub-002,0,0.042700164,0,0.197
sub-002,0,0.042700164,0,0.197
sub-002,0,0.237834,1,0.197
sub-002,0,0.0020446728,0,0.197
sub-002,0,0.0016096261,0,0.197
sub-002,0,0.0008772818,0,0.197
sub-002,0,0.0021744766,0,0.197
sub-002,0,0.0034039111,0,0.197
sub-002,0,0.04181081,0,0.197
sub-002,0,0.035137117,0,0.197
sub-002,0,0.0069321156,0,0.197
sub-002,0,0.0055120857,0,0.197
sub-002,0,0.02216817,0,0.197
sub-002,0,0.0055120857,0,0.197
sub-002,0,0.0055120857,0,0.197
sub-002,0,0.0019532077,0,0.197
sub-002,0,0.0034039111,0,0.197
sub-002,1,0.0034039111,0,0.197
sub-002,1,0.0034039111,0,0.197
sub-002,1,0.00482659,0,0.197
sub-002,1,0.019451795,0,0.197
sub-002,1,0.019451795,0,0.197
sub-002,0,0.0034039111,0,0.197
sub-002,0,0.002979807,0,0.197
sub-002,0,0.0017095414,0,0.197
sub-002,0,0.0017095414,0,0.197
sub-002,0,0.00482659,0,0.197
sub-002,0,0.079538055,0,0.197
sub-002,0,0.08987617,0,0.197
sub-002,0,0.08987617,0,0.197
sub-002,0,0.044679098,0,0.197
sub-002,0,0.0055120857,0,0.197
sub-002,0,0.0055120857,0,0.197
sub-002,0,0.049607657,0,0.197
sub-002,0,0.0055120857,0,0.197
sub-002,0,0.0055120857,0,0.197
sub-002,0,0.00482659,0,0.197
sub-002,0,0.0055120857,0,0.197
sub-002,0,0.02216817,0,0.197
sub-002,0,0.02216817,0,0.197
sub-002,0,0.017662764,0,0.197
sub-002,0,0.017662764,0,0.197
sub-002,0,0.02216817,0,0.197
sub-002,0,0.042700164,0,0.197
sub-002,0,0.042700164,0,0.197
sub-002,0,0.042700164,0,0.197
sub-002,0,0.042700164,0,0.197
sub-002,0,0.042700164,0,0.197
sub-002,0,0.042700164,0,0.197
sub-002,0,0.03416769,0,0.197
sub-002,0,0.017662764,0,0.197
sub-002,0,0.04181081,0,0.197
sub-002,0,0.041689806,0,0.197
sub-002,0,0.041689806,0,0.197
sub-002,0,0.04245701,0,0.197
sub-002,0,0.042700164,0,0.197
sub-002,0,0.042700164,0,0.197
sub-002,0,0.042700164,0,0.197
sub-002,0,0.042700164,0,0.197
sub-002,0,0.042700164,0,0.197
sub-002,0,0.042700164,0,0.197
sub-002,0,0.042700164,0,0.197
sub-002,0,0.042700164,0,0.197
sub-002,0,0.042700164,0,0.197
sub-002,0,0.042700164,0,0.197
sub-002,0,0.042700164,0,0.197
sub-002,0,0.041689806,0,0.197
sub-002,0,0.042700164,0,0.197
sub-002,0,0.042700164,0,0.197
sub-002,0,0.041689806,0,0.197
sub-002,0,0.041689806,0,0.197
sub-002,0,0.042700164,0,0.197
sub-002,0,0.042700164,0,0.197
sub-002,0,0.041689806,0,0.197
sub-002,0,0.042700164,0,0.197
sub-002,0,0.042700164,0,0.197
sub-002,0,0.042700164,0,0.197
sub-002,0,0.041689806,0,0.197
sub-002,0,0.041689806,0,0.197
sub-002,0,0.042700164,0,0.197
sub-002,0,0.041689806,0,0.197
sub-002,0,0.041689806,0,0.197
sub-002,0,0.042700164,0,0.197
sub-002,0,0.042700164,0,0.197
sub-002,0,0.043687068,0,0.197
sub-002,0,0.041689806,0,0.197
sub-002,0,0.042700164,0,0.197
sub-002,0,0.042700164,0,0.197
sub-002,0,0.012403402,0,0.197
sub-002,0,0.013607484,0,0.197
sub-002,0,0.033352185,0,0.197
sub-002,0,0.042700164,0,0.197
sub-002,0,0.043687068,0,0.197
sub-002,0,0.04143396,0,0.197
sub-002,0,0.05437097,0,0.197
sub-002,0,0.05437097,0,0.197
sub-002,0,0.012403402,0,0.197
sub-002,0,0.043687068,0,0.197
sub-002,0,0.04010695,0,0.197
sub-002,0,0.043687068,0,0.197
sub-002,0,0.041689806,0,0.197
sub-002,0,0.042700164,0,0.197
sub-002,0,0.0055120857,0,0.197
sub-002,0,0.0034039111,0,0.197
sub-002,0,0.024082966,0,0.197
sub-002,0,0.013082046,0,0.197
sub-002,0,0.110977896,0,0.197
sub-002,0,0.110977896,0,0.197
sub-002,0,0.110977896,0,0.197
sub-002,0,0.10853514,0,0.197
sub-002,0,0.110977896,0,0.197
sub-002,0,0.110977896,0,0.197
sub-002,0,0.110977896,0,0.197
sub-002,0,0.110977896,0,0.197
sub-002,0,0.110977896,0,0.197
sub-002,0,0.110977896,0,0.197
sub-002,0,0.090085864,0,0.197
sub-002,0,0.090085864,0,0.197
sub-002,0,0.090085864,0,0.197
sub-002,0,0.090085864,0,0.197
sub-002,0,0.110390775,0,0.197
sub-002,0,0.090085864,0,0.197
sub-002,0,0.110390775,0,0.197
sub-002,0,0.090085864,0,0.197
sub-002,0,0.090085864,0,0.197
sub-002,0,0.090085864,0,0.197
sub-002,0,0.0070096543,0,0.197
sub-002,0,0.110390775,0,0.197
sub-002,0,0.03416769,0,0.197
sub-002,0,0.03416769,0,0.197
sub-002,0,0.041689806,0,0.197
sub-002,0,0.041689806,0,0.197
sub-002,0,0.041689806,0,0.197
sub-002,0,0.100597546,0,0.197
sub-002,0,0.100597546,0,0.197
sub-002,0,0.042700164,0,0.197
sub-002,0,0.042700164,0,0.197
sub-002,0,0.012049505,0,0.197
sub-002,0,0.041689806,0,0.197
sub-002,0,0.042700164,0,0.197
sub-002,0,0.04245701,0,0.197
sub-002,0,0.04245701,0,0.197
sub-002,0,0.041689806,0,0.197
sub-002,0,0.012049505,0,0.197
sub-002,0,0.110977896,0,0.197
sub-002,0,0.110977896,0,0.197
sub-002,0,0.110977896,0,0.197
sub-002,0,0.110390775,0,0.197
sub-002,0,0.110390775,0,0.197
sub-002,0,0.110390775,0,0.197
sub-002,0,0.04245701,0,0.197
sub-002,0,0.10853514,0,0.197
sub-002,0,0.110977896,0,0.197
sub-002,0,0.010787534,0,0.197
sub-002,0,0.008574818,0,0.197
sub-002,0,0.03416769,0,0.197
sub-002,0,0.03416769,0,0.197
sub-002,0,0.03416769,0,0.197
sub-002,0,0.008574818,0,0.197
sub-002,0,0.042700164,0,0.197
sub-002,0,0.042700164,0,0.197
sub-002,0,0.041689806,0,0.197
sub-002,0,0.033352185,0,0.197
sub-002,0,0.041452155,0,0.197
sub-002,0,0.041689806,0,0.197
sub-002,0,0.04245701,0,0.197
sub-002,0,0.04245701,0,0.197
sub-002,0,0.042700164,0,0.197
sub-002,0,0.042700164,0,0.197
sub-002,0,0.042700164,0,0.197
sub-002,0,0.041689806,0,0.197
sub-002,0,0.042700164,0,0.197
sub-002,0,0.042700164,0,0.197
sub-002,0,0.042700164,0,0.197
sub-002,0,0.042700164,0,0.197
sub-002,0,0.042700164,0,0.197
sub-002,0,0.042700164,0,0.197
sub-002,0,0.042700164,0,0.197
sub-002,0,0.041689806,0,0.197
sub-002,0,0.042700164,0,0.197
sub-002,0,0.042700164,0,0.197
sub-002,0,0.041689806,0,0.197
sub-002,0,0.042700164,0,0.197
sub-002,0,0.042700164,0,0.197
sub-002,0,0.042700164,0,0.197
sub-002,0,0.042700164,0,0.197
sub-002,0,0.010309001,0,0.197
sub-002,0,0.010377305,0,0.197
sub-002,0,0.010377305,0,0.197
sub-002,0,0.010377305,0,0.197
sub-002,0,0.07186073,0,0.197
sub-002,0,0.009092291,0,0.197
sub-002,0,0.009092291,0,0.197
sub-002,0,0.00482659,0,0.197
sub-002,0,0.0812891,0,0.197
sub-002,0,0.08987617,0,0.197
sub-002,0,0.00482659,0,0.197
sub-002,0,0.010377305,0,0.197
sub-002,0,0.08987617,0,0.197
sub-002,0,0.08987617,0,0.197
sub-002,0,0.010377305,0,0.197
sub-002,0,0.010377305,0,0.197
sub-002,0,0.08785198,0,0.197
sub-002,0,0.016571857,0,0.197
sub-002,0,0.026292112,0,0.197
sub-002,0,0.0055120857,0,0.197
sub-002,0,0.016698226,0,0.197
sub-002,0,0.016698226,0,0.197
sub-002,0,0.008896197,0,0.197
sub-002,0,0.008896197,0,0.197
sub-002,0,0.008896197,0,0.197
sub-002,0,0.008896197,0,0.197
sub-002,0,0.059931327,0,0.197
sub-002,0,0.062325757,0,0.197
sub-002,0,0.0356604,0,0.197
sub-002,0,0.040546656,0,0.197
sub-002,0,0.85057896,1,0.197
sub-002,0,0.7829109,1,0.197
sub-002,0,0.03673259,0,0.197
sub-002,0,0.08161592,0,0.197
sub-002,0,0.08161592,0,0.197
sub-002,0,0.99724007,1,0.197
sub-002,0,0.8771146,1,0.197
sub-002,0,0.9812447,1,0.197
sub-002,0,0.09219705,0,0.197
sub-002,0,0.06838221,0,0.197
sub-002,0,0.055012774,0,0.197
sub-002,0,0.052450426,0,0.197
sub-002,0,0.9287257,1,0.197
sub-002,0,0.7104512,1,0.197
sub-002,0,0.7104512,1,0.197
sub-002,0,0.67625344,1,0.197
sub-002,0,0.6716446,1,0.197
sub-002,0,0.9287257,1,0.197
sub-002,0,0.03177702,0,0.197
sub-002,0,0.03177702,0,0.197
sub-002,0,0.039737057,0,0.197
sub-002,0,0.042700164,0,0.197
sub-002,0,0.042700164,0,0.197
sub-002,0,0.042700164,0,0.197
sub-002,0,0.042700164,0,0.197
sub-002,0,0.042700164,0,0.197
sub-002,0,0.042700164,0,0.197
sub-002,0,0.042700164,0,0.197
sub-002,0,0.042700164,0,0.197
sub-002,0,0.042700164,0,0.197
sub-002,0,0.042700164,0,0.197
sub-002,0,0.042700164,0,0.197
sub-002,0,0.042700164,0,0.197
sub-002,0,0.042700164,0,0.197
sub-002,0,0.042700164,0,0.197
sub-002,0,0.042700164,0,0.197
sub-002,0,0.042700164,0,0.197
sub-002,0,0.042700164,0,0.197
sub-002,0,0.042700164,0,0.197
sub-002,0,0.042700164,0,0.197
sub-002,0,0.042700164,0,0.197
sub-002,0,0.042700164,0,0.197
sub-002,0,0.042700164,0,0.197
sub-002,0,0.041689806,0,0.197
sub-002,0,0.042700164,0,0.197
sub-002,0,0.042700164,0,0.197
sub-002,0,0.042700164,0,0.197
sub-002,0,0.042700164,0,0.197
sub-002,0,0.043687068,0,0.197
sub-002,0,0.012403402,0,0.197
sub-002,0,0.0037782663,0,0.197
sub-002,0,0.0026738755,0,0.197
sub-002,0,0.00726577,0,0.197
sub-002,0,0.012049505,0,0.197
sub-002,0,0.041689806,0,0.197
sub-002,0,0.041689806,0,0.197
sub-002,0,0.012049505,0,0.197
sub-002,0,0.012049505,0,0.197
sub-002,0,0.042700164,0,0.197
sub-002,0,0.012049505,0,0.197
sub-002,0,0.03416769,0,0.197
sub-002,0,0.0053672986,0,0.197
sub-002,0,0.006718043,0,0.197
sub-002,0,0.006718043,0,0.197
sub-002,0,0.04245701,0,0.197
sub-002,0,0.041689806,0,0.197
sub-002,0,0.041689806,0,0.197
sub-002,0,0.042700164,0,0.197
sub-002,0,0.041689806,0,0.197
sub-002,0,0.04431675,0,0.197
sub-002,0,0.043687068,0,0.197
sub-002,0,0.041689806,0,0.197
sub-002,0,0.042700164,0,0.197
sub-002,0,0.042700164,0,0.197
sub-002,0,0.042700164,0,0.197
sub-002,0,0.042700164,0,0.197
sub-002,0,0.042700164,0,0.197
sub-002,0,0.042700164,0,0.197
sub-002,0,0.042700164,0,0.197
sub-002,0,0.041689806,0,0.197
sub-002,0,0.041452155,0,0.197
sub-002,0,0.03416769,0,0.197
sub-002,0,0.042700164,0,0.197
sub-002,0,0.02216817,0,0.197
sub-002,0,0.0034039111,0,0.197
sub-002,1,0.004376671,0,0.197
sub-002,1,0.0049710493,0,0.197
sub-002,1,0.005127962,0,0.197
sub-002,1,0.0031668204,0,0.197
sub-002,1,0.010574943,0,0.197
sub-002,1,0.010574943,0,0.197
sub-002,1,0.004376671,0,0.197
sub-002,1,0.00482659,0,0.197
sub-002,0,0.0055120857,0,0.197
sub-002,0,0.0055120857,0,0.197
sub-002,0,0.02216817,0,0.197
sub-002,0,0.022107124,0,0.197
sub-002,0,0.022107124,0,0.197
sub-002,0,0.042700164,0,0.197
sub-002,0,0.042700164,0,0.197
sub-002,0,0.013082046,0,0.197
sub-002,0,0.013082046,0,0.197
sub-002,0,0.042700164,0,0.197
sub-002,0,0.042700164,0,0.197
sub-002,0,0.042700164,0,0.197
sub-002,0,0.010787534,0,0.197
sub-002,0,0.042700164,0,0.197
sub-002,0,0.042700164,0,0.197
sub-002,0,0.005127962,0,0.197
sub-002,0,0.005127962,0,0.197
sub-002,0,0.011515648,0,0.197
sub-002,0,0.042700164,0,0.197
sub-002,0,0.042700164,0,0.197
sub-002,0,0.042700164,0,0.197
sub-002,0,0.042700164,0,0.197
sub-002,0,0.042700164,0,0.197
sub-002,0,0.042700164,0,0.197
sub-002,0,0.042700164,0,0.197
sub-002,0,0.042700164,0,0.197
sub-002,0,0.042700164,0,0.197
sub-002,0,0.042700164,0,0.197
sub-002,0,0.038430125,0,0.197
sub-002,0,0.042700164,0,0.197
sub-002,0,0.010787534,0,0.197
sub-002,0,0.042700164,0,0.197
sub-002,0,0.042700164,0,0.197
sub-002,0,0.042700164,0,0.197
sub-002,0,0.042700164,0,0.197
sub-002,0,0.042700164,0,0.197
sub-002,0,0.042700164,0,0.197
sub-002,0,0.042700164,0,0.197
sub-002,0,0.042700164,0,0.197
sub-002,0,0.042700164,0,0.197
sub-002,0,0.042700164,0,0.197
sub-002,0,0.042700164,0,0.197
sub-002,0,0.042700164,0,0.197
sub-002,0,0.042700164,0,0.197
sub-002,0,0.041689806,0,0.197
sub-002,0,0.041689806,0,0.197
sub-002,0,0.042700164,0,0.197
sub-002,0,0.042700164,0,0.197
sub-002,0,0.042700164,0,0.197
sub-002,0,0.041689806,0,0.197
sub-002,0,0.041689806,0,0.197
sub-002,0,0.042700164,0,0.197
sub-002,0,0.042700164,0,0.197
sub-002,0,0.042700164,0,0.197
sub-002,0,0.042700164,0,0.197
sub-002,0,0.041689806,0,0.197
sub-002,0,0.041689806,0,0.197
sub-002,0,0.041689806,0,0.197
sub-002,0,0.041689806,0,0.197
sub-002,0,0.041689806,0,0.197
sub-002,0,0.041689806,0,0.197
sub-002,0,0.041689806,0,0.197
sub-002,0,0.041689806,0,0.197
sub-002,0,0.042700164,0,0.197
sub-002,0,0.042700164,0,0.197
sub-002,0,0.042700164,0,0.197
sub-002,0,0.042700164,0,0.197
sub-002,0,0.042700164,0,0.197
sub-002,0,0.042700164,0,0.197
sub-002,0,0.041689806,0,0.197
sub-002,0,0.041689806,0,0.197
sub-002,0,0.041689806,0,0.197
sub-002,0,0.041689806,0,0.197
sub-002,0,0.041689806,0,0.197
sub-002,0,0.042700164,0,0.197
sub-002,0,0.041689806,0,0.197
sub-002,0,0.041689806,0,0.197
sub-002,0,0.042700164,0,0.197
sub-002,0,0.042700164,0,0.197
sub-002,0,0.042700164,0,0.197
sub-002,0,0.041689806,0,0.197
sub-002,0,0.042700164,0,0.197
sub-002,0,0.042700164,0,0.197
sub-002,0,0.042700164,0,0.197
sub-002,0,0.042700164,0,0.197
sub-002,0,0.04431675,0,0.197
sub-002,0,0.041689806,0,0.197
sub-002,0,0.042700164,0,0.197
sub-002,0,0.042700164,0,0.197
sub-002,0,0.042700164,0,0.197
sub-002,0,0.041689806,0,0.197
sub-002,0,0.042700164,0,0.197
sub-002,0,0.041689806,0,0.197
sub-002,0,0.041689806,0,0.197
sub-002,0,0.041689806,0,0.197
sub-002,0,0.041689806,0,0.197
sub-002,0,0.042700164,0,0.197
sub-002,0,0.033352185,0,0.197
sub-002,0,0.03416769,0,0.197
sub-002,0,0.042700164,0,0.197
sub-002,0,0.042700164,0,0.197
sub-002,0,0.042700164,0,0.197
sub-002,0,0.042700164,0,0.197
sub-002,0,0.042700164,0,0.197
sub-002,0,0.042700164,0,0.197
sub-002,0,0.042700164,0,0.197
sub-002,0,0.042700164,0,0.197
sub-002,0,0.041689806,0,0.197
sub-002,0,0.041689806,0,0.197
sub-002,0,0.041689806,0,0.197
sub-002,0,0.041689806,0,0.197
sub-002,0,0.041689806,0,0.197
sub-002,0,0.042700164,0,0.197
sub-002,0,0.042700164,0,0.197
sub-002,0,0.042700164,0,0.197
sub-002,0,0.042700164,0,0.197
sub-002,0,0.042700164,0,0.197
sub-002,0,0.042700164,0,0.197
sub-002,0,0.042700164,0,0.197
sub-002,0,0.042700164,0,0.197
sub-002,0,0.041689806,0,0.197
sub-002,0,0.041689806,0,0.197
sub-002,0,0.041689806,0,0.197
sub-002,0,0.041689806,0,0.197
sub-002,0,0.035137117,0,0.197
sub-002,0,0.030865055,0,0.197
sub-002,0,0.041689806,0,0.197
sub-002,0,0.042700164,0,0.197
sub-002,0,0.042700164,0,0.197
sub-002,0,0.03416769,0,0.197
sub-002,0,0.03416769,0,0.197
sub-002,0,0.03416769,0,0.197
sub-002,0,0.03416769,0,0.197
sub-002,0,0.03416769,0,0.197
sub-002,0,0.03416769,0,0.197
sub-002,0,0.042700164,0,0.197
sub-002,0,0.042700164,0,0.197
sub-002,0,0.041689806,0,0.197
sub-002,0,0.041689806,0,0.197
sub-002,0,0.043687068,0,0.197
sub-002,0,0.041689806,0,0.197
sub-002,0,0.041689806,0,0.197
sub-002,0,0.041689806,0,0.197
sub-002,0,0.04010695,0,0.197
sub-002,0,0.04010695,0,0.197
sub-002,0,0.042700164,0,0.197
sub-002,0,0.042700164,0,0.197
sub-002,0,0.042700164,0,0.197
sub-002,0,0.010787534,0,0.197
sub-002,0,0.013082046,0,0.197
sub-002,0,0.013082046,0,0.197
sub-002,0,0.042700164,0,0.197
sub-002,0,0.013082046,0,0.197
sub-002,0,0.009092291,0,0.197
sub-002,0,0.009092291,0,0.197
sub-002,0,0.010377305,0,0.197
sub-002,0,0.0054432335,0,0.197
sub-002,0,0.0034039111,0,0.197
sub-002,0,0.0055120857,0,0.197
sub-002,0,0.0055120857,0,0.197
sub-002,0,0.010377305,0,0.197
sub-002,0,0.009092291,0,0.197
sub-002,0,0.009092291,0,0.197
sub-002,0,0.08987617,0,0.197
sub-002,0,0.08987617,0,0.197
sub-002,0,0.08987617,0,0.197
sub-002,0,0.010377305,0,0.197
sub-002,0,0.08785198,0,0.197
sub-002,0,0.08785198,0,0.197
sub-002,0,0.08785198,0,0.197
sub-002,0,0.08785198,0,0.197
sub-002,0,0.08785198,0,0.197
sub-002,0,0.010377305,0,0.197
sub-002,0,0.08987617,0,0.197
sub-002,0,0.08785198,0,0.197
sub-002,0,0.08785198,0,0.197
sub-002,0,0.08987617,0,0.197
sub-002,0,0.08987617,0,0.197
sub-002,0,0.08987617,0,0.197
sub-002,0,0.08987617,0,0.197
sub-002,0,0.08987617,0,0.197
sub-002,0,0.08785198,0,0.197
sub-002,0,0.08785198,0,0.197
sub-002,0,0.08785198,0,0.197
sub-002,0,0.08987617,0,0.197
sub-002,0,0.08987617,0,0.197
sub-002,0,0.09184878,0,0.197
sub-002,0,0.09184878,0,0.197
sub-002,0,0.08785198,0,0.197
sub-002,0,0.08987617,0,0.197
sub-002,0,0.08987617,0,0.197
sub-002,0,0.08987617,0,0.197
sub-002,0,0.08987617,0,0.197
sub-002,0,0.08987617,0,0.197
sub-002,0,0.08785198,0,0.197
sub-002,0,0.08785198,0,0.197
sub-002,0,0.08785198,0,0.197
sub-002,0,0.019147884,0,0.197
sub-002,0,0.08785198,0,0.197
sub-002,0,0.08785198,0,0.197
sub-002,0,0.08785198,0,0.197
sub-002,0,0.08987617,0,0.197
sub-002,0,0.08987617,0,0.197
sub-002,0,0.08987617,0,0.197
sub-002,0,0.08987617,0,0.197
sub-002,0,0.08987617,0,0.197
sub-002,0,0.08987617,0,0.197
sub-002,0,0.08987617,0,0.197
sub-002,0,0.08987617,0,0.197
sub-002,0,0.07944142,0,0.197
sub-002,0,0.019147884,0,0.197
sub-002,0,0.09545778,0,0.197
sub-002,0,0.09184878,0,0.197
sub-002,0,0.08987617,0,0.197
sub-002,0,0.08987617,0,0.197
sub-002,0,0.079538055,0,0.197
sub-002,0,0.009092291,0,0.197
sub-002,0,0.009092291,0,0.197
sub-002,0,0.010377305,0,0.197
sub-002,0,0.010377305,0,0.197
sub-002,0,0.010377305,0,0.197
sub-002,0,0.08987617,0,0.197
sub-002,0,0.08987617,0,0.197
sub-002,0,0.08987617,0,0.197
sub-002,0,0.0812891,0,0.197
sub-002,0,0.026292112,0,0.197
sub-002,0,0.010377305,0,0.197
sub-002,0,0.009092291,0,0.197
sub-002,0,0.009092291,0,0.197
sub-002,0,0.010377305,0,0.197
sub-002,0,0.010377305,0,0.197
sub-002,0,0.019147884,0,0.197
sub-002,0,0.010377305,0,0.197
sub-002,0,0.010377305,0,0.197
sub-002,0,0.013082046,0,0.197
sub-002,0,0.0034039111,0,0.197
sub-002,0,0.012049505,0,0.197
sub-002,0,0.042700164,0,0.197
sub-002,0,0.042700164,0,0.197
sub-002,0,0.041689806,0,0.197
sub-002,0,0.041689806,0,0.197
sub-002,0,0.041689806,0,0.197
sub-002,0,0.041689806,0,0.197
sub-002,0,0.042700164,0,0.197
sub-002,0,0.042700164,0,0.197
sub-002,0,0.041689806,0,0.197
sub-002,0,0.041689806,0,0.197
sub-002,0,0.04431675,0,0.197
sub-002,0,0.041689806,0,0.197
sub-002,0,0.042700164,0,0.197
sub-002,0,0.042700164,0,0.197
sub-002,0,0.041689806,0,0.197
sub-002,0,0.042700164,0,0.197
sub-002,0,0.041689806,0,0.197
sub-002,0,0.042700164,0,0.197
sub-002,0,0.042700164,0,0.197
sub-002,0,0.042700164,0,0.197
sub-002,0,0.041689806,0,0.197
sub-002,0,0.020753339,0,0.197
sub-002,0,0.041689806,0,0.197
sub-002,0,0.042700164,0,0.197
sub-002,0,0.042700164,0,0.197
sub-002,0,0.042700164,0,0.197
sub-002,0,0.041689806,0,0.197
sub-002,0,0.041689806,0,0.197
sub-002,0,0.041689806,0,0.197
sub-002,0,0.042700164,0,0.197
sub-002,0,0.041689806,0,0.197
sub-002,0,0.03164674,0,0.197
sub-002,0,0.04143396,0,0.197
sub-002,0,0.05437097,0,0.197
sub-002,0,0.043687068,0,0.197
sub-002,0,0.012403402,0,0.197
sub-002,0,0.04431675,0,0.197
sub-002,0,0.041689806,0,0.197
sub-002,0,0.042700164,0,0.197
sub-002,0,0.041689806,0,0.197
sub-002,0,0.04431675,0,0.197
sub-002,0,0.043687068,0,0.197
sub-002,0,0.038239747,0,0.197
sub-002,0,0.013607484,0,0.197
sub-002,0,0.012049505,0,0.197
sub-002,0,0.041689806,0,0.197
sub-002,0,0.05437097,0,0.197
sub-002,0,0.05437097,0,0.197
sub-002,0,0.043687068,0,0.197
sub-002,0,0.043323476,0,0.197
sub-002,0,0.05437097,0,0.197
sub-002,0,0.041689806,0,0.197
sub-002,0,0.041689806,0,0.197
sub-002,0,0.043687068,0,0.197
sub-002,0,0.013607484,0,0.197
sub-002,0,0.042700164,0,0.197
sub-002,0,0.042700164,0,0.197
sub-002,0,0.041689806,0,0.197
sub-002,0,0.042700164,0,0.197
sub-002,0,0.042700164,0,0.197
sub-002,0,0.041689806,0,0.197
sub-002,0,0.041689806,0,0.197
sub-002,0,0.041689806,0,0.197
sub-002,0,0.041689806,0,0.197
sub-002,0,0.012049505,0,0.197
sub-002,0,0.043687068,0,0.197
sub-002,0,0.042700164,0,0.197
sub-002,0,0.042700164,0,0.197
sub-002,0,0.042700164,0,0.197
sub-002,0,0.041689806,0,0.197
sub-002,0,0.042700164,0,0.197
sub-002,0,0.041689806,0,0.197
sub-002,0,0.042700164,0,0.197
sub-002,0,0.042700164,0,0.197
sub-002,0,0.041689806,0,0.197
sub-002,0,0.043687068,0,0.197
sub-002,0,0.042700164,0,0.197
sub-002,0,0.042700164,0,0.197
sub-002,0,0.042700164,0,0.197
sub-002,0,0.042700164,0,0.197
sub-002,0,0.041689806,0,0.197
sub-002,0,0.04431675,0,0.197
sub-002,0,0.041689806,0,0.197
sub-002,0,0.042700164,0,0.197
sub-002,0,0.041689806,0,0.197
sub-002,0,0.05437097,0,0.197
sub-002,0,0.041312966,0,0.197
sub-002,0,0.041312966,0,0.197
sub-002,0,0.035864998,0,0.197
sub-002,0,0.043687068,0,0.197
sub-002,0,0.043687068,0,0.197
sub-002,0,0.05437097,0,0.197
sub-002,0,0.035137117,0,0.197
sub-002,0,0.035137117,0,0.197
sub-002,0,0.042700164,0,0.197
sub-002,0,0.042700164,0,0.197
sub-002,0,0.035137117,0,0.197
sub-002,0,0.035137117,0,0.197
sub-002,0,0.042700164,0,0.197
sub-002,0,0.042700164,0,0.197
sub-002,0,0.039737057,0,0.197
sub-002,0,0.039737057,0,0.197
sub-002,0,0.039737057,0,0.197
sub-002,0,0.020753339,0,0.197
sub-002,0,0.041689806,0,0.197
sub-002,0,0.042700164,0,0.197
sub-002,0,0.041689806,0,0.197
sub-002,0,0.020753339,0,0.197
sub-002,0,0.043687068,0,0.197
sub-002,0,0.043687068,0,0.197
sub-002,0,0.043687068,0,0.197
sub-002,0,0.04035935,0,0.197
sub-002,0,0.012403402,0,0.197
sub-002,0,0.035864998,0,0.197
sub-002,0,0.015668582,0,0.197
sub-002,0,0.030865055,0,0.197
sub-002,0,0.035137117,0,0.197
sub-002,0,0.043036792,0,0.197
sub-002,0,0.026783241,0,0.197
sub-002,0,0.035137117,0,0.197
sub-002,0,0.043687068,0,0.197
sub-002,0,0.030865055,0,0.197
sub-002,0,0.030454611,0,0.197
sub-002,0,0.04010695,0,0.197
sub-002,0,0.043687068,0,0.197
sub-002,0,0.043687068,0,0.197
sub-002,0,0.04010695,0,0.197
sub-002,0,0.041689806,0,0.197
sub-002,0,0.041689806,0,0.197
sub-002,0,0.041985966,0,0.197
sub-002,0,0.0059065423,0,0.197
sub-002,0,0.012049505,0,0.197
sub-002,0,0.010787534,0,0.197
sub-002,0,0.011465986,0,0.197
sub-002,0,0.004766259,0,0.197
sub-002,0,0.0054432335,0,0.197
sub-002,0,0.0054432335,0,0.197
sub-002,0,0.0029006356,0,0.197
sub-002,0,0.009092291,0,0.197
sub-002,0,0.009092291,0,0.197
sub-002,0,0.0054432335,0,0.197
sub-002,0,0.003313509,0,0.197
sub-002,0,0.027052857,0,0.197
sub-002,0,0.010377305,0,0.197
sub-002,0,0.010377305,0,0.197
sub-002,0,0.010377305,0,0.197
sub-002,0,0.010377305,0,0.197
sub-002,0,0.010377305,0,0.197
sub-002,0,0.010377305,0,0.197
sub-002,0,0.010377305,0,0.197
sub-002,0,0.010377305,0,0.197
sub-002,0,0.07186073,0,0.197
sub-002,0,0.08987617,0,0.197
sub-002,0,0.010377305,0,0.197
sub-002,0,0.0054432335,0,0.197
sub-002,0,0.0016203853,0,0.197
sub-002,0,0.0024215255,0,0.197
sub-002,0,0.0021195596,0,0.197
sub-002,0,0.0019532077,0,0.197
sub-002,0,0.010309001,0,0.197
sub-002,0,0.010377305,0,0.197
sub-002,0,0.0055120857,0,0.197
sub-002,0,0.00482659,0,0.197
sub-002,0,0.042700164,0,0.197
sub-002,0,0.041689806,0,0.197
sub-002,0,0.0028589608,0,0.197
sub-002,0,0.012049505,0,0.197
sub-002,0,0.042700164,0,0.197
sub-002,0,0.041689806,0,0.197
sub-002,0,0.012049505,0,0.197
sub-002,0,0.042700164,0,0.197
sub-002,0,0.042700164,0,0.197
sub-002,0,0.042700164,0,0.197
sub-002,0,0.035137117,0,0.197
sub-002,0,0.043687068,0,0.197
sub-002,0,0.05437097,0,0.197
sub-002,0,0.05437097,0,0.197
sub-002,0,0.035137117,0,0.197
sub-002,0,0.04010695,0,0.197
sub-002,0,0.043687068,0,0.197
sub-002,0,0.020753339,0,0.197
sub-002,0,0.041689806,0,0.197
sub-002,0,0.042700164,0,0.197
sub-002,0,0.041689806,0,0.197
sub-002,0,0.035137117,0,0.197
sub-002,0,0.030865055,0,0.197
sub-002,0,0.043687068,0,0.197
sub-002,0,0.012049505,0,0.197
sub-002,0,0.041689806,0,0.197
sub-002,0,0.03164674,0,0.197
sub-002,0,0.04010695,0,0.197
sub-002,0,0.043687068,0,0.197
sub-002,0,0.04010695,0,0.197
sub-002,0,0.04010695,0,0.197
sub-002,0,0.041689806,0,0.197
sub-002,0,0.042700164,0,0.197
sub-002,0,0.042700164,0,0.197
sub-002,0,0.041689806,0,0.197
sub-002,0,0.042700164,0,0.197
sub-002,0,0.042700164,0,0.197
sub-002,0,0.042700164,0,0.197
sub-002,0,0.042700164,0,0.197
sub-002,0,0.042700164,0,0.197
sub-002,0,0.042700164,0,0.197
sub-002,0,0.041689806,0,0.197
sub-002,0,0.041689806,0,0.197
sub-002,0,0.038239747,0,0.197
sub-002,0,0.020375904,0,0.197
sub-002,0,0.030865055,0,0.197
sub-002,0,0.017921213,0,0.197
sub-002,0,0.013575418,0,0.197
sub-002,0,0.020375904,0,0.197
sub-002,0,0.030454611,0,0.197
sub-002,0,0.041312966,0,0.197
sub-002,0,0.043687068,0,0.197
sub-002,0,0.032247007,0,0.197
sub-002,0,0.013575418,0,0.197
sub-002,0,0.017921213,0,0.197
sub-002,0,0.030865055,0,0.197
sub-002,0,0.030865055,0,0.197
sub-002,0,0.032247007,0,0.197
sub-002,0,0.030865055,0,0.197
sub-002,0,0.035137117,0,0.197
sub-002,0,0.035137117,0,0.197
sub-002,0,0.039182313,0,0.197
sub-002,0,0.04431675,0,0.197
sub-002,0,0.041689806,0,0.197
sub-002,0,0.043687068,0,0.197
sub-002,0,0.035137117,0,0.197
sub-002,0,0.043687068,0,0.197
sub-002,0,0.043687068,0,0.197
sub-002,0,0.038239747,0,0.197
sub-002,0,0.035137117,0,0.197
sub-002,0,0.038239747,0,0.197
sub-002,0,0.04010695,0,0.197
sub-002,0,0.030865055,0,0.197
sub-002,0,0.030865055,0,0.197
sub-002,0,0.04010695,0,0.197
sub-002,0,0.032680918,0,0.197
sub-002,0,0.043687068,0,0.197
sub-002,0,0.043687068,0,0.197
sub-002,0,0.043687068,0,0.197
sub-002,0,0.035137117,0,0.197
sub-002,0,0.03164674,0,0.197
sub-002,0,0.03164674,0,0.197
sub-002,0,0.04010695,0,0.197
sub-002,0,0.038239747,0,0.197
sub-002,0,0.043687068,0,0.197
sub-002,0,0.038239747,0,0.197
sub-002,0,0.04010695,0,0.197
sub-002,0,0.032247007,0,0.197
sub-002,0,0.03164674,0,0.197
sub-002,0,0.043687068,0,0.197
sub-002,0,0.04010695,0,0.197
sub-002,0,0.04010695,0,0.197
sub-002,0,0.039182313,0,0.197
sub-002,0,0.04010695,0,0.197
sub-002,0,0.035137117,0,0.197
sub-002,0,0.026487542,0,0.197
sub-002,0,0.030865055,0,0.197
sub-002,0,0.03164674,0,0.197
sub-002,0,0.032247007,0,0.197
sub-002,0,0.030865055,0,0.197
sub-002,0,0.04010695,0,0.197
sub-002,0,0.04010695,0,0.197
sub-002,0,0.030454611,0,0.197
sub-002,0,0.030865055,0,0.197
sub-002,0,0.030865055,0,0.197
sub-002,0,0.030865055,0,0.197
sub-002,0,0.030865055,0,0.197
sub-002,0,0.030865055,0,0.197
sub-002,0,0.032247007,0,0.197
sub-002,0,0.04010695,0,0.197
sub-002,0,0.043687068,0,0.197
sub-002,0,0.04010695,0,0.197
sub-002,0,0.038239747,0,0.197
sub-002,0,0.04010695,0,0.197
sub-002,0,0.032247007,0,0.197
sub-002,0,0.032247007,0,0.197
sub-002,0,0.017921213,0,0.197
sub-002,0,0.017921213,0,0.197
sub-002,0,0.017921213,0,0.197
sub-002,0,0.017921213,0,0.197
sub-002,0,0.017921213,0,0.197
sub-002,0,0.030865055,0,0.197
sub-002,0,0.032247007,0,0.197
sub-002,0,0.017921213,0,0.197
sub-002,0,0.032247007,0,0.197
sub-002,0,0.015668582,0,0.197
sub-002,0,0.020375904,0,0.197
sub-002,0,0.030865055,0,0.197
sub-002,0,0.04010695,0,0.197
sub-002,0,0.035473213,0,0.197
sub-002,0,0.041689806,0,0.197
sub-002,0,0.041689806,0,0.197
sub-002,0,0.041689806,0,0.197
sub-002,0,0.043687068,0,0.197
sub-002,0,0.04010695,0,0.197
sub-002,0,0.032247007,0,0.197
sub-002,0,0.04010695,0,0.197
sub-002,0,0.043687068,0,0.197
sub-002,0,0.012049505,0,0.197
sub-002,0,0.012403402,0,0.197
sub-002,0,0.017921213,0,0.197
sub-002,0,0.034856062,0,0.197
sub-002,0,0.05437097,0,0.197
sub-002,0,0.035864998,0,0.197
sub-002,0,0.04035935,0,0.197
sub-002,0,0.04010695,0,0.197
sub-002,0,0.041689806,0,0.197
sub-002,0,0.041689806,0,0.197
sub-002,0,0.04431675,0,0.197
sub-002,0,0.041689806,0,0.197
sub-002,0,0.041689806,0,0.197
sub-002,0,0.041689806,0,0.197
sub-002,0,0.042700164,0,0.197
sub-002,0,0.0035086912,0,0.197
sub-002,0,0.017921213,0,0.197
sub-002,0,0.04010695,0,0.197
sub-002,0,0.04010695,0,0.197
sub-002,0,0.032247007,0,0.197
sub-002,0,0.04010695,0,0.197
sub-002,0,0.043687068,0,0.197
sub-002,0,0.030865055,0,0.197
sub-002,0,0.017921213,0,0.197
sub-002,0,0.015668582,0,0.197
sub-002,0,0.032247007,0,0.197
sub-002,0,0.030865055,0,0.197
sub-002,0,0.032247007,0,0.197
sub-002,0,0.013575418,0,0.197
sub-002,0,0.013575418,0,0.197
sub-002,0,0.017921213,0,0.197
sub-002,0,0.013575418,0,0.197
sub-002,0,0.026487542,0,0.197
sub-002,0,0.020375904,0,0.197
sub-002,0,0.015668582,0,0.197
sub-002,0,0.015668582,0,0.197
sub-002,0,0.0086071985,0,0.197
sub-002,0,0.011737568,0,0.197
sub-002,0,0.0086071985,0,0.197
sub-002,0,0.007969244,0,0.197
sub-002,0,0.0086071985,0,0.197
sub-002,0,0.0086071985,0,0.197
sub-002,0,0.013575418,0,0.197
sub-002,0,0.015668582,0,0.197
sub-002,0,0.015668582,0,0.197
sub-002,0,0.020375904,0,0.197
sub-002,0,0.015668582,0,0.197
sub-002,0,0.011737568,0,0.197
sub-002,0,0.007969244,0,0.197
sub-002,0,0.007969244,0,0.197
sub-002,0,0.007969244,0,0.197
sub-002,0,0.0086071985,0,0.197
sub-002,0,0.011737568,0,0.197
sub-002,0,0.016412076,0,0.197
sub-002,0,0.007969244,0,0.197
sub-002,0,0.007969244,0,0.197
sub-002,0,0.0086071985,0,0.197
sub-002,0,0.017921213,0,0.197
sub-002,0,0.011737568,0,0.197
sub-002,0,0.007969244,0,0.197
sub-002,0,0.011737568,0,0.197
sub-002,0,0.015668582,0,0.197
sub-002,0,0.015668582,0,0.197
sub-002,0,0.011737568,0,0.197
sub-002,0,0.013575418,0,0.197
sub-002,0,0.015668582,0,0.197
sub-002,0,0.013575418,0,0.197
sub-002,0,0.013575418,0,0.197
sub-002,0,0.017921213,0,0.197
sub-002,0,0.017921213,0,0.197
sub-002,0,0.017921213,0,0.197
sub-002,0,0.032247007,0,0.197
sub-002,0,0.030865055,0,0.197
sub-002,0,0.030454611,0,0.197
sub-002,0,0.039182313,0,0.197
sub-002,0,0.035137117,0,0.197
sub-002,0,0.043687068,0,0.197
sub-002,0,0.039182313,0,0.197
sub-002,0,0.030865055,0,0.197
sub-002,0,0.030865055,0,0.197
sub-002,0,0.030865055,0,0.197
sub-002,0,0.03164674,0,0.197
sub-002,0,0.030865055,0,0.197
sub-002,0,0.04010695,0,0.197
sub-002,0,0.04010695,0,0.197
sub-002,0,0.04010695,0,0.197
sub-002,0,0.035137117,0,0.197
sub-002,0,0.030865055,0,0.197
sub-002,0,0.04010695,0,0.197
sub-002,0,0.04010695,0,0.197
sub-002,0,0.030865055,0,0.197
sub-002,0,0.04010695,0,0.197
sub-002,0,0.043687068,0,0.197
sub-002,0,0.04065838,0,0.197
sub-002,0,0.03557466,0,0.197
sub-002,0,0.03557466,0,0.197
sub-002,0,0.9014104,1,0.197
sub-002,0,0.032247007,0,0.197
sub-002,0,0.030865055,0,0.197
sub-002,0,0.04010695,0,0.197
sub-002,0,0.04010695,0,0.197
sub-002,0,0.026487542,0,0.197
sub-002,0,0.032247007,0,0.197
sub-002,0,0.030865055,0,0.197
sub-002,0,0.017921213,0,0.197
sub-002,0,0.030454611,0,0.197
sub-002,0,0.04010695,0,0.197
sub-002,0,0.04010695,0,0.197
sub-002,0,0.030865055,0,0.197
sub-002,0,0.032247007,0,0.197
sub-002,0,0.04010695,0,0.197
sub-002,0,0.032247007,0,0.197
sub-002,0,0.017921213,0,0.197
sub-002,0,0.017921213,0,0.197
sub-002,0,0.032247007,0,0.197
sub-002,0,0.017921213,0,0.197
sub-002,0,0.011737568,0,0.197
sub-002,0,0.013575418,0,0.197
sub-002,0,0.011737568,0,0.197
sub-002,0,0.010852328,0,0.197
sub-002,0,0.013575418,0,0.197
sub-002,0,0.017921213,0,0.197
sub-002,0,0.03164674,0,0.197
sub-002,0,0.043687068,0,0.197
sub-002,0,0.04010695,0,0.197
sub-002,0,0.017921213,0,0.197
sub-002,0,0.032247007,0,0.197
sub-002,0,0.032247007,0,0.197
sub-002,0,0.030865055,0,0.197
sub-002,0,0.01812719,0,0.197
sub-002,0,0.01812719,0,0.197
sub-002,0,0.043687068,0,0.197
sub-002,0,0.043687068,0,0.197
sub-002,0,0.03164674,0,0.197
sub-002,0,0.04010695,0,0.197
sub-002,0,0.043687068,0,0.197
sub-002,0,0.041689806,0,0.197
sub-002,0,0.035137117,0,0.197
sub-002,0,0.04010695,0,0.197
sub-002,0,0.041689806,0,0.197
sub-002,0,0.03416769,0,0.197
sub-002,0,0.009580443,0,0.197
sub-002,0,0.026487542,0,0.197
sub-002,0,0.030865055,0,0.197
sub-002,0,0.03164674,0,0.197
sub-002,0,0.03164674,0,0.197
sub-002,0,0.020375904,0,0.197
sub-002,0,0.032247007,0,0.197
sub-002,0,0.04010695,0,0.197
sub-002,0,0.04010695,0,0.197
sub-002,0,0.04010695,0,0.197
sub-002,0,0.04010695,0,0.197
sub-002,0,0.043687068,0,0.197
sub-002,0,0.041689806,0,0.197
sub-002,0,0.04431675,0,0.197
sub-002,0,0.038239747,0,0.197
sub-002,0,0.043687068,0,0.197
sub-002,0,0.041689806,0,0.197
sub-002,0,0.043687068,0,0.197
sub-002,0,0.043687068,0,0.197
sub-002,0,0.041689806,0,0.197
sub-002,0,0.043687068,0,0.197
sub-002,0,0.043687068,0,0.197
sub-002,0,0.041689806,0,0.197
sub-002,0,0.035137117,0,0.197
sub-002,0,0.04010695,0,0.197
sub-002,0,0.030865055,0,0.197
sub-002,0,0.038239747,0,0.197
sub-002,0,0.90175843,1,0.197
sub-002,0,0.90175843,1,0.197
sub-002,0,0.043687068,0,0.197
sub-002,0,0.043687068,0,0.197
sub-002,0,0.03416769,0,0.197
sub-002,0,0.033352185,0,0.197
sub-002,0,0.035137117,0,0.197
sub-002,0,0.041689806,0,0.197
sub-002,0,0.043687068,0,0.197
sub-002,0,0.04010695,0,0.197
sub-002,0,0.035137117,0,0.197
sub-002,0,0.043687068,0,0.197
sub-002,0,0.041689806,0,0.197
sub-002,0,0.043687068,0,0.197
sub-002,0,0.043687068,0,0.197
sub-002,0,0.043687068,0,0.197
sub-002,0,0.035137117,0,0.197
sub-002,0,0.043687068,0,0.197
sub-002,0,0.041689806,0,0.197
sub-002,0,0.043687068,0,0.197
sub-002,0,0.038239747,0,0.197
sub-002,0,0.043687068,0,0.197
sub-002,0,0.043687068,0,0.197
sub-002,0,0.041689806,0,0.197
sub-002,0,0.04431675,0,0.197
sub-002,0,0.035137117,0,0.197
sub-002,0,0.043687068,0,0.197
sub-002,0,0.04010695,0,0.197
sub-002,0,0.043687068,0,0.197
sub-002,0,0.04431675,0,0.197
sub-002,0,0.041689806,0,0.197
sub-002,0,0.041689806,0,0.197
sub-002,0,0.041689806,0,0.197
sub-002,0,0.041689806,0,0.197
sub-002,0,0.041689806,0,0.197
sub-002,0,0.04010695,0,0.197
sub-002,0,0.04010695,0,0.197
sub-002,0,0.043687068,0,0.197
sub-002,0,0.0053672986,0,0.197
sub-002,0,0.011065682,0,0.197
sub-002,0,0.08837492,0,0.197
sub-002,0,0.08837492,0,0.197
sub-002,0,0.99413955,1,0.197
sub-002,0,0.090085864,0,0.197
sub-002,0,0.05730689,0,0.197
sub-002,0,0.0704806,0,0.197
sub-002,0,0.08837492,0,0.197
sub-002,0,0.05730689,0,0.197
sub-002,0,0.026487542,0,0.197
sub-002,0,0.026487542,0,0.197
sub-002,0,0.08837492,0,0.197
sub-002,0,0.16497335,0,0.197
sub-002,0,0.015668582,0,0.197
sub-002,0,0.08837492,0,0.197
sub-002,0,0.08837492,0,0.197
sub-002,0,0.14583145,0,0.197
sub-002,0,0.18389006,0,0.197
sub-002,0,0.9978447,1,0.197
sub-002,0,0.96937615,1,0.197
sub-002,0,0.015668582,0,0.197
sub-002,0,0.007969244,0,0.197
sub-002,0,0.007903719,0,0.197
sub-002,0,0.007969244,0,0.197
sub-002,0,0.007969244,0,0.197
sub-002,0,0.011737568,0,0.197
sub-002,0,0.073200814,0,0.197
sub-002,0,0.007969244,0,0.197
sub-002,0,0.010852328,0,0.197
sub-002,0,0.0086071985,0,0.197
sub-002,0,0.007969244,0,0.197
sub-002,0,0.007969244,0,0.197
sub-002,0,0.0086071985,0,0.197
sub-002,0,0.007969244,0,0.197
sub-002,0,0.0086071985,0,0.197
sub-002,0,0.011737568,0,0.197
sub-002,0,0.0086071985,0,0.197
sub-002,0,0.011737568,0,0.197
sub-002,0,0.010852328,0,0.197
sub-002,0,0.007969244,0,0.197
sub-002,0,0.011737568,0,0.197
sub-002,0,0.059235718,0,0.197
sub-002,0,0.011737568,0,0.197
sub-002,0,0.0086071985,0,0.197
sub-002,0,0.007969244,0,0.197
sub-002,0,0.007969244,0,0.197
sub-002,0,0.015668582,0,0.197
sub-002,0,0.9629973,1,0.197
sub-002,0,0.083707355,0,0.197
sub-002,0,0.017921213,0,0.197
sub-002,0,0.013575418,0,0.197
sub-002,0,0.011737568,0,0.197
sub-002,0,0.015668582,0,0.197
sub-002,0,0.9556075,1,0.197
sub-002,0,0.017921213,0,0.197
sub-002,0,0.011737568,0,0.197
sub-002,0,0.015668582,0,0.197
sub-002,0,0.063813046,0,0.197
sub-002,0,0.09183021,0,0.197
sub-002,0,0.020375904,0,0.197
sub-002,0,0.017921213,0,0.197
sub-002,0,0.015668582,0,0.197
sub-002,0,0.015668582,0,0.197
sub-002,0,0.48353818,1,0.197
sub-002,0,0.128473,0,0.197
sub-002,0,0.059235718,0,0.197
sub-002,0,0.9419543,1,0.197
sub-002,0,0.11770047,0,0.197
sub-002,0,0.036089938,0,0.197
sub-002,0,0.96141917,1,0.197
sub-002,0,0.9916631,1,0.197
sub-002,0,0.9972978,1,0.197
sub-002,0,0.1913396,0,0.197
sub-002,0,0.009757878,0,0.197
sub-002,0,0.98428357,1,0.197
sub-002,0,0.96937615,1,0.197
sub-002,0,0.113355964,0,0.197
sub-002,0,0.08890293,0,0.197
sub-002,0,0.02782601,0,0.197
sub-002,0,0.0704806,0,0.197
sub-002,0,0.032247007,0,0.197
sub-002,0,0.032247007,0,0.197
sub-002,0,0.077196114,0,0.197
sub-002,0,0.10853514,0,0.197
sub-002,0,0.10853514,0,0.197
sub-002,0,0.0087226415,0,0.197
sub-002,0,0.094483696,0,0.197
sub-002,0,0.113355964,0,0.197
sub-002,0,0.1913396,0,0.197
sub-002,0,0.1913396,0,0.197
sub-002,0,0.113355964,0,0.197
sub-002,0,0.113355964,0,0.197
sub-002,0,0.09089491,0,0.197
sub-002,0,0.08837492,0,0.197
sub-002,0,0.11486924,0,0.197
sub-002,0,0.10853514,0,0.197
sub-002,0,0.10853514,0,0.197
sub-002,0,0.10853514,0,0.197
sub-002,0,0.18389006,0,0.197
sub-002,0,0.113355964,0,0.197
sub-002,0,0.08445828,0,0.197
sub-002,0,0.10644516,0,0.197
sub-002,0,0.1586878,0,0.197
sub-002,0,0.1913396,0,0.197
sub-002,0,0.113355964,0,0.197
sub-002,0,0.08837492,0,0.197
sub-002,0,0.10644516,0,0.197
sub-002,0,0.08445828,0,0.197
sub-002,0,0.08837492,0,0.197
sub-002,0,0.9957281,1,0.197
sub-002,0,0.017921213,0,0.197
sub-002,0,0.017921213,0,0.197
sub-002,0,0.045924835,0,0.197
sub-002,0,0.4666604,1,0.197
sub-002,0,0.017921213,0,0.197
sub-002,0,0.6542499,1,0.197
sub-002,0,0.9871475,1,0.197
sub-002,0,0.93657154,1,0.197
sub-002,0,0.4010611,1,0.197
sub-002,0,0.032247007,0,0.197
sub-002,0,0.93657154,1,0.197
sub-002,0,0.020375904,0,0.197
sub-002,0,0.017921213,0,0.197
sub-002,0,0.015668582,0,0.197
sub-002,0,0.08837492,0,0.197
sub-002,0,0.05730689,0,0.197
sub-002,0,0.96937615,1,0.197
sub-002,0,0.032247007,0,0.197
sub-002,0,0.015668582,0,0.197
sub-002,0,0.013575418,0,0.197
sub-002,0,0.43427578,1,0.197
sub-002,0,0.9916631,1,0.197
sub-002,0,0.07755147,0,0.197
sub-002,0,0.017921213,0,0.197
sub-002,0,0.013575418,0,0.197
sub-002,0,0.08837492,0,0.197
sub-002,0,0.09248989,0,0.197
sub-002,0,0.05730689,0,0.197
sub-002,0,0.017921213,0,0.197
sub-002,0,0.026487542,0,0.197
sub-002,0,0.05730689,0,0.197
sub-002,0,0.05730689,0,0.197
sub-002,0,0.017921213,0,0.197
sub-002,0,0.090085864,0,0.197
sub-002,0,0.008574818,0,0.197
sub-002,0,0.041689806,0,0.197
sub-002,0,0.039182313,0,0.197
sub-002,0,0.04010695,0,0.197
sub-002,0,0.038239747,0,0.197
sub-002,0,0.041985966,0,0.197
sub-002,0,0.017921213,0,0.197
sub-002,0,0.032247007,0,0.197
sub-002,0,0.04010695,0,0.197
sub-002,0,0.05437097,0,0.197
sub-002,0,0.030865055,0,0.197
sub-002,0,0.04010695,0,0.197
sub-002,0,0.04010695,0,0.197
sub-002,0,0.030454611,0,0.197
sub-002,0,0.017921213,0,0.197
sub-002,0,0.032247007,0,0.197
sub-002,0,0.03164674,0,0.197
sub-002,0,0.030865055,0,0.197
sub-002,0,0.032247007,0,0.197
sub-002,0,0.043843318,0,0.197
sub-002,0,0.05437097,0,0.197
sub-002,0,0.04010695,0,0.197
sub-002,0,0.04143396,0,0.197
sub-002,0,0.05437097,0,0.197
sub-002,0,0.04010695,0,0.197
sub-002,0,0.020753339,0,0.197
sub-002,0,0.0044938787,0,0.197
sub-002,0,0.020647401,0,0.197
sub-002,0,0.030454611,0,0.197
sub-002,0,0.030454611,0,0.197
sub-002,0,0.04010695,0,0.197
sub-002,0,0.030454611,0,0.197
sub-002,0,0.017921213,0,0.197
sub-002,0,0.026487542,0,0.197
sub-002,0,0.017921213,0,0.197
sub-002,0,0.021435196,0,0.197
sub-002,0,0.043843318,0,0.197
sub-002,0,0.030865055,0,0.197
sub-002,0,0.020375904,0,0.197
sub-002,0,0.04010695,0,0.197
sub-002,0,0.043687068,0,0.197
sub-002,0,0.05437097,0,0.197
sub-002,0,0.030865055,0,0.197
sub-002,0,0.032247007,0,0.197
sub-002,0,0.043843318,0,0.197
sub-002,0,0.024496246,0,0.197
sub-002,0,0.017921213,0,0.197
sub-002,0,0.035137117,0,0.197
sub-002,0,0.009912481,0,0.197
sub-002,0,0.05437097,0,0.197
sub-002,0,0.04010695,0,0.197
sub-002,0,0.030454611,0,0.197
sub-002,0,0.032247007,0,0.197
sub-002,0,0.030865055,0,0.197
sub-002,0,0.05437097,0,0.197
sub-002,0,0.043687068,0,0.197
sub-002,0,0.038239747,0,0.197
sub-002,0,0.05437097,0,0.197
sub-002,0,0.043687068,0,0.197
sub-002,0,0.041689806,0,0.197
sub-002,0,0.035864998,0,0.197
sub-002,0,0.043843318,0,0.197
sub-002,0,0.030454611,0,0.197
sub-002,0,0.05437097,0,0.197
sub-002,0,0.043687068,0,0.197
sub-002,0,0.043687068,0,0.197
sub-002,0,0.038239747,0,0.197
sub-002,0,0.05437097,0,0.197
sub-002,0,0.024496246,0,0.197
sub-002,0,0.043843318,0,0.197
sub-002,0,0.04010695,0,0.197
sub-002,0,0.041312966,0,0.197
sub-002,0,0.04010695,0,0.197
sub-002,0,0.05437097,0,0.197
sub-002,0,0.05437097,0,0.197
sub-002,0,0.030865055,0,0.197
sub-002,0,0.03164674,0,0.197
sub-002,0,0.04010695,0,0.197
sub-002,0,0.04010695,0,0.197
sub-002,0,0.05437097,0,0.197
sub-002,0,0.04035935,0,0.197
sub-002,0,0.043036792,0,0.197
sub-002,0,0.030865055,0,0.197
sub-002,0,0.035137117,0,0.197
sub-002,0,0.05437097,0,0.197
sub-002,0,0.043843318,0,0.197
sub-002,0,0.05437097,0,0.197
sub-002,0,0.04010695,0,0.197
sub-002,0,0.041985966,0,0.197
sub-002,0,0.0037782663,0,0.197
sub-002,0,0.041985966,0,0.197
sub-002,0,0.04010695,0,0.197
sub-002,0,0.04010695,0,0.197
sub-002,0,0.0086071985,0,0.197
sub-002,0,0.007969244,0,0.197
sub-002,0,0.007969244,0,0.197
sub-002,0,0.0086071985,0,0.197
sub-002,0,0.010852328,0,0.197
sub-002,0,0.026487542,0,0.197
sub-002,0,0.015668582,0,0.197
sub-002,0,0.007969244,0,0.197
sub-002,0,0.007969244,0,0.197
sub-002,0,0.01584638,0,0.197
sub-002,0,0.008574818,0,0.197
sub-002,0,0.04010695,0,0.197
sub-002,0,0.04010695,0,0.197
sub-002,0,0.030454611,0,0.197
sub-002,0,0.03164674,0,0.197
sub-002,0,0.042700164,0,0.197
sub-002,0,0.042700164,0,0.197
sub-002,0,0.04065838,0,0.197
sub-002,0,0.035137117,0,0.197
sub-002,0,0.04010695,0,0.197
sub-002,0,0.020375904,0,0.197
sub-002,0,0.026487542,0,0.197
sub-002,0,0.015668582,0,0.197
sub-002,0,0.030865055,0,0.197
sub-002,0,0.043687068,0,0.197
sub-002,0,0.041689806,0,0.197
sub-002,0,0.041689806,0,0.197
sub-002,0,0.002701572,0,0.197
sub-002,0,0.0047347103,0,0.197
sub-002,0,0.0017497387,0,0.197
sub-002,0,0.001966257,0,0.197
sub-002,0,0.00482659,0,0.197
sub-002,0,0.00482659,0,0.197
sub-002,0,0.004766259,0,0.197
sub-002,0,0.08785198,0,0.197
sub-002,0,0.08785198,0,0.197
sub-002,0,0.024923839,0,0.197
sub-002,0,0.004766259,0,0.197
sub-002,0,0.0057557914,0,0.197
sub-002,0,0.031663496,0,0.197
sub-002,0,0.0028365583,0,0.197
sub-002,0,0.0054432335,0,0.197
sub-002,0,0.0054432335,0,0.197
sub-002,0,0.019147884,0,0.197
sub-002,0,0.016795242,0,0.197
sub-002,0,0.002979807,0,0.197
sub-002,0,0.0023286296,0,0.197
sub-002,0,0.010123303,0,0.197
sub-002,0,0.00687089,0,0.197
sub-002,0,0.9957278,1,0.197
sub-002,0,0.09332154,0,0.197
sub-002,0,0.113355964,0,0.197
sub-002,0,0.113355964,0,0.197
sub-002,0,0.08837492,0,0.197
sub-002,0,0.032247007,0,0.197
sub-002,0,0.08837492,0,0.197
sub-002,0,0.05730689,0,0.197
sub-002,0,0.97989994,1,0.197
sub-002,0,0.017921213,0,0.197
sub-002,0,0.017921213,0,0.197
sub-002,0,0.57299906,1,0.197
sub-002,0,0.9280113,1,0.197
sub-002,0,0.03164674,0,0.197
sub-002,0,0.030865055,0,0.197
sub-002,0,0.6325781,1,0.197
sub-002,0,0.6325781,1,0.197
sub-002,0,0.04010695,0,0.197
sub-002,0,0.035137117,0,0.197
sub-002,0,0.043687068,0,0.197
sub-002,0,0.041689806,0,0.197
sub-002,0,0.038239747,0,0.197
sub-002,0,0.04010695,0,0.197
sub-002,0,0.043687068,0,0.197
sub-002,0,0.041689806,0,0.197
sub-002,0,0.03989575,0,0.197
sub-002,0,0.041689806,0,0.197
sub-002,0,0.03989575,0,0.197
sub-002,0,0.043687068,0,0.197
sub-002,0,0.041689806,0,0.197
sub-002,0,0.042700164,0,0.197
sub-002,0,0.042700164,0,0.197
sub-002,0,0.042700164,0,0.197
sub-002,0,0.02216817,0,0.197
sub-002,0,0.02216817,0,0.197
sub-002,0,0.02216817,0,0.197
sub-002,0,0.025441675,0,0.197
sub-002,0,0.025441675,0,0.197
sub-002,0,0.02216817,0,0.197
sub-002,0,0.040864486,0,0.197
sub-002,0,0.02216817,0,0.197
sub-002,0,0.02216817,0,0.197
sub-002,0,0.040864486,0,0.197
sub-002,0,0.025441675,0,0.197
sub-002,0,0.02216817,0,0.197
sub-002,0,0.02216817,0,0.197
sub-002,0,0.02216817,0,0.197
sub-002,0,0.042700164,0,0.197
sub-002,0,0.042700164,0,0.197
sub-002,0,0.04181081,0,0.197
sub-002,0,0.025441675,0,0.197
sub-002,0,0.03989575,0,0.197
sub-002,0,0.041689806,0,0.197
sub-002,0,0.041689806,0,0.197
sub-002,0,0.041689806,0,0.197
sub-002,0,0.041689806,0,0.197
sub-002,0,0.041689806,0,0.197
sub-002,0,0.041689806,0,0.197
sub-002,0,0.042700164,0,0.197
sub-002,0,0.042700164,0,0.197
sub-002,0,0.041689806,0,0.197
sub-002,0,0.041689806,0,0.197
sub-002,0,0.03989575,0,0.197
sub-002,0,0.041689806,0,0.197
sub-002,0,0.042700164,0,0.197
sub-002,0,0.042700164,0,0.197
sub-002,0,0.041689806,0,0.197
sub-002,0,0.043687068,0,0.197
sub-002,0,0.041689806,0,0.197
sub-002,0,0.040864486,0,0.197
sub-002,0,0.9306314,1,0.197
sub-002,0,0.03989575,0,0.197
sub-002,0,0.02216817,0,0.197
sub-002,0,0.02216817,0,0.197
sub-002,0,0.03989575,0,0.197
sub-002,0,0.041689806,0,0.197
sub-002,0,0.041689806,0,0.197
sub-002,0,0.041689806,0,0.197
sub-002,0,0.042700164,0,0.197
sub-002,0,0.041689806,0,0.197
sub-002,0,0.041689806,0,0.197
sub-002,0,0.02216817,0,0.197
sub-002,0,0.02216817,0,0.197
sub-002,0,0.040864486,0,0.197
sub-002,0,0.041689806,0,0.197
sub-002,0,0.041689806,0,0.197
sub-002,0,0.042700164,0,0.197
sub-002,0,0.042700164,0,0.197
sub-002,0,0.041689806,0,0.197
sub-002,0,0.041689806,0,0.197
sub-002,0,0.041689806,0,0.197
sub-002,0,0.042700164,0,0.197
sub-002,0,0.041689806,0,0.197
sub-002,0,0.9137614,1,0.197
sub-002,0,0.042700164,0,0.197
sub-002,0,0.042700164,0,0.197
sub-002,0,0.041689806,0,0.197
sub-002,0,0.041689806,0,0.197
sub-002,0,0.041689806,0,0.197
sub-002,0,0.042700164,0,0.197
sub-002,0,0.042700164,0,0.197
sub-002,0,0.041689806,0,0.197
sub-002,0,0.041689806,0,0.197
sub-002,0,0.042700164,0,0.197
sub-002,0,0.042700164,0,0.197
sub-002,0,0.041689806,0,0.197
sub-002,0,0.042700164,0,0.197
sub-002,0,0.042700164,0,0.197
sub-002,0,0.04181081,0,0.197
sub-002,0,0.03837828,0,0.197
sub-002,0,0.04181081,0,0.197
sub-002,0,0.03989575,0,0.197
sub-002,0,0.04010695,0,0.197
sub-002,0,0.03837828,0,0.197
sub-002,0,0.04181081,0,0.197
sub-002,0,0.6313758,1,0.197
sub-002,0,0.052060843,0,0.197
sub-002,0,0.04181081,0,0.197
sub-002,0,0.04181081,0,0.197
sub-002,0,0.03953446,0,0.197
sub-002,0,0.03027122,0,0.197
sub-002,0,0.028637558,0,0.197
sub-002,0,0.04010695,0,0.197
sub-002,0,0.0028589608,0,0.197
sub-002,0,0.012403402,0,0.197
sub-002,0,0.04010695,0,0.197
sub-002,0,0.020375904,0,0.197
sub-002,0,0.02782601,0,0.197
sub-002,0,0.030865055,0,0.197
sub-002,0,0.026487542,0,0.197
sub-002,0,0.017921213,0,0.197
sub-002,0,0.03837828,0,0.197
sub-002,0,0.03837828,0,0.197
sub-002,0,0.043687068,0,0.197
sub-002,0,0.042700164,0,0.197
sub-002,0,0.042700164,0,0.197
sub-002,0,0.033615157,0,0.197
sub-002,0,0.041689806,0,0.197
sub-002,0,0.90478086,1,0.197
sub-002,0,0.91730714,1,0.197
sub-002,0,0.042414654,0,0.197
sub-002,0,0.04035935,0,0.197
sub-002,0,0.042700164,0,0.197
sub-002,0,0.008574818,0,0.197
sub-002,0,0.042700164,0,0.197
sub-002,0,0.042700164,0,0.197
sub-002,0,0.042700164,0,0.197
sub-002,0,0.042700164,0,0.197
sub-002,0,0.042700164,0,0.197
sub-002,0,0.042700164,0,0.197
sub-002,0,0.042700164,0,0.197
sub-002,0,0.041689806,0,0.197
sub-002,0,0.041689806,0,0.197
sub-002,0,0.04065838,0,0.197
sub-002,0,0.7104512,1,0.197
sub-002,0,0.042700164,0,0.197
sub-002,0,0.042700164,0,0.197
sub-002,0,0.042700164,0,0.197
sub-002,0,0.042700164,0,0.197
sub-002,0,0.043687068,0,0.197
sub-002,0,0.041689806,0,0.197
sub-002,0,0.6414837,1,0.197
sub-002,0,0.67625344,1,0.197
sub-002,0,0.7104512,1,0.197
sub-002,0,0.6716446,1,0.197
sub-002,0,0.041689806,0,0.197
sub-002,0,0.041689806,0,0.197
sub-002,0,0.043687068,0,0.197
sub-002,0,0.6414837,1,0.197
sub-002,0,0.64985734,1,0.197
sub-002,0,0.042700164,0,0.197
sub-002,0,0.041689806,0,0.197
sub-002,0,0.043687068,0,0.197
sub-002,0,0.043687068,0,0.197
sub-002,0,0.04010695,0,0.197
sub-002,0,0.04010695,0,0.197
sub-002,0,0.032247007,0,0.197
sub-002,0,0.011737568,0,0.197
sub-002,0,0.010852328,0,0.197
sub-002,0,0.0086071985,0,0.197
sub-002,0,0.026055565,0,0.197
sub-002,0,0.016412076,0,0.197
sub-002,0,0.007969244,0,0.197
sub-002,0,0.011737568,0,0.197
sub-002,0,0.013575418,0,0.197
sub-002,0,0.011737568,0,0.197
sub-002,0,0.010852328,0,0.197
sub-002,0,0.010852328,0,0.197
sub-002,0,0.011737568,0,0.197
sub-002,0,0.011737568,0,0.197
sub-002,0,0.007969244,0,0.197
sub-002,0,0.01695981,0,0.197
sub-002,0,0.032247007,0,0.197
sub-002,0,0.0086071985,0,0.197
sub-002,0,0.007969244,0,0.197
sub-002,0,0.0086071985,0,0.197
sub-002,0,0.010852328,0,0.197
sub-002,0,0.013575418,0,0.197
sub-002,0,0.036089938,0,0.197
sub-002,0,0.021435196,0,0.197
sub-002,0,0.0086071985,0,0.197
sub-002,0,0.010852328,0,0.197
sub-002,0,0.011737568,0,0.197
sub-002,0,0.011737568,0,0.197
sub-002,0,0.013575418,0,0.197
sub-002,0,0.041985966,0,0.197
sub-002,0,0.020375904,0,0.197
sub-002,0,0.0086071985,0,0.197
sub-002,0,0.015668582,0,0.197
sub-002,0,0.017921213,0,0.197
sub-002,0,0.042700164,0,0.197
sub-002,0,0.03416769,0,0.197
sub-002,0,0.012049505,0,0.197
sub-002,0,0.03164674,0,0.197
sub-002,0,0.030865055,0,0.197
sub-002,0,0.013575418,0,0.197
sub-002,0,0.04680146,0,0.197
sub-002,0,0.8215077,1,0.197
sub-002,0,0.8771565,1,0.197
sub-002,0,0.14491259,0,0.197
sub-002,0,0.2729552,1,0.197
sub-002,0,0.7247458,1,0.197
sub-002,0,0.015668582,0,0.197
sub-002,0,0.030454611,0,0.197
sub-002,0,0.05313569,0,0.197
sub-002,0,0.04035935,0,0.197
sub-002,0,0.008720267,0,0.197
sub-002,0,0.04143396,0,0.197
sub-002,0,0.04010695,0,0.197
sub-002,0,0.037491944,0,0.197
sub-002,0,0.050875228,0,0.197
sub-002,0,0.05313569,0,0.197
sub-002,0,0.04065838,0,0.197
sub-002,0,0.037491944,0,0.197
sub-002,0,0.039182313,0,0.197
sub-002,0,0.04010695,0,0.197
sub-002,0,0.03164674,0,0.197
sub-002,0,0.04010695,0,0.197
sub-002,0,0.03989575,0,0.197
sub-002,0,0.04431675,0,0.197
sub-002,0,0.038239747,0,0.197
sub-002,0,0.04010695,0,0.197
sub-002,0,0.041689806,0,0.197
sub-002,0,0.03989575,0,0.197
sub-002,0,0.038239747,0,0.197
sub-002,0,0.8555485,1,0.197
sub-002,0,0.8994768,1,0.197
sub-002,0,0.91209424,1,0.197
sub-002,0,0.04065838,0,0.197
sub-002,0,0.04010695,0,0.197
sub-002,0,0.03989575,0,0.197
sub-002,0,0.03989575,0,0.197
sub-002,0,0.05437097,0,0.197
sub-002,0,0.04010695,0,0.197
sub-002,0,0.038239747,0,0.197
sub-002,0,0.03837828,0,0.197
sub-002,0,0.043687068,0,0.197
sub-002,0,0.041689806,0,0.197
sub-002,0,0.03989575,0,0.197
sub-002,0,0.04181081,0,0.197
sub-002,0,0.03837828,0,0.197
sub-002,0,0.04010695,0,0.197
sub-002,0,0.04010695,0,0.197
sub-002,0,0.028637558,0,0.197
sub-002,0,0.028637558,0,0.197
sub-002,0,0.03837828,0,0.197
sub-002,0,0.04431675,0,0.197
sub-002,0,0.041689806,0,0.197
sub-002,0,0.041689806,0,0.197
sub-002,0,0.043687068,0,0.197
sub-002,0,0.04010695,0,0.197
sub-002,0,0.043687068,0,0.197
sub-002,0,0.04010695,0,0.197
sub-002,0,0.041985966,0,0.197
sub-002,0,0.041312966,0,0.197
sub-002,0,0.04010695,0,0.197
sub-002,0,0.04010695,0,0.197
sub-002,0,0.043687068,0,0.197
sub-002,0,0.03416769,0,0.197
sub-002,0,0.03416769,0,0.197
sub-002,0,0.010852328,0,0.197
sub-002,0,0.017921213,0,0.197
sub-002,0,0.043687068,0,0.197
sub-002,0,0.042700164,0,0.197
sub-002,0,0.042700164,0,0.197
sub-002,0,0.90478086,1,0.197
sub-002,0,0.017921213,0,0.197
sub-002,0,0.013575418,0,0.197
sub-002,0,0.013575418,0,0.197
sub-002,0,0.013575418,0,0.197
sub-002,0,0.032247007,0,0.197
sub-002,0,0.9014104,1,0.197
sub-002,0,0.19113643,0,0.197
sub-002,0,0.013575418,0,0.197
sub-002,0,0.026487542,0,0.197
sub-002,0,0.026487542,0,0.197
sub-002,0,0.028145669,0,0.197
sub-002,0,0.028145669,0,0.197
sub-002,0,0.03246826,0,0.197
sub-002,0,0.03246826,0,0.197
sub-002,0,0.013575418,0,0.197
sub-002,0,0.013575418,0,0.197
sub-002,0,0.007969244,0,0.197
sub-002,0,0.03482882,0,0.197
sub-002,0,0.026055565,0,0.197
sub-002,0,0.016412076,0,0.197
sub-002,0,0.10459021,0,0.197
sub-002,0,0.016412076,0,0.197
sub-002,0,0.011737568,0,0.197
sub-002,0,0.011737568,0,0.197
sub-002,0,0.035137117,0,0.197
sub-002,0,0.041689806,0,0.197
sub-002,0,0.04010695,0,0.197
sub-002,0,0.04010695,0,0.197
sub-002,0,0.043687068,0,0.197
sub-002,0,0.030865055,0,0.197
sub-002,0,0.007969244,0,0.197
sub-002,0,0.007969244,0,0.197
sub-002,0,0.007969244,0,0.197
sub-002,0,0.46428445,1,0.197
sub-002,0,0.3761871,1,0.197
sub-002,0,0.014119824,0,0.197
sub-002,0,0.011737568,0,0.197
sub-002,0,0.010852328,0,0.197
sub-002,0,0.011737568,0,0.197
sub-002,0,0.5648289,1,0.197
sub-002,0,0.035137117,0,0.197
sub-002,0,0.03164674,0,0.197
sub-002,0,0.04010695,0,0.197
sub-002,0,0.030865055,0,0.197
sub-002,0,0.013575418,0,0.197
sub-002,0,0.007969244,0,0.197
sub-002,0,0.007969244,0,0.197
sub-002,0,0.007969244,0,0.197
sub-002,0,0.011737568,0,0.197
sub-002,0,0.016412076,0,0.197
sub-002,0,0.010852328,0,0.197
sub-002,0,0.017921213,0,0.197
sub-002,0,0.011737568,0,0.197
sub-002,0,0.0069225635,0,0.197
sub-002,0,0.007969244,0,0.197
sub-002,0,0.0086071985,0,0.197
sub-002,0,0.0086071985,0,0.197
sub-002,0,0.011737568,0,0.197
sub-002,0,0.017921213,0,0.197
sub-002,0,0.015668582,0,0.197
sub-002,0,0.8938523,1,0.197
sub-002,0,0.043687068,0,0.197
sub-002,0,0.041689806,0,0.197
sub-002,0,0.042700164,0,0.197
sub-002,0,0.042700164,0,0.197
sub-002,0,0.042700164,0,0.197
sub-002,1,0.042700164,0,0.197
sub-002,1,0.019962313,0,0.197
sub-002,1,0.0059184483,0,0.197
sub-002,0,0.042700164,0,0.197
sub-002,0,0.042700164,0,0.197
sub-002,0,0.01584638,0,0.197
sub-002,0,0.0033219778,0,0.197
sub-002,0,0.002979807,0,0.197
sub-002,0,0.0054432335,0,0.197
sub-002,0,0.08987617,0,0.197
sub-002,0,0.08987617,0,0.197
sub-002,0,0.010377305,0,0.197
sub-002,0,0.003313509,0,0.197
sub-002,0,0.0034039111,0,0.197
sub-002,0,0.0055120857,0,0.197
sub-002,0,0.042700164,0,0.197
sub-002,0,0.042700164,0,0.197
sub-002,0,0.043687068,0,0.197
sub-002,0,0.041689806,0,0.197
sub-002,0,0.043687068,0,0.197
sub-002,0,0.035137117,0,0.197
sub-002,0,0.04010695,0,0.197
sub-002,0,0.020375904,0,0.197
sub-002,0,0.038239747,0,0.197
sub-002,0,0.041689806,0,0.197
sub-002,0,0.041689806,0,0.197
sub-002,0,0.041689806,0,0.197
sub-002,0,0.043687068,0,0.197
sub-002,0,0.035137117,0,0.197
sub-002,0,0.041689806,0,0.197
sub-002,0,0.041689806,0,0.197
sub-002,0,0.04431675,0,0.197
sub-002,0,0.030865055,0,0.197
sub-002,0,0.015668582,0,0.197
sub-002,0,0.04010695,0,0.197
sub-002,0,0.04010695,0,0.197
sub-002,0,0.03164674,0,0.197
sub-002,0,0.032247007,0,0.197
sub-002,0,0.043687068,0,0.197
sub-002,0,0.041689806,0,0.197
sub-002,0,0.043687068,0,0.197
sub-002,0,0.04010695,0,0.197
sub-002,0,0.04010695,0,0.197
sub-002,0,0.043687068,0,0.197
sub-002,0,0.03164674,0,0.197
sub-002,0,0.015668582,0,0.197
sub-002,0,0.04010695,0,0.197
sub-002,0,0.041689806,0,0.197
sub-002,0,0.04010695,0,0.197
sub-002,0,0.032247007,0,0.197
sub-002,0,0.017921213,0,0.197
sub-002,0,0.032247007,0,0.197
sub-002,0,0.041689806,0,0.197
sub-002,0,0.041689806,0,0.197
sub-002,0,0.035137117,0,0.197
sub-002,0,0.04010695,0,0.197
sub-002,0,0.04010695,0,0.197
sub-002,0,0.017921213,0,0.197
sub-002,0,0.017921213,0,0.197
sub-002,0,0.04010695,0,0.197
sub-002,0,0.04010695,0,0.197
sub-002,0,0.04010695,0,0.197
sub-002,0,0.042700164,0,0.197
sub-002,0,0.042700164,0,0.197
sub-002,0,0.041689806,0,0.197
sub-002,0,0.04010695,0,0.197
sub-002,0,0.03164674,0,0.197
sub-002,0,0.035137117,0,0.197
sub-002,0,0.041689806,0,0.197
sub-002,0,0.04431675,0,0.197
sub-002,0,0.041689806,0,0.197
sub-002,0,0.042700164,0,0.197
sub-002,0,0.041689806,0,0.197
sub-002,0,0.04431675,0,0.197
sub-002,0,0.043687068,0,0.197
sub-002,0,0.04010695,0,0.197
sub-002,0,0.043687068,0,0.197
sub-002,0,0.043687068,0,0.197
sub-002,0,0.041689806,0,0.197
sub-002,0,0.042700164,0,0.197
sub-002,0,0.041689806,0,0.197
sub-002,0,0.04010695,0,0.197
sub-002,0,0.038239747,0,0.197
sub-002,0,0.043687068,0,0.197
sub-002,0,0.041689806,0,0.197
sub-002,0,0.04010695,0,0.197
sub-002,0,0.043687068,0,0.197
sub-002,0,0.04010695,0,0.197
sub-002,0,0.015668582,0,0.197
sub-002,0,0.015668582,0,0.197
sub-002,0,0.041689806,0,0.197
sub-002,0,0.041689806,0,0.197
sub-002,0,0.04010695,0,0.197
sub-002,0,0.04010695,0,0.197
sub-002,0,0.026487542,0,0.197
sub-002,0,0.030865055,0,0.197
sub-002,0,0.020375904,0,0.197
sub-002,0,0.026487542,0,0.197
sub-002,0,0.04010695,0,0.197
sub-002,0,0.030454611,0,0.197
sub-002,0,0.030865055,0,0.197
sub-002,0,0.017921213,0,0.197
sub-002,0,0.032247007,0,0.197
sub-002,0,0.04010695,0,0.197
sub-002,0,0.04010695,0,0.197
sub-002,0,0.04431675,0,0.197
sub-002,0,0.03416769,0,0.197
sub-002,0,0.009580443,0,0.197
sub-002,0,0.041689806,0,0.197
sub-002,0,0.041689806,0,0.197
sub-002,0,0.04431675,0,0.197
sub-002,0,0.04010695,0,0.197
sub-002,0,0.043687068,0,0.197
sub-002,0,0.042700164,0,0.197
sub-002,0,0.042700164,0,0.197
sub-002,0,0.042700164,0,0.197
sub-002,0,0.042700164,0,0.197
sub-002,0,0.041689806,0,0.197
sub-002,0,0.033352185,0,0.197
sub-002,0,0.032247007,0,0.197
sub-002,0,0.04431675,0,0.197
sub-002,0,0.042700164,0,0.197
sub-002,0,0.042700164,0,0.197
sub-002,0,0.041689806,0,0.197
sub-002,0,0.041689806,0,0.197
sub-002,0,0.043687068,0,0.197
sub-002,0,0.035137117,0,0.197
sub-002,0,0.041689806,0,0.197
sub-002,0,0.041689806,0,0.197
sub-002,0,0.041689806,0,0.197
sub-002,0,0.04431675,0,0.197
sub-002,0,0.04010695,0,0.197
sub-002,0,0.04431675,0,0.197
sub-002,0,0.038239747,0,0.197
sub-002,0,0.038239747,0,0.197
sub-002,0,0.041689806,0,0.197
sub-002,0,0.04431675,0,0.197
sub-002,0,0.043687068,0,0.197
sub-002,0,0.041689806,0,0.197
sub-002,0,0.041689806,0,0.197
sub-002,0,0.043687068,0,0.197
sub-002,0,0.035137117,0,0.197
sub-002,0,0.041689806,0,0.197
sub-002,0,0.042700164,0,0.197
sub-002,0,0.035137117,0,0.197
sub-002,0,0.04010695,0,0.197
sub-002,0,0.04010695,0,0.197
sub-002,0,0.038239747,0,0.197
sub-002,0,0.04010695,0,0.197
sub-002,0,0.030865055,0,0.197
sub-002,0,0.04010695,0,0.197
sub-002,0,0.04010695,0,0.197
sub-002,0,0.041689806,0,0.197
sub-002,0,0.041689806,0,0.197
sub-002,0,0.035137117,0,0.197
sub-002,0,0.043687068,0,0.197
sub-002,0,0.043687068,0,0.197
sub-002,0,0.041689806,0,0.197
sub-002,0,0.042700164,0,0.197
sub-002,0,0.042700164,0,0.197
sub-002,0,0.043687068,0,0.197
sub-002,0,0.04010695,0,0.197
sub-002,0,0.04010695,0,0.197
sub-002,0,0.03164674,0,0.197
sub-002,0,0.032247007,0,0.197
sub-002,0,0.03164674,0,0.197
sub-002,0,0.043687068,0,0.197
sub-002,0,0.035137117,0,0.197
sub-002,0,0.030865055,0,0.197
sub-002,0,0.015668582,0,0.197
sub-002,0,0.013575418,0,0.197
sub-002,0,0.015668582,0,0.197
sub-002,0,0.041689806,0,0.197
sub-002,0,0.041689806,0,0.197
sub-002,0,0.042700164,0,0.197
sub-002,0,0.041689806,0,0.197
sub-002,0,0.030865055,0,0.197
sub-002,0,0.04010695,0,0.197
sub-002,0,0.04010695,0,0.197
sub-002,0,0.026487542,0,0.197
sub-002,0,0.017921213,0,0.197
sub-002,0,0.026487542,0,0.197
sub-002,0,0.03164674,0,0.197
sub-002,0,0.041689806,0,0.197
sub-002,0,0.041689806,0,0.197
sub-002,0,0.04010695,0,0.197
sub-002,0,0.04010695,0,0.197
sub-002,0,0.04010695,0,0.197
sub-002,0,0.04010695,0,0.197
sub-002,0,0.041689806,0,0.197
sub-002,0,0.041689806,0,0.197
sub-002,0,0.041689806,0,0.197
sub-002,0,0.033352185,0,0.197
sub-002,0,0.0044938787,0,0.197
sub-002,0,0.00687089,0,0.197
sub-002,0,0.033006556,0,0.197
sub-002,0,0.10853514,0,0.197
sub-002,0,0.110977896,0,0.197
sub-002,0,0.110977896,0,0.197
sub-002,0,0.110977896,0,0.197
sub-002,0,0.090085864,0,0.197
sub-002,0,0.0070096543,0,0.197
sub-002,0,0.0070096543,0,0.197
sub-002,0,0.0077164853,0,0.197
sub-002,0,0.014877333,0,0.197
sub-002,0,0.014877333,0,0.197
sub-002,0,0.04912914,0,0.197
sub-002,0,0.090085864,0,0.197
sub-002,0,0.090085864,0,0.197
sub-002,0,0.090085864,0,0.197
sub-002,0,0.090085864,0,0.197
sub-002,0,0.090085864,0,0.197
sub-002,0,0.090085864,0,0.197
sub-002,0,0.090085864,0,0.197
sub-002,0,0.110977896,0,0.197
sub-002,0,0.110977896,0,0.197
sub-002,0,0.090085864,0,0.197
sub-002,0,0.090085864,0,0.197
sub-002,0,0.110977896,0,0.197
sub-002,0,0.10853514,0,0.197
sub-002,0,0.033006556,0,0.197
sub-002,0,0.110977896,0,0.197
sub-002,0,0.110977896,0,0.197
sub-002,0,0.18389006,0,0.197
sub-002,0,0.10853514,0,0.197
sub-002,0,0.042700164,0,0.197
sub-002,0,0.042700164,0,0.197
sub-002,0,0.042700164,0,0.197
sub-002,0,0.042700164,0,0.197
sub-002,0,0.043687068,0,0.197
sub-002,0,0.041689806,0,0.197
sub-002,0,0.041689806,0,0.197
sub-002,0,0.041689806,0,0.197
sub-002,0,0.041689806,0,0.197
sub-002,0,0.041689806,0,0.197
sub-002,0,0.041689806,0,0.197
sub-002,0,0.041689806,0,0.197
sub-002,0,0.041689806,0,0.197
sub-002,0,0.041689806,0,0.197
sub-002,0,0.043687068,0,0.197
sub-002,0,0.04431675,0,0.197
sub-002,0,0.038239747,0,0.197
sub-002,0,0.043687068,0,0.197
sub-002,0,0.041689806,0,0.197
sub-002,0,0.041689806,0,0.197
sub-002,0,0.041689806,0,0.197
sub-002,0,0.042700164,0,0.197
sub-002,0,0.024082966,0,0.197
sub-002,0,0.0024842469,0,0.197
sub-002,0,0.009757878,0,0.197
sub-002,0,0.033006556,0,0.197
sub-002,0,0.041689806,0,0.197
sub-002,0,0.042700164,0,0.197
sub-002,0,0.042700164,0,0.197
sub-002,0,0.042700164,0,0.197
sub-002,0,0.042700164,0,0.197
sub-002,0,0.042700164,0,0.197
sub-002,0,0.90118814,1,0.197
sub-002,0,0.043687068,0,0.197
sub-002,0,0.032247007,0,0.197
sub-002,0,0.030865055,0,0.197
sub-002,0,0.90478086,1,0.197
sub-002,0,0.91730714,1,0.197
sub-002,0,0.9287257,1,0.197
sub-002,0,0.90118814,1,0.197
sub-002,0,0.03246826,0,0.197
sub-002,0,0.04260089,0,0.197
sub-002,0,0.6585453,1,0.197
sub-002,0,0.043687068,0,0.197
sub-002,0,0.030865055,0,0.197
sub-002,0,0.041689806,0,0.197
sub-002,0,0.043687068,0,0.197
sub-002,0,0.032247007,0,0.197
sub-002,0,0.035137117,0,0.197
sub-002,0,0.042700164,0,0.197
sub-002,0,0.041689806,0,0.197
sub-002,0,0.013575418,0,0.197
sub-002,0,0.035137117,0,0.197
sub-002,0,0.041689806,0,0.197
sub-002,0,0.8825894,1,0.197
sub-002,0,0.048269838,0,0.197
sub-002,0,0.51956,1,0.197
sub-002,0,0.8252269,1,0.197
sub-002,0,0.035137117,0,0.197
sub-002,0,0.041689806,0,0.197
sub-002,0,0.043687068,0,0.197
sub-002,0,0.013575418,0,0.197
sub-002,0,0.21219042,1,0.197
sub-002,0,0.030865055,0,0.197
sub-002,0,0.042700164,0,0.197
sub-002,0,0.042700164,0,0.197
sub-002,0,0.041689806,0,0.197
sub-002,0,0.04431675,0,0.197
sub-002,0,0.043687068,0,0.197
sub-002,0,0.05437097,0,0.197
sub-002,0,0.21219042,1,0.197
sub-002,0,0.026487542,0,0.197
sub-002,0,0.04035935,0,0.197
sub-002,0,0.041312966,0,0.197
sub-002,0,0.015668582,0,0.197
sub-002,0,0.020375904,0,0.197
sub-002,0,0.79097027,1,0.197
sub-002,0,0.05437097,0,0.197
sub-002,0,0.042700164,0,0.197
sub-002,0,0.042700164,0,0.197
sub-002,0,0.032247007,0,0.197
sub-002,0,0.8215077,1,0.197
sub-002,0,0.854453,1,0.197
sub-002,0,0.030454611,0,0.197
sub-002,0,0.020375904,0,0.197
sub-002,0,0.017921213,0,0.197
sub-002,0,0.03164674,0,0.197
sub-002,0,0.032247007,0,0.197
sub-002,0,0.015668582,0,0.197
sub-002,0,0.017921213,0,0.197
sub-002,0,0.030865055,0,0.197
sub-002,0,0.04010695,0,0.197
sub-002,0,0.8771565,1,0.197
sub-002,0,0.88767755,1,0.197
sub-002,0,0.12779532,0,0.197
sub-002,0,0.17090006,0,0.197
sub-002,0,0.015668582,0,0.197
sub-002,0,0.015668582,0,0.197
sub-002,0,0.19113643,0,0.197
sub-002,0,0.89039993,1,0.197
sub-002,0,0.030454611,0,0.197
sub-002,0,0.015668582,0,0.197
sub-002,0,0.026487542,0,0.197
sub-002,0,0.041312966,0,0.197
sub-002,0,0.9076293,1,0.197
sub-002,0,0.013575418,0,0.197
sub-002,0,0.017921213,0,0.197
sub-002,0,0.017921213,0,0.197
sub-002,0,0.042700164,0,0.197
sub-002,0,0.042700164,0,0.197
sub-002,0,0.030865055,0,0.197
sub-002,0,0.21219042,1,0.197
sub-002,0,0.9263718,1,0.197
sub-002,0,0.041312966,0,0.197
sub-002,0,0.05437097,0,0.197
sub-002,0,0.05437097,0,0.197
sub-002,0,0.05437097,0,0.197
sub-002,0,0.032247007,0,0.197
sub-002,0,0.017921213,0,0.197
sub-002,0,0.015668582,0,0.197
sub-002,0,0.017921213,0,0.197
sub-002,0,0.015668582,0,0.197
sub-002,0,0.015668582,0,0.197
sub-002,0,0.015668582,0,0.197
sub-002,0,0.013575418,0,0.197
sub-002,0,0.015668582,0,0.197
sub-002,0,0.017921213,0,0.197
sub-002,0,0.015668582,0,0.197
sub-002,0,0.011737568,0,0.197
sub-002,0,0.013575418,0,0.197
sub-002,0,0.017921213,0,0.197
sub-002,0,0.015668582,0,0.197
sub-002,0,0.13329776,0,0.197
sub-002,0,0.011737568,0,0.197
sub-002,0,0.015668582,0,0.197
sub-002,0,0.21219042,1,0.197
sub-002,0,0.017921213,0,0.197
sub-002,0,0.030865055,0,0.197
sub-002,0,0.017921213,0,0.197
sub-002,0,0.015668582,0,0.197
sub-002,0,0.89039993,1,0.197
sub-002,0,0.032247007,0,0.197
sub-002,0,0.042700164,0,0.197
sub-002,0,0.0053672986,0,0.197
sub-002,0,0.0053672986,0,0.197
sub-002,0,0.042700164,0,0.197
sub-002,0,0.6414837,1,0.197
sub-002,0,0.67625344,1,0.197
sub-002,0,0.041689806,0,0.197
sub-002,0,0.041689806,0,0.197
sub-002,0,0.043687068,0,0.197
sub-002,0,0.042700164,0,0.197
sub-002,0,0.035137117,0,0.197
sub-002,0,0.011737568,0,0.197
sub-002,0,0.017921213,0,0.197
sub-002,0,0.013575418,0,0.197
sub-002,0,0.010852328,0,0.197
sub-002,0,0.0086071985,0,0.197
sub-002,0,0.0086071985,0,0.197
sub-002,0,0.010852328,0,0.197
sub-002,0,0.013575418,0,0.197
sub-002,0,0.015668582,0,0.197
sub-002,0,0.11225404,0,0.197
sub-002,0,0.06790664,0,0.197
sub-002,0,0.041985966,0,0.197
sub-002,0,0.020375904,0,0.197
sub-002,0,0.007969244,0,0.197
sub-002,0,0.017921213,0,0.197
sub-002,0,0.03736414,0,0.197
sub-002,0,0.011737568,0,0.197
sub-002,0,0.0086071985,0,0.197
sub-002,0,0.0086071985,0,0.197
sub-002,0,0.020375904,0,0.197
sub-002,0,0.3761871,1,0.197
sub-002,0,0.028145669,0,0.197
sub-002,0,0.010852328,0,0.197
sub-002,0,0.015668582,0,0.197
sub-002,0,0.013575418,0,0.197
sub-002,0,0.013575418,0,0.197
sub-002,0,0.016412076,0,0.197
sub-002,0,0.03314608,0,0.197
sub-002,0,0.04260089,0,0.197
sub-002,0,0.57348216,1,0.197
sub-002,0,0.020375904,0,0.197
sub-002,0,0.017921213,0,0.197
sub-002,0,0.015668582,0,0.197
sub-002,0,0.020375904,0,0.197
sub-002,0,0.030865055,0,0.197
sub-002,0,0.015668582,0,0.197
sub-002,0,0.03164674,0,0.197
sub-002,0,0.04010695,0,0.197
sub-002,0,0.015668582,0,0.197
sub-002,0,0.010852328,0,0.197
sub-002,0,0.015668582,0,0.197
sub-002,0,0.03416769,0,0.197
sub-002,0,0.008574818,0,0.197
sub-002,0,0.005659527,0,0.197
sub-002,0,0.011065682,0,0.197
sub-002,0,0.0049710493,0,0.197
sub-002,0,0.005553326,0,0.197
sub-002,0,0.00500416,0,0.197
sub-002,0,0.0062640915,0,0.197
sub-002,0,0.0062640915,0,0.197
sub-002,0,0.0062640915,0,0.197
sub-002,0,0.0062640915,0,0.197
sub-002,0,0.004945725,0,0.197
sub-002,0,0.0055166017,0,0.197
sub-002,0,0.0055166017,0,0.197
sub-002,0,0.0070096543,0,0.197
sub-002,0,0.0070096543,0,0.197
sub-002,0,0.0070096543,0,0.197
sub-002,0,0.0070096543,0,0.197
sub-002,0,0.0070096543,0,0.197
sub-002,0,0.049607657,0,0.197
sub-002,0,0.0055120857,0,0.197
sub-002,0,0.0034039111,0,0.197
sub-002,0,0.00482659,0,0.197
sub-002,0,0.039315257,0,0.197
sub-002,0,0.011465986,0,0.197
sub-002,0,0.0060174325,0,0.197
sub-002,0,0.0010719366,0,0.197
sub-002,0,0.0034039111,0,0.197
sub-002,0,0.014531039,0,0.197
sub-002,0,0.016571857,0,0.197
sub-002,0,0.002979807,0,0.197
sub-002,0,0.00482659,0,0.197
sub-002,0,0.005481733,0,0.197
sub-002,0,0.00482659,0,0.197
sub-002,0,0.016571857,0,0.197
sub-002,0,0.002979807,0,0.197
sub-002,0,0.0055120857,0,0.197
sub-002,0,0.0034039111,0,0.197
sub-002,0,0.0034039111,0,0.197
sub-002,0,0.0034039111,0,0.197
sub-002,0,0.0055120857,0,0.197
sub-002,0,0.056698125,0,0.197
sub-002,0,0.0034039111,0,0.197
sub-002,0,0.012049505,0,0.197
sub-002,0,0.043843318,0,0.197
sub-002,0,0.017921213,0,0.197
sub-002,0,0.017921213,0,0.197
sub-002,0,0.030865055,0,0.197
sub-002,0,0.04010695,0,0.197
sub-002,0,0.032247007,0,0.197
sub-002,0,0.04010695,0,0.197
sub-002,0,0.04010695,0,0.197
sub-002,0,0.030865055,0,0.197
sub-002,0,0.032247007,0,0.197
sub-002,0,0.05437097,0,0.197
sub-002,0,0.05437097,0,0.197
sub-002,0,0.030865055,0,0.197
sub-002,0,0.04010695,0,0.197
sub-002,0,0.030865055,0,0.197
sub-002,0,0.030865055,0,0.197
sub-002,0,0.04010695,0,0.197
sub-002,0,0.04010695,0,0.197
sub-002,0,0.04010695,0,0.197
sub-002,0,0.043687068,0,0.197
sub-002,0,0.04010695,0,0.197
sub-002,0,0.03164674,0,0.197
sub-002,0,0.041689806,0,0.197
sub-002,0,0.041689806,0,0.197
sub-002,0,0.041689806,0,0.197
sub-002,0,0.041689806,0,0.197
sub-002,0,0.041689806,0,0.197
sub-002,0,0.041689806,0,0.197
sub-002,0,0.043687068,0,0.197
sub-002,0,0.011737568,0,0.197
sub-002,0,0.015668582,0,0.197
sub-002,0,0.017921213,0,0.197
sub-002,0,0.015668582,0,0.197
sub-002,0,0.015668582,0,0.197
sub-002,0,0.04010695,0,0.197
sub-002,0,0.043687068,0,0.197
sub-002,0,0.043687068,0,0.197
sub-002,0,0.04431675,0,0.197
sub-002,0,0.043687068,0,0.197
sub-002,0,0.043687068,0,0.197
sub-002,0,0.043687068,0,0.197
sub-002,0,0.041689806,0,0.197
sub-002,0,0.043687068,0,0.197
sub-002,0,0.04010695,0,0.197
sub-002,0,0.038239747,0,0.197
sub-002,0,0.043687068,0,0.197
sub-002,0,0.041689806,0,0.197
sub-002,0,0.0037782663,0,0.197
sub-002,0,0.041689806,0,0.197
sub-002,0,0.042700164,0,0.197
sub-002,0,0.041689806,0,0.197
sub-002,0,0.05437097,0,0.197
sub-002,0,0.041689806,0,0.197
sub-002,0,0.042700164,0,0.197
sub-002,0,0.042700164,0,0.197
sub-002,0,0.042700164,0,0.197
sub-002,0,0.041689806,0,0.197
sub-002,0,0.035137117,0,0.197
sub-002,0,0.043687068,0,0.197
sub-002,0,0.041689806,0,0.197
sub-002,0,0.041689806,0,0.197
sub-002,0,0.041689806,0,0.197
sub-002,0,0.041689806,0,0.197
sub-002,0,0.043687068,0,0.197
sub-002,0,0.043687068,0,0.197
sub-002,0,0.041689806,0,0.197
sub-002,0,0.043687068,0,0.197
sub-002,0,0.043687068,0,0.197
sub-002,0,0.041689806,0,0.197
sub-002,0,0.041689806,0,0.197
sub-002,0,0.041689806,0,0.197
sub-002,0,0.042700164,0,0.197
sub-002,0,0.041689806,0,0.197
sub-002,0,0.041689806,0,0.197
sub-002,0,0.041689806,0,0.197
sub-002,0,0.04010695,0,0.197
sub-002,0,0.04431675,0,0.197
sub-002,0,0.04431675,0,0.197
sub-002,0,0.043687068,0,0.197
sub-002,0,0.043687068,0,0.197
sub-002,0,0.041689806,0,0.197
sub-002,0,0.041689806,0,0.197
sub-002,0,0.042700164,0,0.197
sub-002,0,0.042700164,0,0.197
sub-002,0,0.042700164,0,0.197
sub-002,0,0.041689806,0,0.197
sub-002,0,0.041689806,0,0.197
sub-002,0,0.041689806,0,0.197
sub-002,0,0.041689806,0,0.197
sub-002,0,0.041689806,0,0.197
sub-002,0,0.04431675,0,0.197
sub-002,0,0.043687068,0,0.197
sub-002,0,0.041689806,0,0.197
sub-002,0,0.04010695,0,0.197
sub-002,0,0.041312966,0,0.197
sub-002,0,0.041689806,0,0.197
sub-002,0,0.043687068,0,0.197
sub-002,0,0.04010695,0,0.197
sub-002,0,0.030454611,0,0.197
sub-002,0,0.017921213,0,0.197
sub-002,0,0.05437097,0,0.197
sub-002,0,0.041452155,0,0.197
sub-002,0,0.041689806,0,0.197
sub-002,0,0.05437097,0,0.197
sub-002,0,0.043843318,0,0.197
sub-002,0,0.05437097,0,0.197
sub-002,0,0.03164674,0,0.197
sub-002,0,0.030454611,0,0.197
sub-002,0,0.041689806,0,0.197
sub-002,0,0.042700164,0,0.197
sub-002,0,0.042700164,0,0.197
sub-002,0,0.04431675,0,0.197
sub-002,0,0.04010695,0,0.197
sub-002,0,0.043687068,0,0.197
sub-002,0,0.043687068,0,0.197
sub-002,0,0.04431675,0,0.197
sub-002,0,0.041689806,0,0.197
sub-002,0,0.04431675,0,0.197
sub-002,0,0.04010695,0,0.197
sub-002,0,0.030865055,0,0.197
sub-002,0,0.030454611,0,0.197
sub-002,0,0.043036792,0,0.197
sub-002,0,0.05437097,0,0.197
sub-002,0,0.032247007,0,0.197
sub-002,0,0.030865055,0,0.197
sub-002,0,0.04010695,0,0.197
sub-002,0,0.043687068,0,0.197
sub-002,0,0.035137117,0,0.197
sub-002,0,0.038239747,0,0.197
sub-002,0,0.041689806,0,0.197
sub-002,0,0.110977896,0,0.197
sub-002,0,0.10853514,0,0.197
sub-002,0,0.11486924,0,0.197
sub-002,0,0.08837492,0,0.197
sub-002,0,0.026487542,0,0.197
sub-002,0,0.08837492,0,0.197
sub-002,0,0.10853514,0,0.197
sub-002,0,0.00687089,0,0.197
sub-002,0,0.00687089,0,0.197
sub-002,0,0.0024842469,0,0.197
sub-002,0,0.009032367,0,0.197
sub-002,0,0.011465986,0,0.197
sub-002,0,0.00687089,0,0.197
sub-002,0,0.033006556,0,0.197
sub-002,0,0.110390775,0,0.197
sub-002,0,0.110390775,0,0.197
sub-002,0,0.008770072,0,0.197
sub-002,0,0.008770072,0,0.197
sub-002,0,0.008770072,0,0.197
sub-002,0,0.110390775,0,0.197
sub-002,0,0.110390775,0,0.197
sub-002,0,0.008770072,0,0.197
sub-002,0,0.008770072,0,0.197
sub-002,0,0.02938058,0,0.197
sub-002,0,0.008770072,0,0.197
sub-002,0,0.008770072,0,0.197
sub-002,0,0.998418,1,0.197
sub-002,0,0.110390775,0,0.197
sub-002,0,0.110390775,0,0.197
sub-002,0,0.110390775,0,0.197
sub-002,0,0.110390775,0,0.197
sub-002,0,0.18676415,0,0.197
sub-002,0,0.110390775,0,0.197
sub-002,0,0.110390775,0,0.197
sub-002,0,0.110390775,0,0.197
sub-002,0,0.110390775,0,0.197
sub-002,0,0.110390775,0,0.197
sub-002,0,0.110390775,0,0.197
sub-002,0,0.110390775,0,0.197
sub-002,0,0.033006556,0,0.197
sub-002,0,0.011465986,0,0.197
sub-002,0,0.011465986,0,0.197
sub-002,0,0.011465986,0,0.197
sub-002,0,0.011465986,0,0.197
sub-002,0,0.0034039111,0,0.197
sub-002,0,0.00687089,0,0.197
sub-002,0,0.0055120857,0,0.197
sub-002,0,0.0055120857,0,0.197
sub-002,0,0.0055120857,0,0.197
sub-002,0,0.110977896,0,0.197
sub-002,0,0.110977896,0,0.197
sub-002,0,0.013082046,0,0.197
sub-002,0,0.0055120857,0,0.197
sub-002,0,0.013082046,0,0.197
sub-002,0,0.010403635,0,0.197
sub-002,0,0.005457116,0,0.197
sub-002,0,0.088057406,0,0.197
sub-002,0,0.033006556,0,0.197
sub-002,0,0.10853514,0,0.197
sub-002,0,0.110977896,0,0.197
sub-002,0,0.110977896,0,0.197
sub-002,0,0.10853514,0,0.197
sub-002,0,0.113355964,0,0.197
sub-002,0,0.10853514,0,0.197
sub-002,0,0.10853514,0,0.197
sub-002,0,0.10853514,0,0.197
sub-002,0,0.11486924,0,0.197
sub-002,0,0.110977896,0,0.197
sub-002,0,0.110390775,0,0.197
sub-002,0,0.113355964,0,0.197
sub-002,0,0.11770047,0,0.197
sub-002,0,0.10853514,0,0.197
sub-002,0,0.10853514,0,0.197
sub-002,0,0.113355964,0,0.197
sub-002,0,0.98661983,1,0.197
sub-002,0,0.110977896,0,0.197
sub-002,0,0.110977896,0,0.197
sub-002,0,0.110977896,0,0.197
sub-002,0,0.10853514,0,0.197
sub-002,0,0.110977896,0,0.197
sub-002,0,0.110977896,0,0.197
sub-002,0,0.9984274,1,0.197
sub-002,0,0.110977896,0,0.197
sub-002,0,0.110977896,0,0.197
sub-002,0,0.110977896,0,0.197
sub-002,0,0.18389006,0,0.197
sub-002,0,0.113355964,0,0.197
sub-002,0,0.0704806,0,0.197
sub-002,0,0.08837492,0,0.197
sub-002,0,0.113355964,0,0.197
sub-002,0,0.08837492,0,0.197
sub-002,0,0.09248989,0,0.197
sub-002,0,0.113355964,0,0.197
sub-002,0,0.0087226415,0,0.197
sub-002,0,0.077196114,0,0.197
sub-002,0,0.08890293,0,0.197
sub-002,0,0.03375969,0,0.197
sub-002,0,0.10795936,0,0.197
sub-002,0,0.110977896,0,0.197
sub-002,0,0.10853514,0,0.197
sub-002,0,0.11770047,0,0.197
sub-002,0,0.10853514,0,0.197
sub-002,0,0.041689806,0,0.197
sub-002,0,0.043687068,0,0.197
sub-002,0,0.04010695,0,0.197
sub-002,0,0.113355964,0,0.197
sub-002,0,0.113355964,0,0.197
sub-002,0,0.11770047,0,0.197
sub-002,0,0.08837492,0,0.197
sub-002,0,0.0704806,0,0.197
sub-002,0,0.08837492,0,0.197
sub-002,0,0.113355964,0,0.197
sub-002,0,0.11770047,0,0.197
sub-002,0,0.032247007,0,0.197
sub-002,0,0.09248989,0,0.197
sub-002,0,0.043687068,0,0.197
sub-002,0,0.04010695,0,0.197
sub-002,0,0.03164674,0,0.197
sub-002,0,0.030454611,0,0.197
sub-002,0,0.015668582,0,0.197
sub-002,0,0.017921213,0,0.197
sub-002,0,0.043687068,0,0.197
sub-002,0,0.042700164,0,0.197
sub-002,0,0.110390775,0,0.197
sub-002,0,0.110390775,0,0.197
sub-002,0,0.10853514,0,0.197
sub-002,0,0.08445828,0,0.197
sub-002,0,0.08837492,0,0.197
sub-002,0,0.113355964,0,0.197
sub-002,0,0.97852945,1,0.197
sub-002,0,0.10853514,0,0.197
sub-002,0,0.10853514,0,0.197
sub-002,0,0.041689806,0,0.197
sub-002,0,0.110977896,0,0.197
sub-002,0,0.110977896,0,0.197
sub-002,0,0.10853514,0,0.197
sub-002,0,0.10853514,0,0.197
sub-002,0,0.10853514,0,0.197
sub-002,0,0.032816708,0,0.197
sub-002,0,0.032816708,0,0.197
sub-002,0,0.041689806,0,0.197
sub-002,0,0.042700164,0,0.197
sub-002,0,0.042700164,0,0.197
sub-002,0,0.042700164,0,0.197
sub-002,0,0.042700164,0,0.197
sub-002,0,0.041689806,0,0.197
sub-002,0,0.042700164,0,0.197
sub-002,0,0.042700164,0,0.197
sub-002,0,0.042700164,0,0.197
sub-002,0,0.041689806,0,0.197
sub-002,0,0.04431675,0,0.197
sub-002,0,0.041689806,0,0.197
sub-002,0,0.113355964,0,0.197
sub-002,0,0.08837492,0,0.197
sub-002,0,0.113355964,0,0.197
sub-002,0,0.09248989,0,0.197
sub-002,0,0.08837492,0,0.197
sub-002,0,0.09248989,0,0.197
sub-002,0,0.0704806,0,0.197
sub-002,0,0.09248989,0,0.197
sub-002,0,0.113355964,0,0.197
sub-002,0,0.045924835,0,0.197
sub-002,0,0.020375904,0,0.197
sub-002,0,0.017921213,0,0.197
sub-002,0,0.020375904,0,0.197
sub-002,0,0.015668582,0,0.197
sub-002,0,0.015668582,0,0.197
sub-002,0,0.013575418,0,0.197
sub-002,0,0.011737568,0,0.197
sub-002,0,0.013575418,0,0.197
sub-002,0,0.013575418,0,0.197
sub-002,0,0.015668582,0,0.197
sub-002,0,0.011737568,0,0.197
sub-002,0,0.013575418,0,0.197
sub-002,0,0.013575418,0,0.197
sub-002,0,0.007969244,0,0.197
sub-002,0,0.007969244,0,0.197
sub-002,0,0.011737568,0,0.197
sub-002,0,0.013575418,0,0.197
sub-002,0,0.013575418,0,0.197
sub-002,0,0.013575418,0,0.197
sub-002,0,0.013575418,0,0.197
sub-002,0,0.032247007,0,0.197
sub-002,0,0.015668582,0,0.197
sub-002,0,0.0086071985,0,0.197
sub-002,0,0.017921213,0,0.197
sub-002,0,0.05730689,0,0.197
sub-002,0,0.020375904,0,0.197
sub-002,0,0.05730689,0,0.197
sub-002,0,0.05730689,0,0.197
sub-002,0,0.017921213,0,0.197
sub-002,0,0.026487542,0,0.197
sub-002,0,0.026487542,0,0.197
sub-002,0,0.11426417,0,0.197
sub-002,0,0.110390775,0,0.197
sub-002,0,0.079450384,0,0.197
sub-002,0,0.011737568,0,0.197
sub-002,0,0.015668582,0,0.197
sub-002,0,0.017921213,0,0.197
sub-002,0,0.015668582,0,0.197
sub-002,0,0.024496246,0,0.197
sub-002,0,0.020375904,0,0.197
sub-002,0,0.032247007,0,0.197
sub-002,0,0.032247007,0,0.197
sub-002,0,0.017921213,0,0.197
sub-002,0,0.017921213,0,0.197
sub-002,0,0.032247007,0,0.197
sub-002,0,0.05730689,0,0.197
sub-002,0,0.032247007,0,0.197
sub-002,0,0.05730689,0,0.197
sub-002,0,0.08837492,0,0.197
sub-002,0,0.045924835,0,0.197
sub-002,0,0.05730689,0,0.197
sub-002,0,0.026487542,0,0.197
sub-002,0,0.045924835,0,0.197
sub-002,0,0.08837492,0,0.197
sub-002,0,0.041452155,0,0.197
sub-002,0,0.043687068,0,0.197
sub-002,0,0.013575418,0,0.197
sub-002,0,0.017921213,0,0.197
sub-002,0,0.026487542,0,0.197
sub-002,0,0.043843318,0,0.197
sub-002,0,0.032247007,0,0.197
sub-002,0,0.020375904,0,0.197
sub-002,0,0.04010695,0,0.197
sub-002,0,0.04010695,0,0.197
sub-002,0,0.032247007,0,0.197
sub-002,0,0.015668582,0,0.197
sub-002,0,0.015668582,0,0.197
sub-002,0,0.0119787045,0,0.197
sub-002,0,0.04245701,0,0.197
sub-002,0,0.110977896,0,0.197
sub-002,0,0.110977896,0,0.197
sub-002,0,0.10853514,0,0.197
sub-002,0,0.0704806,0,0.197
sub-002,0,0.026487542,0,0.197
sub-002,0,0.007969244,0,0.197
sub-002,0,0.0086071985,0,0.197
sub-002,0,0.011737568,0,0.197
sub-002,0,0.011737568,0,0.197
sub-002,0,0.007969244,0,0.197
sub-002,0,0.011737568,0,0.197
sub-002,0,0.013575418,0,0.197
sub-002,0,0.010852328,0,0.197
sub-002,0,0.010852328,0,0.197
sub-002,0,0.017921213,0,0.197
sub-002,0,0.032247007,0,0.197
sub-002,0,0.015668582,0,0.197
sub-002,0,0.013575418,0,0.197
sub-002,0,0.011737568,0,0.197
sub-002,0,0.011737568,0,0.197
sub-002,0,0.011737568,0,0.197
sub-002,0,0.013575418,0,0.197
sub-002,0,0.015668582,0,0.197
sub-002,0,0.08837492,0,0.197
sub-002,0,0.113355964,0,0.197
sub-002,0,0.032247007,0,0.197
sub-002,0,0.017921213,0,0.197
sub-002,0,0.013575418,0,0.197
sub-002,0,0.017921213,0,0.197
sub-002,0,0.032247007,0,0.197
sub-002,0,0.08837492,0,0.197
sub-002,0,0.08837492,0,0.197
sub-002,0,0.020375904,0,0.197
sub-002,0,0.020375904,0,0.197
sub-002,0,0.045924835,0,0.197
sub-002,0,0.08837492,0,0.197
sub-002,0,0.05730689,0,0.197
sub-002,0,0.05730689,0,0.197
sub-002,0,0.08837492,0,0.197
sub-002,0,0.08837492,0,0.197
sub-002,0,0.08837492,0,0.197
sub-002,0,0.08837492,0,0.197
sub-002,0,0.0704806,0,0.197
sub-002,0,0.05730689,0,0.197
sub-002,0,0.08837492,0,0.197
sub-002,0,0.09248989,0,0.197
sub-002,0,0.08445828,0,0.197
sub-002,0,0.08445828,0,0.197
sub-002,0,0.08837492,0,0.197
sub-002,0,0.026487542,0,0.197
sub-002,0,0.0704806,0,0.197
sub-002,0,0.09248989,0,0.197
sub-002,0,0.08837492,0,0.197
sub-002,0,0.026487542,0,0.197
sub-002,0,0.026487542,0,0.197
sub-002,0,0.032247007,0,0.197
sub-002,0,0.08837492,0,0.197
sub-002,0,0.09248989,0,0.197
sub-002,0,0.08837492,0,0.197
sub-002,0,0.112757854,0,0.197
sub-002,0,0.10795936,0,0.197
sub-002,0,0.10795936,0,0.197
sub-002,0,0.10853514,0,0.197
sub-002,0,0.113355964,0,0.197
sub-002,0,0.112757854,0,0.197
sub-002,0,0.08837492,0,0.197
sub-002,0,0.032247007,0,0.197
sub-002,0,0.05730689,0,0.197
sub-002,0,0.112757854,0,0.197
sub-002,0,0.110390775,0,0.197
sub-002,0,0.0119787045,0,0.197
sub-002,0,0.043687068,0,0.197
sub-002,0,0.041689806,0,0.197
sub-002,0,0.04010695,0,0.197
sub-002,0,0.013575418,0,0.197
sub-002,0,0.030865055,0,0.197
sub-002,0,0.038239747,0,0.197
sub-002,0,0.017921213,0,0.197
sub-002,0,0.015668582,0,0.197
sub-002,0,0.026487542,0,0.197
sub-002,0,0.04010695,0,0.197
sub-002,0,0.04010695,0,0.197
sub-002,0,0.04010695,0,0.197
sub-002,0,0.032247007,0,0.197
sub-002,0,0.04010695,0,0.197
sub-002,0,0.041689806,0,0.197
sub-002,0,0.041689806,0,0.197
sub-002,0,0.04010695,0,0.197
sub-002,0,0.015668582,0,0.197
sub-002,0,0.013575418,0,0.197
sub-002,0,0.011737568,0,0.197
sub-002,0,0.0086071985,0,0.197
sub-002,0,0.011737568,0,0.197
sub-002,0,0.013575418,0,0.197
sub-002,0,0.011737568,0,0.197
sub-002,0,0.0086071985,0,0.197
sub-002,0,0.0086071985,0,0.197
sub-002,0,0.013575418,0,0.197
sub-002,0,0.011737568,0,0.197
sub-002,0,0.011737568,0,0.197
sub-002,0,0.015668582,0,0.197
sub-002,0,0.011737568,0,0.197
sub-002,0,0.010852328,0,0.197
sub-002,0,0.010852328,0,0.197
sub-002,0,0.010852328,0,0.197
sub-002,0,0.015668582,0,0.197
sub-002,0,0.032247007,0,0.197
sub-002,0,0.061742015,0,0.197
sub-002,0,0.0086071985,0,0.197
sub-002,0,0.0086071985,0,0.197
sub-002,0,0.011737568,0,0.197
sub-002,0,0.010852328,0,0.197
sub-002,0,0.011737568,0,0.197
sub-002,0,0.042700164,0,0.197
sub-002,0,0.65332806,1,0.197
sub-002,0,0.013575418,0,0.197
sub-002,0,0.011737568,0,0.197
sub-002,0,0.011737568,0,0.197
sub-002,0,0.007969244,0,0.197
sub-002,0,0.007969244,0,0.197
sub-002,0,0.011737568,0,0.197
sub-002,0,0.011737568,0,0.197
sub-002,0,0.0086071985,0,0.197
sub-002,0,0.007969244,0,0.197
sub-002,0,0.013575418,0,0.197
sub-002,0,0.015668582,0,0.197
sub-002,0,0.011737568,0,0.197
sub-002,0,0.011737568,0,0.197
sub-002,0,0.007969244,0,0.197
sub-002,0,0.0086071985,0,0.197
sub-002,0,0.013575418,0,0.197
sub-002,0,0.017921213,0,0.197
sub-002,0,0.017921213,0,0.197
sub-002,0,0.013575418,0,0.197
sub-002,0,0.020375904,0,0.197
sub-002,0,0.043843318,0,0.197
sub-002,0,0.024496246,0,0.197
sub-002,0,0.04143396,0,0.197
sub-002,0,0.020375904,0,0.197
sub-002,0,0.017921213,0,0.197
sub-002,0,0.013607484,0,0.197
sub-002,0,0.032247007,0,0.197
sub-002,0,0.017921213,0,0.197
sub-002,0,0.032247007,0,0.197
sub-002,0,0.04010695,0,0.197
sub-002,0,0.04010695,0,0.197
sub-002,0,0.03164674,0,0.197
sub-002,0,0.030454611,0,0.197
sub-002,0,0.04010695,0,0.197
sub-002,0,0.04010695,0,0.197
sub-002,0,0.032247007,0,0.197
sub-002,0,0.030454611,0,0.197
sub-002,0,0.020375904,0,0.197
sub-002,0,0.04010695,0,0.197
sub-002,0,0.04010695,0,0.197
sub-002,0,0.04010695,0,0.197
sub-002,0,0.04010695,0,0.197
sub-002,0,0.04010695,0,0.197
sub-002,0,0.030865055,0,0.197
sub-002,0,0.039182313,0,0.197
sub-002,0,0.032247007,0,0.197
sub-002,0,0.015668582,0,0.197
sub-002,0,0.032247007,0,0.197
sub-002,0,0.030454611,0,0.197
sub-002,0,0.032247007,0,0.197
sub-002,0,0.030865055,0,0.197
sub-002,0,0.030454611,0,0.197
sub-002,0,0.026487542,0,0.197
sub-002,0,0.017921213,0,0.197
sub-002,0,0.015668582,0,0.197
sub-002,0,0.032247007,0,0.197
sub-002,0,0.030865055,0,0.197
sub-002,0,0.03164674,0,0.197
sub-002,0,0.026487542,0,0.197
sub-002,0,0.03164674,0,0.197
sub-002,0,0.21931985,1,0.197
sub-002,0,0.93330866,1,0.197
sub-002,0,0.9300879,1,0.197
sub-002,0,0.86151016,1,0.197
sub-002,0,0.87114275,1,0.197
sub-002,0,0.90526694,1,0.197
sub-002,0,0.035118606,0,0.197
sub-002,0,0.04822736,0,0.197
sub-002,0,0.9300879,1,0.197
sub-002,0,0.9229413,1,0.197
sub-002,0,0.9229413,1,0.197
sub-002,0,0.8436011,1,0.197
sub-002,0,0.035118606,0,0.197
sub-002,0,0.035118606,0,0.197
sub-002,0,0.61296475,1,0.197
sub-002,0,0.04822736,0,0.197
sub-002,0,0.042456467,0,0.197
sub-002,0,0.042456467,0,0.197
sub-002,0,0.042456467,0,0.197
sub-002,0,0.04822736,0,0.197
sub-002,0,0.77628094,1,0.197
sub-002,0,0.77628094,1,0.197
sub-002,0,0.74709046,1,0.197
sub-002,0,0.77628094,1,0.197
sub-002,0,0.74709046,1,0.197
sub-002,0,0.74709046,1,0.197
sub-002,0,0.74709046,1,0.197
sub-002,0,0.74709046,1,0.197
sub-002,0,0.9853872,1,0.197
sub-002,0,0.9875327,1,0.197
sub-002,0,0.9875327,1,0.197
sub-002,0,0.9885866,1,0.197
sub-002,0,0.98661983,1,0.197
sub-002,0,0.98661983,1,0.197
sub-002,0,0.98661983,1,0.197
sub-002,0,0.98661983,1,0.197
sub-002,0,0.9755156,1,0.197
sub-002,0,0.9715332,1,0.197
sub-002,0,0.96279526,1,0.197
sub-002,0,0.9715332,1,0.197
sub-002,0,0.9755156,1,0.197
sub-002,0,0.9715332,1,0.197
sub-002,0,0.96279526,1,0.197
sub-002,0,0.96279526,1,0.197
sub-002,0,0.9750097,1,0.197
sub-002,0,0.9609765,1,0.197
sub-002,0,0.9715332,1,0.197
sub-002,0,0.9755156,1,0.197
sub-002,0,0.96279526,1,0.197
sub-002,0,0.9645466,1,0.197
sub-002,0,0.9750097,1,0.197
sub-002,0,0.9755156,1,0.197
sub-002,0,0.9755156,1,0.197
sub-002,0,0.97252816,1,0.197
sub-002,0,0.96924835,1,0.197
sub-002,0,0.9755156,1,0.197
sub-002,0,0.9755156,1,0.197
sub-002,0,0.96279526,1,0.197
sub-002,0,0.9715332,1,0.197
sub-002,0,0.9755156,1,0.197
sub-002,0,0.9715332,1,0.197
sub-002,0,0.96279526,1,0.197
sub-002,0,0.9755156,1,0.197
sub-002,0,0.9604477,1,0.197
sub-002,0,0.911506,1,0.197
sub-002,0,0.08837492,0,0.197
sub-002,0,0.05730689,0,0.197
sub-002,0,0.08837492,0,0.197
sub-002,0,0.10853514,0,0.197
sub-002,0,0.113355964,0,0.197
sub-002,0,0.09089491,0,0.197
sub-002,0,0.10853514,0,0.197
sub-002,0,0.10853514,0,0.197
sub-002,0,0.10853514,0,0.197
sub-002,0,0.110977896,0,0.197
sub-002,0,0.110977896,0,0.197
sub-002,0,0.09184878,0,0.197
sub-002,0,0.07460852,0,0.197
sub-002,0,0.08785198,0,0.197
sub-002,0,0.08785198,0,0.197
sub-002,0,0.08785198,0,0.197
sub-002,0,0.08785198,0,0.197
sub-002,0,0.08785198,0,0.197
sub-002,0,0.026292112,0,0.197
sub-002,0,0.08987617,0,0.197
sub-002,0,0.08987617,0,0.197
sub-002,0,0.08987617,0,0.197
sub-002,0,0.08987617,0,0.197
sub-002,0,0.08837492,0,0.197
sub-002,0,0.08837492,0,0.197
sub-002,0,0.113355964,0,0.197
sub-002,0,0.10853514,0,0.197
sub-002,0,0.10853514,0,0.197
sub-002,0,0.10853514,0,0.197
sub-002,0,0.10853514,0,0.197
sub-002,0,0.113355964,0,0.197
sub-002,0,0.10853514,0,0.197
sub-002,0,0.110977896,0,0.197
sub-002,0,0.110977896,0,0.197
sub-002,0,0.08837492,0,0.197
sub-002,0,0.10853514,0,0.197
sub-002,0,0.110977896,0,0.197
sub-002,0,0.09847516,0,0.197
sub-002,0,0.09847516,0,0.197
sub-002,0,0.09847516,0,0.197
sub-002,0,0.09847516,0,0.197
sub-002,0,0.011465986,0,0.197
sub-002,0,0.009092291,0,0.197
sub-002,0,0.009092291,0,0.197
sub-002,0,0.110977896,0,0.197
sub-002,0,0.100597546,0,0.197
sub-002,0,0.013082046,0,0.197
sub-002,0,0.013082046,0,0.197
sub-002,0,0.011465986,0,0.197
sub-002,0,0.011465986,0,0.197
sub-002,0,0.110977896,0,0.197
sub-002,0,0.033006556,0,0.197
sub-002,0,0.033006556,0,0.197
sub-002,0,0.013082046,0,0.197
sub-002,0,0.0063173873,0,0.197
sub-002,0,0.008770072,0,0.197
sub-002,0,0.113355964,0,0.197
sub-002,0,0.08837492,0,0.197
sub-002,0,0.08837492,0,0.197
sub-002,0,0.113355964,0,0.197
sub-002,0,0.08445828,0,0.197
sub-002,0,0.113355964,0,0.197
sub-002,0,0.113355964,0,0.197
sub-002,0,0.113355964,0,0.197
sub-002,0,0.08837492,0,0.197
sub-002,0,0.113355964,0,0.197
sub-002,0,0.10853514,0,0.197
sub-002,0,0.10853514,0,0.197
sub-002,0,0.113355964,0,0.197
sub-002,0,0.10853514,0,0.197
sub-002,0,0.09248989,0,0.197
sub-002,0,0.08837492,0,0.197
sub-002,0,0.08837492,0,0.197
sub-002,0,0.10853514,0,0.197
sub-002,0,0.110390775,0,0.197
sub-002,0,0.110390775,0,0.197
sub-002,0,0.10853514,0,0.197
sub-002,0,0.11486924,0,0.197
sub-002,0,0.08837492,0,0.197
sub-002,0,0.032247007,0,0.197
sub-002,0,0.113355964,0,0.197
sub-002,0,0.10853514,0,0.197
sub-002,0,0.113355964,0,0.197
sub-002,0,0.032247007,0,0.197
sub-002,0,0.015668582,0,0.197
sub-002,0,0.05730689,0,0.197
sub-002,0,0.113355964,0,0.197
sub-002,0,0.110977896,0,0.197
sub-002,0,0.110977896,0,0.197
sub-002,0,0.10853514,0,0.197
sub-002,0,0.10853514,0,0.197
sub-002,0,0.10853514,0,0.197
sub-002,0,0.10853514,0,0.197
sub-002,0,0.09248989,0,0.197
sub-002,0,0.110977896,0,0.197
sub-002,0,0.110390775,0,0.197
sub-002,0,0.110390775,0,0.197
sub-002,0,0.113355964,0,0.197
sub-002,0,0.11486924,0,0.197
sub-002,0,0.110977896,0,0.197
sub-002,0,0.110977896,0,0.197
sub-002,0,0.110977896,0,0.197
sub-002,0,0.110977896,0,0.197
sub-002,0,0.110977896,0,0.197
sub-002,0,0.110977896,0,0.197
sub-002,0,0.110977896,0,0.197
sub-002,0,0.10795936,0,0.197
sub-002,0,0.08837492,0,0.197
sub-002,0,0.08837492,0,0.197
sub-002,0,0.113355964,0,0.197
sub-002,0,0.08837492,0,0.197
sub-002,0,0.08837492,0,0.197
sub-002,0,0.08837492,0,0.197
sub-002,0,0.10853514,0,0.197
sub-002,0,0.10853514,0,0.197
sub-002,0,0.08837492,0,0.197
sub-002,0,0.032247007,0,0.197
sub-002,0,0.08837492,0,0.197
sub-002,0,0.08837492,0,0.197
sub-002,0,0.09248989,0,0.197
sub-002,0,0.10853514,0,0.197
sub-002,0,0.113355964,0,0.197
sub-002,0,0.113355964,0,0.197
sub-002,0,0.113355964,0,0.197
sub-002,0,0.110390775,0,0.197
sub-002,0,0.110390775,0,0.197
sub-002,0,0.10795936,0,0.197
sub-002,0,0.045924835,0,0.197
sub-002,0,0.08837492,0,0.197
sub-002,0,0.08837492,0,0.197
sub-002,0,0.10853514,0,0.197
sub-002,0,0.110977896,0,0.197
sub-002,0,0.10853514,0,0.197
sub-002,0,0.110977896,0,0.197
sub-002,0,0.10853514,0,0.197
sub-002,0,0.08837492,0,0.197
sub-002,0,0.11770047,0,0.197
sub-002,0,0.032247007,0,0.197
sub-002,0,0.05730689,0,0.197
sub-002,0,0.113355964,0,0.197
sub-002,0,0.10853514,0,0.197
sub-002,0,0.113355964,0,0.197
sub-002,0,0.05730689,0,0.197
sub-002,0,0.05730689,0,0.197
sub-002,0,0.05730689,0,0.197
sub-002,0,0.08837492,0,0.197
sub-002,0,0.08837492,0,0.197
sub-002,0,0.10853514,0,0.197
sub-002,0,0.110977896,0,0.197
sub-002,0,0.110977896,0,0.197
sub-002,0,0.110390775,0,0.197
sub-002,0,0.110977896,0,0.197
sub-002,0,0.110977896,0,0.197
sub-002,0,0.110390775,0,0.197
sub-002,0,0.110390775,0,0.197
sub-002,0,0.110390775,0,0.197
sub-002,0,0.110390775,0,0.197
sub-002,0,0.110977896,0,0.197
sub-002,0,0.10853514,0,0.197
sub-002,0,0.027255261,0,0.197
sub-002,0,0.027255261,0,0.197
sub-002,0,0.032816708,0,0.197
sub-002,0,0.10853514,0,0.197
sub-002,0,0.110390775,0,0.197
sub-002,0,0.110390775,0,0.197
sub-002,0,0.008770072,0,0.197
sub-002,0,0.008770072,0,0.197
sub-002,0,0.008770072,0,0.197
sub-002,0,0.110390775,0,0.197
sub-002,0,0.02938058,0,0.197
sub-002,0,0.008770072,0,0.197
sub-002,0,0.008770072,0,0.197
sub-002,0,0.110390775,0,0.197
sub-002,0,0.110390775,0,0.197
sub-002,0,0.110390775,0,0.197
sub-002,0,0.110390775,0,0.197
sub-002,0,0.110390775,0,0.197
sub-002,0,0.110390775,0,0.197
sub-002,0,0.110390775,0,0.197
sub-002,0,0.110390775,0,0.197
sub-002,0,0.110390775,0,0.197
sub-002,0,0.110390775,0,0.197
sub-002,0,0.110390775,0,0.197
sub-002,0,0.110390775,0,0.197
sub-002,0,0.110390775,0,0.197
sub-002,0,0.032816708,0,0.197
sub-002,0,0.032816708,0,0.197
sub-002,0,0.033006556,0,0.197
sub-002,0,0.033006556,0,0.197
sub-002,0,0.110390775,0,0.197
sub-002,0,0.110390775,0,0.197
sub-002,0,0.10853514,0,0.197
sub-002,0,0.110977896,0,0.197
sub-002,0,0.110977896,0,0.197
sub-002,0,0.110977896,0,0.197
sub-002,0,0.110977896,0,0.197
sub-002,0,0.110977896,0,0.197
sub-002,0,0.110390775,0,0.197
sub-002,0,0.110390775,0,0.197
sub-002,0,0.090085864,0,0.197
sub-002,0,0.110977896,0,0.197
sub-002,0,0.110977896,0,0.197
sub-002,0,0.10853514,0,0.197
sub-002,0,0.110977896,0,0.197
sub-002,0,0.06063186,0,0.197
sub-002,0,0.110977896,0,0.197
sub-002,0,0.110977896,0,0.197
sub-002,0,0.10853514,0,0.197
sub-002,0,0.10853514,0,0.197
sub-002,0,0.113355964,0,0.197
sub-002,0,0.113355964,0,0.197
sub-002,0,0.11770047,0,0.197
sub-002,0,0.11770047,0,0.197
sub-002,0,0.113355964,0,0.197
sub-002,0,0.10853514,0,0.197
sub-002,0,0.10853514,0,0.197
sub-002,0,0.10853514,0,0.197
sub-002,0,0.110977896,0,0.197
sub-002,0,0.033006556,0,0.197
sub-002,0,0.033006556,0,0.197
sub-002,0,0.110977896,0,0.197
sub-002,0,0.10853514,0,0.197
sub-002,0,0.033954803,0,0.197
sub-002,0,0.113355964,0,0.197
sub-002,0,0.11770047,0,0.197
sub-002,0,0.113355964,0,0.197
sub-002,0,0.113355964,0,0.197
sub-002,0,0.11770047,0,0.197
sub-002,0,0.11770047,0,0.197
sub-002,0,0.09089491,0,0.197
sub-002,0,0.10853514,0,0.197
sub-002,0,0.10853514,0,0.197
sub-002,0,0.113355964,0,0.197
sub-002,0,0.09248989,0,0.197
sub-002,0,0.08837492,0,0.197
sub-002,0,0.034856062,0,0.197
sub-002,0,0.043843318,0,0.197
sub-002,0,0.11770047,0,0.197
sub-002,0,0.10853514,0,0.197
sub-002,0,0.113355964,0,0.197
sub-002,0,0.08445828,0,0.197
sub-002,0,0.08837492,0,0.197
sub-002,0,0.08837492,0,0.197
sub-002,0,0.11770047,0,0.197
sub-002,0,0.11770047,0,0.197
sub-002,0,0.113355964,0,0.197
sub-002,0,0.113355964,0,0.197
sub-002,0,0.11486924,0,0.197
sub-002,0,0.113355964,0,0.197
sub-002,0,0.11770047,0,0.197
sub-002,0,0.020375904,0,0.197
sub-002,0,0.015668582,0,0.197
sub-002,0,0.0704806,0,0.197
sub-002,0,0.10853514,0,0.197
sub-002,0,0.10853514,0,0.197
sub-002,0,0.110977896,0,0.197
sub-002,0,0.110977896,0,0.197
sub-002,0,0.11770047,0,0.197
sub-002,0,0.113355964,0,0.197
sub-002,0,0.10853514,0,0.197
sub-002,0,0.110977896,0,0.197
sub-002,0,0.110977896,0,0.197
sub-002,0,0.10853514,0,0.197
sub-002,0,0.10853514,0,0.197
sub-002,0,0.08837492,0,0.197
sub-002,0,0.05730689,0,0.197
sub-002,0,0.10853514,0,0.197
sub-002,0,0.110977896,0,0.197
sub-002,0,0.110977896,0,0.197
sub-002,0,0.10853514,0,0.197
sub-002,0,0.08837492,0,0.197
sub-002,0,0.015668582,0,0.197
sub-002,0,0.10853514,0,0.197
sub-002,0,0.110977896,0,0.197
sub-002,0,0.113355964,0,0.197
sub-002,0,0.06063186,0,0.197
sub-002,0,0.110977896,0,0.197
sub-002,0,0.10853514,0,0.197
sub-002,0,0.10853514,0,0.197
sub-002,0,0.0704806,0,0.197
sub-002,0,0.08837492,0,0.197
sub-002,0,0.0704806,0,0.197
sub-002,0,0.08837492,0,0.197
sub-002,0,0.10853514,0,0.197
sub-002,0,0.08837492,0,0.197
sub-002,0,0.032247007,0,0.197
sub-002,0,0.077196114,0,0.197
sub-002,0,0.08837492,0,0.197
sub-002,0,0.08837492,0,0.197
sub-002,0,0.113355964,0,0.197
sub-002,0,0.033954803,0,0.197
sub-002,0,0.08890293,0,0.197
sub-002,0,0.077196114,0,0.197
sub-002,0,0.113355964,0,0.197
sub-002,0,0.113355964,0,0.197
sub-002,0,0.061814003,0,0.197
sub-002,0,0.020375904,0,0.197
sub-002,0,0.024496246,0,0.197
sub-002,0,0.06001898,0,0.197
sub-002,0,0.10853514,0,0.197
sub-002,0,0.10853514,0,0.197
sub-002,0,0.05730689,0,0.197
sub-002,0,0.08837492,0,0.197
sub-002,0,0.10853514,0,0.197
sub-002,0,0.110977896,0,0.197
sub-002,0,0.10853514,0,0.197
sub-002,0,0.10853514,0,0.197
sub-002,0,0.113355964,0,0.197
sub-002,0,0.113355964,0,0.197
sub-002,0,0.10853514,0,0.197
sub-002,0,0.10853514,0,0.197
sub-002,0,0.18389006,0,0.197
sub-002,0,0.98661983,1,0.197
sub-002,0,0.98661983,1,0.197
sub-002,0,0.98661983,1,0.197
sub-002,0,0.9885866,1,0.197
sub-002,0,0.98661983,1,0.197
sub-002,0,0.10853514,0,0.197
sub-002,0,0.10853514,0,0.197
sub-002,0,0.10853514,0,0.197
sub-002,0,0.10853514,0,0.197
sub-002,0,0.09248989,0,0.197
sub-002,0,0.08837492,0,0.197
sub-002,0,0.09248989,0,0.197
sub-002,0,0.113355964,0,0.197
sub-002,0,0.09089491,0,0.197
sub-002,0,0.113355964,0,0.197
sub-002,0,0.113355964,0,0.197
sub-002,0,0.08837492,0,0.197
sub-002,0,0.113355964,0,0.197
sub-002,0,0.08837492,0,0.197
sub-002,0,0.08837492,0,0.197
sub-002,0,0.10853514,0,0.197
sub-002,0,0.11486924,0,0.197
sub-002,0,0.08445828,0,0.197
sub-002,0,0.09248989,0,0.197
sub-002,0,0.032247007,0,0.197
sub-002,0,0.017921213,0,0.197
sub-002,0,0.09479967,0,0.197
sub-002,0,0.113355964,0,0.197
sub-002,0,0.10853514,0,0.197
sub-002,0,0.10853514,0,0.197
sub-002,0,0.10853514,0,0.197
sub-002,0,0.032247007,0,0.197
sub-002,0,0.08837492,0,0.197
sub-002,0,0.113355964,0,0.197
sub-002,0,0.05730689,0,0.197
sub-002,0,0.113355964,0,0.197
sub-002,0,0.10853514,0,0.197
sub-002,0,0.10853514,0,0.197
sub-002,0,0.10853514,0,0.197
sub-002,0,0.10853514,0,0.197
sub-002,0,0.113355964,0,0.197
sub-002,0,0.09248989,0,0.197
sub-002,0,0.10853514,0,0.197
sub-002,0,0.10853514,0,0.197
sub-002,0,0.113355964,0,0.197
sub-002,0,0.06212407,0,0.197
sub-002,0,0.11770047,0,0.197
sub-002,0,0.113355964,0,0.197
sub-002,0,0.08837492,0,0.197
sub-002,0,0.05730689,0,0.197
sub-002,0,0.10853514,0,0.197
sub-002,0,0.110977896,0,0.197
sub-002,0,0.013082046,0,0.197
sub-002,0,0.011465986,0,0.197
sub-002,0,0.011465986,0,0.197
sub-002,0,0.013082046,0,0.197
sub-002,0,0.011465986,0,0.197
sub-002,0,0.011465986,0,0.197
sub-002,0,0.09847516,0,0.197
sub-002,0,0.110977896,0,0.197
sub-002,0,0.110977896,0,0.197
sub-002,0,0.9974801,1,0.197
sub-002,0,0.99824524,1,0.197
sub-002,0,0.9984274,1,0.197
sub-002,0,0.9980129,1,0.197
sub-002,0,0.99772984,1,0.197
sub-002,0,0.99749583,1,0.197
sub-002,0,0.99749583,1,0.197
sub-002,0,0.1537442,0,0.197
sub-002,0,0.1537442,0,0.197
sub-002,0,0.008248032,0,0.197
sub-002,0,0.008248032,0,0.197
sub-002,0,0.006830308,0,0.197
sub-002,0,0.0060174325,0,0.197
sub-002,0,0.011465986,0,0.197
sub-002,0,0.013082046,0,0.197
sub-002,0,0.013082046,0,0.197
sub-002,0,0.10853514,0,0.197
sub-002,0,0.033006556,0,0.197
sub-002,0,0.110977896,0,0.197
sub-002,0,0.110977896,0,0.197
sub-002,0,0.10853514,0,0.197
sub-002,0,0.10853514,0,0.197
sub-002,0,0.110977896,0,0.197
sub-002,0,0.10853514,0,0.197
sub-002,0,0.10853514,0,0.197
sub-002,0,0.10853514,0,0.197
sub-002,0,0.113355964,0,0.197
sub-002,0,0.10853514,0,0.197
sub-002,0,0.033006556,0,0.197
sub-002,0,0.110390775,0,0.197
sub-002,0,0.110977896,0,0.197
sub-002,0,0.110977896,0,0.197
sub-002,0,0.110977896,0,0.197
sub-002,0,0.110977896,0,0.197
sub-002,0,0.110977896,0,0.197
sub-002,0,0.110977896,0,0.197
sub-002,0,0.110977896,0,0.197
sub-002,0,0.110977896,0,0.197
sub-002,0,0.09847516,0,0.197
sub-002,0,0.110977896,0,0.197
sub-002,0,0.0704806,0,0.197
sub-002,0,0.08837492,0,0.197
sub-002,0,0.113355964,0,0.197
sub-002,0,0.10853514,0,0.197
sub-002,0,0.110977896,0,0.197
sub-002,0,0.110977896,0,0.197
sub-002,0,0.10853514,0,0.197
sub-002,0,0.11770047,0,0.197
sub-002,0,0.09248989,0,0.197
sub-002,0,0.032816708,0,0.197
sub-002,0,0.10853514,0,0.197
sub-002,0,0.10853514,0,0.197
sub-002,0,0.10853514,0,0.197
sub-002,0,0.10853514,0,0.197
sub-002,0,0.10853514,0,0.197
sub-002,0,0.10853514,0,0.197
sub-002,0,0.10853514,0,0.197
sub-002,0,0.10853514,0,0.197
sub-002,0,0.110977896,0,0.197
sub-002,0,0.110977896,0,0.197
sub-002,0,0.110977896,0,0.197
sub-002,0,0.10853514,0,0.197
sub-002,0,0.113355964,0,0.197
sub-002,0,0.10853514,0,0.197
sub-002,0,0.113355964,0,0.197
sub-002,0,0.08445828,0,0.197
sub-002,0,0.11486924,0,0.197
sub-002,0,0.110977896,0,0.197
sub-002,0,0.10853514,0,0.197
sub-002,0,0.10853514,0,0.197
sub-002,0,0.110977896,0,0.197
sub-002,0,0.10853514,0,0.197
sub-002,0,0.113355964,0,0.197
sub-002,0,0.10853514,0,0.197
sub-002,0,0.033954803,0,0.197
sub-002,0,0.033954803,0,0.197
sub-002,0,0.10853514,0,0.197
sub-002,0,0.033954803,0,0.197
sub-002,0,0.0087226415,0,0.197
sub-002,0,0.110977896,0,0.197
sub-002,0,0.110977896,0,0.197
sub-002,0,0.110977896,0,0.197
sub-002,0,0.110390775,0,0.197
sub-002,0,0.110977896,0,0.197
sub-002,0,0.10853514,0,0.197
sub-002,0,0.10853514,0,0.197
sub-002,0,0.113355964,0,0.197
sub-002,0,0.10853514,0,0.197
sub-002,0,0.110977896,0,0.197
sub-002,0,0.110977896,0,0.197
sub-002,0,0.110977896,0,0.197
sub-002,0,0.11486924,0,0.197
sub-002,0,0.08837492,0,0.197
sub-002,0,0.043843318,0,0.197
sub-002,0,0.031014282,0,0.197
sub-002,0,0.113355964,0,0.197
sub-002,0,0.113355964,0,0.197
sub-002,0,0.113355964,0,0.197
sub-002,0,0.113355964,0,0.197
sub-002,0,0.10853514,0,0.197
sub-002,0,0.10853514,0,0.197
sub-002,0,0.05730689,0,0.197
sub-002,0,0.113355964,0,0.197
sub-002,0,0.10853514,0,0.197
sub-002,0,0.10853514,0,0.197
sub-002,0,0.110977896,0,0.197
sub-002,0,0.10853514,0,0.197
sub-002,0,0.113355964,0,0.197
sub-002,0,0.09089491,0,0.197
sub-002,0,0.113355964,0,0.197
sub-002,0,0.10853514,0,0.197
sub-002,0,0.10853514,0,0.197
sub-002,0,0.110977896,0,0.197
sub-002,0,0.10853514,0,0.197
sub-002,0,0.08890293,0,0.197
sub-002,0,0.113355964,0,0.197
sub-002,0,0.10853514,0,0.197
sub-002,0,0.10853514,0,0.197
sub-002,0,0.110977896,0,0.197
sub-002,0,0.110977896,0,0.197
sub-002,0,0.11486924,0,0.197
sub-002,0,0.009757878,0,0.197
sub-002,0,0.033006556,0,0.197
sub-002,0,0.033954803,0,0.197
sub-002,0,0.113355964,0,0.197
sub-002,0,0.08837492,0,0.197
sub-002,0,0.08837492,0,0.197
sub-002,0,0.08837492,0,0.197
sub-002,0,0.10853514,0,0.197
sub-002,0,0.10853514,0,0.197
sub-002,0,0.113355964,0,0.197
sub-002,0,0.10853514,0,0.197
sub-002,0,0.110977896,0,0.197
sub-002,0,0.110977896,0,0.197
sub-002,0,0.10853514,0,0.197
sub-002,0,0.10853514,0,0.197
sub-002,0,0.033954803,0,0.197
sub-002,0,0.055990532,0,0.197
sub-002,0,0.110977896,0,0.197
sub-002,0,0.110977896,0,0.197
sub-002,0,0.10853514,0,0.197
sub-002,0,0.10853514,0,0.197
sub-002,0,0.110977896,0,0.197
sub-002,0,0.110977896,0,0.197
sub-002,0,0.027255261,0,0.197
sub-002,0,0.005725022,0,0.197
sub-002,0,0.055990532,0,0.197
sub-002,0,0.110977896,0,0.197
sub-002,0,0.033006556,0,0.197
sub-002,0,0.11770047,0,0.197
sub-002,0,0.094483696,0,0.197
sub-002,0,0.18389006,0,0.197
sub-002,0,0.18767177,0,0.197
sub-002,0,0.18767177,0,0.197
sub-002,0,0.18767177,0,0.197
sub-002,0,0.18389006,0,0.197
sub-002,0,0.10644516,0,0.197
sub-002,0,0.05941787,0,0.197
sub-002,0,0.18767177,0,0.197
sub-002,0,0.023944883,0,0.197
sub-002,0,0.16816309,0,0.197
sub-002,0,0.021015478,0,0.197
sub-002,0,0.15004274,0,0.197
sub-002,0,0.97760665,1,0.197
sub-002,0,0.5888631,1,0.197
sub-002,0,0.59628344,1,0.197
sub-002,0,0.9980878,1,0.197
sub-002,0,0.5637784,1,0.197
sub-002,0,0.53946954,1,0.197
sub-002,0,0.53946954,1,0.197
sub-002,0,0.5637784,1,0.197
sub-002,0,0.9978154,1,0.197
sub-002,0,0.5637784,1,0.197
sub-002,0,0.53946954,1,0.197
sub-002,0,0.998018,1,0.197
sub-002,0,0.9984274,1,0.197
sub-002,0,0.9984274,1,0.197
sub-002,0,0.998418,1,0.197
sub-002,0,0.998418,1,0.197
sub-002,0,0.9984274,1,0.197
sub-002,0,0.9984274,1,0.197
sub-002,0,0.9984274,1,0.197
sub-002,0,0.9984274,1,0.197
sub-002,0,0.98661983,1,0.197
sub-002,0,0.9844147,1,0.197
sub-002,0,0.98661983,1,0.197
sub-002,0,0.91159236,1,0.197
sub-002,0,0.98661983,1,0.197
sub-002,0,0.9885866,1,0.197
sub-002,0,0.98661983,1,0.197
sub-002,0,0.9695123,1,0.197
sub-002,0,0.98661983,1,0.197
sub-002,0,0.9844147,1,0.197
sub-002,0,0.9686354,1,0.197
sub-002,0,0.9697048,1,0.197
sub-002,0,0.9973797,1,0.197
sub-002,0,0.9844147,1,0.197
sub-002,0,0.98661983,1,0.197
sub-002,0,0.98661983,1,0.197
sub-002,0,0.9844147,1,0.197
sub-002,0,0.97852945,1,0.197
sub-002,0,0.99689204,1,0.197
sub-002,0,0.9978447,1,0.197
sub-002,0,0.99815327,1,0.197
sub-002,0,0.99783903,1,0.197
sub-002,0,0.99815327,1,0.197
sub-002,0,0.9984274,1,0.197
sub-002,0,0.98661983,1,0.197
sub-002,0,0.9978447,1,0.197
sub-002,0,0.9981142,1,0.197
sub-002,0,0.98661983,1,0.197
sub-002,0,0.9844147,1,0.197
sub-002,0,0.95713866,1,0.197
sub-002,0,0.9962224,1,0.197
sub-002,0,0.9776586,1,0.197
sub-002,0,0.9844147,1,0.197
sub-002,0,0.9776586,1,0.197
sub-002,0,0.9871727,1,0.197
sub-002,0,0.99815327,1,0.197
sub-002,0,0.98661983,1,0.197
sub-002,0,0.98661983,1,0.197
sub-002,0,0.98661983,1,0.197
sub-002,0,0.9844147,1,0.197
sub-002,0,0.9695123,1,0.197
sub-002,0,0.98661983,1,0.197
sub-002,0,0.9885866,1,0.197
sub-002,0,0.98661983,1,0.197
sub-002,0,0.98661983,1,0.197
sub-002,0,0.9885866,1,0.197
sub-002,0,0.9885866,1,0.197
sub-002,0,0.98661983,1,0.197
sub-002,0,0.9984274,1,0.197
sub-002,0,0.9984274,1,0.197
sub-002,0,0.9686354,1,0.197
sub-002,0,0.86276364,1,0.197
sub-002,0,0.998418,1,0.197
sub-002,0,0.99815327,1,0.197
sub-002,0,0.94673747,1,0.197
sub-002,0,0.90510917,1,0.197
sub-002,0,0.978745,1,0.197
sub-002,0,0.8559637,1,0.197
sub-002,0,0.60736156,1,0.197
sub-002,0,0.98248106,1,0.197
sub-002,0,0.978745,1,0.197
sub-002,0,0.98077893,1,0.197
sub-002,0,0.9957281,1,0.197
sub-002,0,0.9695123,1,0.197
sub-002,0,0.99815327,1,0.197
sub-002,0,0.99815327,1,0.197
sub-002,0,0.9972978,1,0.197
sub-002,0,0.9970155,1,0.197
sub-002,0,0.9970155,1,0.197
sub-002,0,0.9978447,1,0.197
sub-002,0,0.98015726,1,0.197
sub-002,0,0.9844147,1,0.197
sub-002,0,0.9970155,1,0.197
sub-002,0,0.9972007,1,0.197
sub-002,0,0.9972007,1,0.197
sub-002,0,0.99357116,1,0.197
sub-002,0,0.9695123,1,0.197
sub-002,0,0.99747366,1,0.197
sub-002,0,0.9844147,1,0.197
sub-002,0,0.98634017,1,0.197
sub-002,0,0.98661983,1,0.197
sub-002,0,0.9844147,1,0.197
sub-002,0,0.99815327,1,0.197
sub-002,0,0.99815327,1,0.197
sub-002,0,0.99815327,1,0.197
sub-002,0,0.9978447,1,0.197
sub-002,0,0.99815327,1,0.197
sub-002,0,0.9984274,1,0.197
sub-002,0,0.9885866,1,0.197
sub-002,0,0.99815327,1,0.197
sub-002,0,0.9984274,1,0.197
sub-002,0,0.9885866,1,0.197
sub-002,0,0.9844147,1,0.197
sub-002,0,0.98661983,1,0.197
sub-002,0,0.99815327,1,0.197
sub-002,0,0.99815327,1,0.197
sub-002,0,0.9844147,1,0.197
sub-002,0,0.98661983,1,0.197
sub-002,0,0.99815327,1,0.197
sub-002,0,0.9885866,1,0.197
sub-002,0,0.9885866,1,0.197
sub-002,0,0.9885866,1,0.197
sub-002,0,0.9984274,1,0.197
sub-002,0,0.9984274,1,0.197
sub-002,0,0.9984274,1,0.197
sub-002,0,0.98661983,1,0.197
sub-002,0,0.9885866,1,0.197
sub-002,0,0.9885866,1,0.197
sub-002,0,0.9885866,1,0.197
sub-002,0,0.98661983,1,0.197
sub-002,0,0.98661983,1,0.197
sub-002,0,0.98661983,1,0.197
sub-002,0,0.9885866,1,0.197
sub-002,0,0.98634017,1,0.197
sub-002,0,0.9844147,1,0.197
sub-002,0,0.9844147,1,0.197
sub-002,0,0.98661983,1,0.197
sub-002,0,0.9885866,1,0.197
sub-002,0,0.98661983,1,0.197
sub-002,0,0.9885866,1,0.197
sub-002,0,0.98661983,1,0.197
sub-002,0,0.9849664,1,0.197
sub-002,0,0.98661983,1,0.197
sub-002,0,0.98661983,1,0.197
sub-002,0,0.98661983,1,0.197
sub-002,0,0.9885866,1,0.197
sub-002,0,0.9885866,1,0.197
sub-002,0,0.9978447,1,0.197
sub-002,0,0.99724567,1,0.197
sub-002,0,0.9962224,1,0.197
sub-002,0,0.9844147,1,0.197
sub-002,0,0.98661983,1,0.197
sub-002,0,0.98661983,1,0.197
sub-002,0,0.98661983,1,0.197
sub-002,0,0.9844147,1,0.197
sub-002,0,0.98661983,1,0.197
sub-002,0,0.98661983,1,0.197
sub-002,0,0.9844147,1,0.197
sub-002,0,0.98661983,1,0.197
sub-002,0,0.98661983,1,0.197
sub-002,0,0.9849664,1,0.197
sub-002,0,0.98661983,1,0.197
sub-002,0,0.98661983,1,0.197
sub-002,0,0.9844147,1,0.197
sub-002,0,0.9885866,1,0.197
sub-002,0,0.9984274,1,0.197
sub-002,0,0.99689204,1,0.197
sub-002,0,0.98661983,1,0.197
sub-002,0,0.9885866,1,0.197
sub-002,0,0.98661983,1,0.197
sub-002,0,0.99775475,1,0.197
sub-002,0,0.9984274,1,0.197
sub-002,0,0.98661983,1,0.197
sub-002,0,0.9770851,1,0.197
sub-002,0,0.9776586,1,0.197
sub-002,0,0.98661983,1,0.197
sub-002,0,0.998418,1,0.197
sub-002,0,0.0187856,0,0.197
sub-002,0,0.43635648,1,0.197
sub-002,0,0.86557645,1,0.197
sub-002,0,0.86346835,1,0.197
sub-002,0,0.998418,1,0.197
sub-002,0,0.998418,1,0.197
sub-002,0,0.998418,1,0.197
sub-002,0,0.998418,1,0.197
sub-002,0,0.998418,1,0.197
sub-002,0,0.998418,1,0.197
sub-002,0,0.9803206,1,0.197
sub-002,0,0.9803206,1,0.197
sub-002,0,0.998418,1,0.197
sub-002,0,0.9984274,1,0.197
sub-002,0,0.99815327,1,0.197
sub-002,0,0.9984274,1,0.197
sub-002,0,0.9984274,1,0.197
sub-002,0,0.9885866,1,0.197
sub-002,0,0.9984274,1,0.197
sub-002,0,0.9984274,1,0.197
sub-002,0,0.9844147,1,0.197
sub-002,0,0.9885866,1,0.197
sub-002,0,0.9885866,1,0.197
sub-002,0,0.9984274,1,0.197
sub-002,0,0.9984274,1,0.197
sub-002,0,0.98661983,1,0.197
sub-002,0,0.98661983,1,0.197
sub-002,0,0.9695123,1,0.197
sub-002,0,0.9844147,1,0.197
sub-002,0,0.99775475,1,0.197
sub-002,0,0.98661983,1,0.197
sub-002,0,0.9984274,1,0.197
sub-002,0,0.91730714,1,0.197
sub-002,0,0.6414837,1,0.197
sub-002,0,0.6414837,1,0.197
sub-002,0,0.6414837,1,0.197
sub-002,0,0.6325781,1,0.197
sub-002,0,0.57348216,1,0.197
sub-002,0,0.90478086,1,0.197
sub-002,0,0.91730714,1,0.197
sub-002,0,0.6414837,1,0.197
sub-002,0,0.838896,1,0.197
sub-002,0,0.91730714,1,0.197
sub-002,0,0.90118814,1,0.197
sub-002,0,0.91730714,1,0.197
sub-002,0,0.91730714,1,0.197
sub-002,0,0.9776586,1,0.197
sub-002,0,0.9844147,1,0.197
sub-002,0,0.9776586,1,0.197
sub-002,0,0.64915454,1,0.197
sub-002,0,0.60736156,1,0.197
sub-002,0,0.9844147,1,0.197
sub-002,0,0.9844147,1,0.197
sub-002,0,0.98015726,1,0.197
sub-002,0,0.98248106,1,0.197
sub-002,0,0.9885866,1,0.197
sub-002,0,0.9885866,1,0.197
sub-002,0,0.9885866,1,0.197
sub-002,0,0.98661983,1,0.197
sub-002,0,0.98661983,1,0.197
sub-002,0,0.98661983,1,0.197
sub-002,0,0.98661983,1,0.197
sub-002,0,0.98661983,1,0.197
sub-002,0,0.9984274,1,0.197
sub-002,0,0.9885866,1,0.197
sub-002,0,0.9984274,1,0.197
sub-002,0,0.9984274,1,0.197
sub-002,0,0.9885866,1,0.197
sub-002,0,0.9885866,1,0.197
sub-002,0,0.9885866,1,0.197
sub-002,0,0.9885866,1,0.197
sub-002,0,0.9885866,1,0.197
sub-002,0,0.9885866,1,0.197
sub-002,0,0.9885866,1,0.197
sub-002,0,0.9885866,1,0.197
sub-002,0,0.9984274,1,0.197
sub-002,0,0.9984274,1,0.197
sub-002,0,0.9984274,1,0.197
sub-002,0,0.9885866,1,0.197
sub-002,0,0.98661983,1,0.197
sub-002,0,0.9984274,1,0.197
sub-002,0,0.9287257,1,0.197
sub-002,0,0.9287257,1,0.197
sub-002,0,0.9287257,1,0.197
sub-002,0,0.99815327,1,0.197
sub-002,0,0.9980878,1,0.197
sub-002,0,0.9885866,1,0.197
sub-002,0,0.9984274,1,0.197
sub-002,0,0.9172911,1,0.197
sub-002,0,0.011165167,0,0.197
sub-002,0,0.042456467,0,0.197
sub-002,0,0.042456467,0,0.197
sub-002,0,0.012789911,0,0.197
sub-002,0,0.008309108,0,0.197
sub-002,0,0.005457116,0,0.197
sub-002,0,0.010403635,0,0.197
sub-002,0,0.010403635,0,0.197
sub-002,0,0.08148055,0,0.197
sub-002,0,0.110977896,0,0.197
sub-002,0,0.110977896,0,0.197
sub-002,0,0.110977896,0,0.197
sub-002,0,0.013082046,0,0.197
sub-002,0,0.011465986,0,0.197
sub-002,0,0.011465986,0,0.197
sub-002,0,0.013082046,0,0.197
sub-002,0,0.013082046,0,0.197
sub-002,0,0.15485673,0,0.197
sub-002,0,0.998418,1,0.197
sub-002,0,0.998418,1,0.197
sub-002,0,0.110390775,0,0.197
sub-002,0,0.10853514,0,0.197
sub-002,0,0.10853514,0,0.197
sub-002,0,0.110977896,0,0.197
sub-002,0,0.110977896,0,0.197
sub-002,0,0.110977896,0,0.197
sub-002,0,0.110977896,0,0.197
sub-002,0,0.110977896,0,0.197
sub-002,0,0.110977896,0,0.197
sub-002,0,0.110977896,0,0.197
sub-002,0,0.110977896,0,0.197
sub-002,0,0.10853514,0,0.197
sub-002,0,0.10853514,0,0.197
sub-002,0,0.112757854,0,0.197
sub-002,0,0.08837492,0,0.197
sub-002,0,0.17081639,0,0.197
sub-002,0,0.018857235,0,0.197
sub-002,0,0.23230484,1,0.197
sub-002,0,0.9229413,1,0.197
sub-002,0,0.21931985,1,0.197
sub-002,0,0.041689806,0,0.197
sub-002,0,0.10853514,0,0.197
sub-002,0,0.10853514,0,0.197
sub-002,0,0.10853514,0,0.197
sub-002,0,0.110977896,0,0.197
sub-002,0,0.10853514,0,0.197
sub-002,0,0.10853514,0,0.197
sub-002,0,0.10853514,0,0.197
sub-002,0,0.110977896,0,0.197
sub-002,0,0.110977896,0,0.197
sub-002,0,0.10853514,0,0.197
sub-002,0,0.10853514,0,0.197
sub-002,0,0.10853514,0,0.197
sub-002,0,0.110977896,0,0.197
sub-002,0,0.110977896,0,0.197
sub-002,0,0.110977896,0,0.197
sub-002,0,0.110977896,0,0.197
sub-002,0,0.110977896,0,0.197
sub-002,0,0.043687068,0,0.197
sub-002,0,0.04010695,0,0.197
sub-002,0,0.0119787045,0,0.197
sub-002,0,0.110390775,0,0.197
sub-002,0,0.10853514,0,0.197
sub-002,0,0.10795936,0,0.197
sub-002,0,0.09248989,0,0.197
sub-002,0,0.113355964,0,0.197
sub-002,0,0.10853514,0,0.197
sub-002,0,0.10853514,0,0.197
sub-002,0,0.10853514,0,0.197
sub-002,0,0.10853514,0,0.197
sub-002,0,0.10853514,0,0.197
sub-002,0,0.10853514,0,0.197
sub-002,0,0.10853514,0,0.197
sub-002,0,0.10853514,0,0.197
sub-002,0,0.110977896,0,0.197
sub-002,0,0.110977896,0,0.197
sub-002,0,0.110977896,0,0.197
sub-002,0,0.09248989,0,0.197
sub-002,0,0.032247007,0,0.197
sub-002,0,0.032247007,0,0.197
sub-002,0,0.094483696,0,0.197
sub-002,0,0.077196114,0,0.197
sub-002,0,0.08837492,0,0.197
sub-002,0,0.08837492,0,0.197
sub-002,0,0.08837492,0,0.197
sub-002,0,0.11486924,0,0.197
sub-002,0,0.08837492,0,0.197
sub-002,0,0.017921213,0,0.197
sub-002,0,0.09248989,0,0.197
sub-002,0,0.10853514,0,0.197
sub-002,0,0.113355964,0,0.197
sub-002,0,0.08837492,0,0.197
sub-002,0,0.10853514,0,0.197
sub-002,0,0.10853514,0,0.197
sub-002,0,0.10853514,0,0.197
sub-002,0,0.113355964,0,0.197
sub-002,0,0.095079064,0,0.197
sub-002,0,0.113355964,0,0.197
sub-002,0,0.10853514,0,0.197
sub-002,0,0.11770047,0,0.197
sub-002,0,0.08445828,0,0.197
sub-002,0,0.113355964,0,0.197
sub-002,0,0.08837492,0,0.197
sub-002,0,0.110977896,0,0.197
sub-002,0,0.110977896,0,0.197
sub-002,0,0.10853514,0,0.197
sub-002,0,0.113355964,0,0.197
sub-002,0,0.05730689,0,0.197
sub-002,0,0.020375904,0,0.197
sub-002,0,0.08837492,0,0.197
sub-002,0,0.032247007,0,0.197
sub-002,0,0.08445828,0,0.197
sub-002,0,0.10853514,0,0.197
sub-002,0,0.09248989,0,0.197
sub-002,0,0.020375904,0,0.197
sub-002,0,0.077196114,0,0.197
sub-002,0,0.113355964,0,0.197
sub-002,0,0.09248989,0,0.197
sub-002,0,0.08837492,0,0.197
sub-002,0,0.08837492,0,0.197
sub-002,0,0.10853514,0,0.197
sub-002,0,0.10853514,0,0.197
sub-002,0,0.08837492,0,0.197
sub-002,0,0.08837492,0,0.197
sub-002,0,0.08837492,0,0.197
sub-002,0,0.10853514,0,0.197
sub-002,0,0.10853514,0,0.197
sub-002,0,0.11486924,0,0.197
sub-002,0,0.08837492,0,0.197
sub-002,0,0.034856062,0,0.197
sub-002,0,0.11770047,0,0.197
sub-002,0,0.110977896,0,0.197
sub-002,0,0.110977896,0,0.197
sub-002,0,0.110977896,0,0.197
sub-002,0,0.110977896,0,0.197
sub-002,0,0.110977896,0,0.197
sub-002,0,0.110977896,0,0.197
sub-002,0,0.18767177,0,0.197
sub-002,0,0.18767177,0,0.197
sub-002,0,0.18767177,0,0.197
sub-002,0,0.18767177,0,0.197
sub-002,0,0.18767177,0,0.197
sub-002,0,0.18389006,0,0.197
sub-002,0,0.18767177,0,0.197
sub-002,0,0.9984274,1,0.197
sub-002,0,0.9984274,1,0.197
sub-002,0,0.9885866,1,0.197
sub-002,0,0.9885866,1,0.197
sub-002,0,0.9984274,1,0.197
sub-002,0,0.9977884,1,0.197
sub-002,0,0.53946954,1,0.197
sub-002,0,0.998018,1,0.197
sub-002,0,0.9984274,1,0.197
sub-002,0,0.9984274,1,0.197
sub-002,0,0.9984274,1,0.197
sub-002,0,0.99815327,1,0.197
sub-002,0,0.99815327,1,0.197
sub-002,0,0.9984274,1,0.197
sub-002,0,0.9984274,1,0.197
sub-002,0,0.99775475,1,0.197
sub-002,0,0.9984274,1,0.197
sub-002,0,0.9287257,1,0.197
sub-002,0,0.9287257,1,0.197
sub-002,0,0.9287257,1,0.197
sub-002,0,0.67625344,1,0.197
sub-002,0,0.6414837,1,0.197
sub-002,0,0.7104512,1,0.197
sub-002,0,0.7104512,1,0.197
sub-002,0,0.7104512,1,0.197
sub-002,0,0.7104512,1,0.197
sub-002,0,0.7104512,1,0.197
sub-002,0,0.64985734,1,0.197
sub-002,0,0.6414837,1,0.197
sub-002,0,0.6325781,1,0.197
sub-002,0,0.04260089,0,0.197
sub-002,0,0.03736414,0,0.197
sub-002,0,0.03736414,0,0.197
sub-002,0,0.03736414,0,0.197
sub-002,0,0.03246826,0,0.197
sub-002,0,0.016412076,0,0.197
sub-002,0,0.016412076,0,0.197
sub-002,0,0.03736414,0,0.197
sub-002,0,0.04260089,0,0.197
sub-002,0,0.57348216,1,0.197
sub-002,0,0.04260089,0,0.197
sub-002,0,0.03736414,0,0.197
sub-002,0,0.17365289,0,0.197
sub-002,0,0.6080276,1,0.197
sub-002,0,0.9972978,1,0.197
sub-002,0,0.063813046,0,0.197
sub-002,0,0.083707355,0,0.197
sub-002,0,0.75030744,1,0.197
sub-002,0,0.9776586,1,0.197
sub-002,0,0.9776586,1,0.197
sub-002,0,0.10664106,0,0.197
sub-002,0,0.09479967,0,0.197
sub-002,0,0.9972978,1,0.197
sub-002,0,0.9978447,1,0.197
sub-002,0,0.9973797,1,0.197
sub-002,0,0.9973797,1,0.197
sub-002,0,0.9957281,1,0.197
sub-002,0,0.9970155,1,0.197
sub-002,0,0.9978447,1,0.197
sub-002,0,0.9957281,1,0.197
sub-002,0,0.99815327,1,0.197
sub-002,0,0.99815327,1,0.197
sub-002,0,0.99637234,1,0.197
sub-002,0,0.99815327,1,0.197
sub-002,0,0.99815327,1,0.197
sub-002,0,0.9972978,1,0.197
sub-002,0,0.9957281,1,0.197
sub-002,0,0.9916631,1,0.197
sub-002,0,0.9957281,1,0.197
sub-002,0,0.9978447,1,0.197
sub-002,0,0.9978447,1,0.197
sub-002,0,0.9972978,1,0.197
sub-002,0,0.99395776,1,0.197
sub-002,0,0.9957281,1,0.197
sub-002,0,0.9957281,1,0.197
sub-002,0,0.9957281,1,0.197
sub-002,0,0.9957281,1,0.197
sub-002,0,0.9957281,1,0.197
sub-002,0,0.9972978,1,0.197
sub-002,0,0.9957281,1,0.197
sub-002,0,0.99395776,1,0.197
sub-002,0,0.9957281,1,0.197
sub-002,0,0.4010611,1,0.197
sub-002,0,0.4010611,1,0.197
sub-002,0,0.99395776,1,0.197
sub-002,0,0.9957281,1,0.197
sub-002,0,0.9957281,1,0.197
sub-002,0,0.96937615,1,0.197
sub-002,0,0.4666604,1,0.197
sub-002,0,0.9957281,1,0.197
sub-002,0,0.9978447,1,0.197
sub-002,0,0.9978447,1,0.197
sub-002,0,0.9972978,1,0.197
sub-002,0,0.9957281,1,0.197
sub-002,0,0.9957281,1,0.197
sub-002,0,0.9978447,1,0.197
sub-002,0,0.9957281,1,0.197
sub-002,0,0.4666604,1,0.197
sub-002,0,0.9916631,1,0.197
sub-002,0,0.9957281,1,0.197
sub-002,0,0.9916631,1,0.197
sub-002,0,0.43427578,1,0.197
sub-002,0,0.4666604,1,0.197
sub-002,0,0.9916631,1,0.197
sub-002,0,0.90478086,1,0.197
sub-002,0,0.9287257,1,0.197
sub-002,0,0.9972173,1,0.197
sub-002,0,0.9157021,1,0.197
sub-002,0,0.9157021,1,0.197
sub-002,0,0.62795514,1,0.197
sub-002,0,0.90478086,1,0.197
sub-002,0,0.91730714,1,0.197
sub-002,0,0.91730714,1,0.197
sub-002,0,0.91730714,1,0.197
sub-002,0,0.9957281,1,0.197
sub-002,0,0.9695123,1,0.197
sub-002,0,0.99689204,1,0.197
sub-002,0,0.9263718,1,0.197
sub-002,0,0.8666227,1,0.197
sub-002,0,0.9076293,1,0.197
sub-002,0,0.46428445,1,0.197
sub-002,0,0.03736414,0,0.197
sub-002,0,0.88031125,1,0.197
sub-002,0,0.88031125,1,0.197
sub-002,0,0.90386087,1,0.197
sub-002,0,0.9695123,1,0.197
sub-002,0,0.8812113,1,0.197
sub-002,0,0.8626786,1,0.197
sub-002,0,0.9263718,1,0.197
sub-002,0,0.24538293,1,0.197
sub-002,0,0.05088453,0,0.197
sub-002,0,0.67795354,1,0.197
sub-002,0,0.8825894,1,0.197
sub-002,0,0.9014104,1,0.197
sub-002,0,0.8833782,1,0.197
sub-002,0,0.64915454,1,0.197
sub-002,0,0.91730714,1,0.197
sub-002,0,0.91730714,1,0.197
sub-002,0,0.88985056,1,0.197
sub-002,0,0.8833782,1,0.197
sub-002,0,0.91730714,1,0.197
sub-002,0,0.9981142,1,0.197
sub-002,0,0.9695123,1,0.197
sub-002,0,0.9776586,1,0.197
sub-002,0,0.8462476,1,0.197
sub-002,0,0.90312046,1,0.197
sub-002,0,0.9776586,1,0.197
sub-002,0,0.9573423,1,0.197
sub-002,0,0.9844147,1,0.197
sub-002,0,0.9972978,1,0.197
sub-002,0,0.9957281,1,0.197
sub-002,0,0.9978447,1,0.197
sub-002,0,0.9869419,1,0.197
sub-002,0,0.90478086,1,0.197
sub-002,0,0.6325781,1,0.197
sub-002,0,0.6325781,1,0.197
sub-002,0,0.6325781,1,0.197
sub-002,0,0.6325781,1,0.197
sub-002,0,0.57348216,1,0.197
sub-002,0,0.8825894,1,0.197
sub-002,0,0.8825894,1,0.197
sub-002,0,0.57348216,1,0.197
sub-002,0,0.7031922,1,0.197
sub-002,0,0.58785737,1,0.197
sub-002,0,0.57348216,1,0.197
sub-002,0,0.7031922,1,0.197
sub-002,0,0.32942173,1,0.197
sub-002,0,0.6414837,1,0.197
sub-002,0,0.6325781,1,0.197
sub-002,0,0.57348216,1,0.197
sub-002,0,0.6414837,1,0.197
sub-002,0,0.64985734,1,0.197
sub-002,0,0.60471034,1,0.197
sub-002,0,0.028145669,0,0.197
sub-002,0,0.0069225635,0,0.197
sub-002,0,0.0069225635,0,0.197
sub-002,0,0.0069225635,0,0.197
sub-002,0,0.0069225635,0,0.197
sub-002,0,0.028145669,0,0.197
sub-002,0,0.03246826,0,0.197
sub-002,0,0.04260089,0,0.197
sub-002,0,0.03246826,0,0.197
sub-002,0,0.016412076,0,0.197
sub-002,0,0.028145669,0,0.197
sub-002,0,0.0069225635,0,0.197
sub-002,0,0.0069225635,0,0.197
sub-002,0,0.026055565,0,0.197
sub-002,0,0.026055565,0,0.197
sub-002,0,0.016412076,0,0.197
sub-002,0,0.026055565,0,0.197
sub-002,0,0.016412076,0,0.197
sub-002,0,0.03736414,0,0.197
sub-002,0,0.46428445,1,0.197
sub-002,0,0.60471034,1,0.197
sub-002,0,0.46428445,1,0.197
sub-002,0,0.028145669,0,0.197
sub-002,0,0.016412076,0,0.197
sub-002,0,0.016412076,0,0.197
sub-002,0,0.026055565,0,0.197
sub-002,0,0.0069225635,0,0.197
sub-002,0,0.028145669,0,0.197
sub-002,0,0.028145669,0,0.197
sub-002,0,0.03736414,0,0.197
sub-002,0,0.03736414,0,0.197
sub-002,0,0.016412076,0,0.197
sub-002,0,0.0069225635,0,0.197
sub-002,0,0.028145669,0,0.197
sub-002,0,0.46428445,1,0.197
sub-002,0,0.028145669,0,0.197
sub-002,0,0.0069225635,0,0.197
sub-002,0,0.0069225635,0,0.197
sub-002,0,0.0069225635,0,0.197
sub-002,0,0.016412076,0,0.197
sub-002,0,0.028145669,0,0.197
sub-002,0,0.016412076,0,0.197
sub-002,0,0.0069225635,0,0.197
sub-002,0,0.0069225635,0,0.197
sub-002,0,0.0069225635,0,0.197
sub-002,0,0.016412076,0,0.197
sub-002,0,0.0069225635,0,0.197
sub-002,0,0.0069225635,0,0.197
sub-002,0,0.028145669,0,0.197
sub-002,0,0.028145669,0,0.197
sub-002,0,0.03736414,0,0.197
sub-002,0,0.03246826,0,0.197
sub-002,0,0.03246826,0,0.197
sub-002,0,0.073200814,0,0.197
sub-002,0,0.99775475,1,0.197
sub-002,0,0.59628344,1,0.197
sub-002,0,0.59628344,1,0.197
sub-002,0,0.53946954,1,0.197
sub-002,0,0.998018,1,0.197
sub-002,0,0.9885866,1,0.197
sub-002,0,0.98661983,1,0.197
sub-002,0,0.073200814,0,0.197
sub-002,0,0.8119774,1,0.197
sub-002,0,0.8119774,1,0.197
sub-002,0,0.09479967,0,0.197
sub-002,0,0.10664106,0,0.197
sub-002,0,0.09479967,0,0.197
sub-002,0,0.073200814,0,0.197
sub-002,0,0.073200814,0,0.197
sub-002,0,0.073200814,0,0.197
sub-002,0,0.083707355,0,0.197
sub-002,0,0.10664106,0,0.197
sub-002,0,0.09479967,0,0.197
sub-002,0,0.8119774,1,0.197
sub-002,0,0.9128807,1,0.197
sub-002,0,0.93514687,1,0.197
sub-002,0,0.17587513,0,0.197
sub-002,0,0.47734505,1,0.197
sub-002,0,0.9573423,1,0.197
sub-002,0,0.083707355,0,0.197
sub-002,0,0.9419543,1,0.197
sub-002,0,0.19338542,0,0.197
sub-002,0,0.19338542,0,0.197
sub-002,0,0.9697048,1,0.197
sub-002,0,0.95713866,1,0.197
sub-002,0,0.9776586,1,0.197
sub-002,0,0.98052627,1,0.197
sub-002,0,0.60736156,1,0.197
sub-002,0,0.60736156,1,0.197
sub-002,0,0.902968,1,0.197
sub-002,0,0.9770851,1,0.197
sub-002,0,0.9697048,1,0.197
sub-002,0,0.9697048,1,0.197
sub-002,0,0.98052627,1,0.197
sub-002,0,0.902968,1,0.197
sub-002,0,0.902968,1,0.197
sub-002,0,0.98052627,1,0.197
sub-002,0,0.8812113,1,0.197
sub-002,0,0.98052627,1,0.197
sub-002,0,0.9844147,1,0.197
sub-002,0,0.99815327,1,0.197
sub-002,0,0.99815327,1,0.197
sub-002,0,0.98661983,1,0.197
sub-002,0,0.9984274,1,0.197
sub-002,0,0.99815327,1,0.197
sub-002,0,0.99815327,1,0.197
sub-002,0,0.99815327,1,0.197
sub-002,0,0.99815327,1,0.197
sub-002,0,0.99815327,1,0.197
sub-002,0,0.99815327,1,0.197
sub-002,0,0.99815327,1,0.197
sub-002,0,0.99815327,1,0.197
sub-002,0,0.9978447,1,0.197
sub-002,0,0.9972978,1,0.197
sub-002,0,0.9978447,1,0.197
sub-002,0,0.9981142,1,0.197
sub-002,0,0.99815327,1,0.197
sub-002,0,0.9981142,1,0.197
sub-002,0,0.9978447,1,0.197
sub-002,0,0.99815327,1,0.197
sub-002,0,0.9973356,1,0.197
sub-002,0,0.9973356,1,0.197
sub-002,0,0.9970873,1,0.197
sub-002,0,0.99539584,1,0.197
sub-002,0,0.99764365,1,0.197
sub-002,0,0.9979382,1,0.197
sub-002,0,0.99764365,1,0.197
sub-002,0,0.99539584,1,0.197
sub-002,0,0.99764365,1,0.197
sub-002,0,0.99539584,1,0.197
sub-002,0,0.99539584,1,0.197
sub-002,0,0.9065547,1,0.197
sub-002,0,0.89914775,1,0.197
sub-002,0,0.8048617,1,0.197
sub-002,0,0.86151016,1,0.197
sub-002,0,0.86151016,1,0.197
sub-002,0,0.86151016,1,0.197
sub-002,0,0.86151016,1,0.197
sub-002,0,0.9065547,1,0.197
sub-002,0,0.91886854,1,0.197
sub-002,0,0.9065547,1,0.197
sub-002,0,0.86151016,1,0.197
sub-002,0,0.86151016,1,0.197
sub-002,0,0.8048617,1,0.197
sub-002,0,0.7927516,1,0.197
sub-002,0,0.86151016,1,0.197
sub-002,0,0.86151016,1,0.197
sub-002,0,0.8128463,1,0.197
sub-002,0,0.8654538,1,0.197
sub-002,0,0.8534935,1,0.197
sub-002,0,0.8718108,1,0.197
sub-002,0,0.91886854,1,0.197
sub-002,0,0.8900873,1,0.197
sub-002,0,0.8921666,1,0.197
sub-002,0,0.71674186,1,0.197
sub-002,0,0.90302175,1,0.197
sub-002,0,0.91886854,1,0.197
sub-002,0,0.9065547,1,0.197
sub-002,0,0.86151016,1,0.197
sub-002,0,0.69066393,1,0.197
sub-002,0,0.5440261,1,0.197
sub-002,0,0.69066393,1,0.197
sub-002,0,0.61868554,1,0.197
sub-002,0,0.9096096,1,0.197
sub-002,0,0.90783185,1,0.197
sub-002,0,0.45656124,1,0.197
sub-002,0,0.19922361,1,0.197
sub-002,0,0.69066393,1,0.197
sub-002,0,0.27156156,1,0.197
sub-002,0,0.91886854,1,0.197
sub-002,0,0.91886854,1,0.197
sub-002,0,0.91886854,1,0.197
sub-002,0,0.91886854,1,0.197
sub-002,0,0.8718108,1,0.197
sub-002,0,0.8718108,1,0.197
sub-002,0,0.74709046,1,0.197
sub-002,0,0.5656144,1,0.197
sub-002,0,0.90783185,1,0.197
sub-002,0,0.8309047,1,0.197
sub-002,0,0.27156156,1,0.197
sub-002,0,0.74709046,1,0.197
sub-002,0,0.8885944,1,0.197
sub-002,0,0.8799524,1,0.197
sub-002,0,0.8885944,1,0.197
sub-002,0,0.9172911,1,0.197
sub-002,0,0.91886854,1,0.197
sub-002,0,0.90302175,1,0.197
sub-002,0,0.91886854,1,0.197
sub-002,0,0.90302175,1,0.197
sub-002,0,0.74709046,1,0.197
sub-002,0,0.90302175,1,0.197
sub-002,0,0.9065547,1,0.197
sub-002,0,0.8954015,1,0.197
sub-002,0,0.9096096,1,0.197
sub-002,0,0.9065547,1,0.197
sub-002,0,0.8900873,1,0.197
sub-002,0,0.5402606,1,0.197
sub-002,0,0.9065547,1,0.197
sub-002,0,0.90783185,1,0.197
sub-002,0,0.9065547,1,0.197
sub-002,0,0.9065547,1,0.197
sub-002,0,0.9065547,1,0.197
sub-002,0,0.74709046,1,0.197
sub-002,0,0.74709046,1,0.197
sub-002,0,0.74709046,1,0.197
sub-002,0,0.91886854,1,0.197
sub-002,0,0.91886854,1,0.197
sub-002,0,0.91886854,1,0.197
sub-002,0,0.9300879,1,0.197
sub-002,0,0.9300879,1,0.197
sub-002,0,0.93330866,1,0.197
sub-002,0,0.24713103,1,0.197
sub-002,0,0.028998852,0,0.197
sub-002,0,0.041689806,0,0.197
sub-002,0,0.043687068,0,0.197
sub-002,0,0.04010695,0,0.197
sub-002,0,0.04245701,0,0.197
sub-002,0,0.04245701,0,0.197
sub-002,0,0.041689806,0,0.197
sub-002,0,0.006718043,0,0.197
sub-002,0,0.007905331,0,0.197
sub-002,0,0.007905331,0,0.197
sub-002,0,0.013005259,0,0.197
sub-002,0,0.010403635,0,0.197
sub-002,0,0.110977896,0,0.197
sub-002,0,0.100597546,0,0.197
sub-002,0,0.011465986,0,0.197
sub-002,0,0.011465986,0,0.197
sub-002,0,0.110977896,0,0.197
sub-002,0,0.110977896,0,0.197
sub-002,0,0.110977896,0,0.197
sub-002,0,0.110977896,0,0.197
sub-002,0,0.110390775,0,0.197
sub-002,0,0.010403635,0,0.197
sub-002,0,0.013005259,0,0.197
sub-002,0,0.110390775,0,0.197
sub-002,0,0.010403635,0,0.197
sub-002,0,0.10005915,0,0.197
sub-002,0,0.110977896,0,0.197
sub-002,0,0.110977896,0,0.197
sub-002,0,0.10853514,0,0.197
sub-002,0,0.99815327,1,0.197
sub-002,0,0.53946954,1,0.197
sub-002,0,0.53946954,1,0.197
sub-002,0,0.99824524,1,0.197
sub-002,0,0.9885866,1,0.197
sub-002,0,0.9885866,1,0.197
sub-002,0,0.98661983,1,0.197
sub-002,0,0.98052627,1,0.197
sub-002,0,0.9419543,1,0.197
sub-002,0,0.073200814,0,0.197
sub-002,0,0.059235718,0,0.197
sub-002,0,0.059235718,0,0.197
sub-002,0,0.028273761,0,0.197
sub-002,0,0.063813046,0,0.197
sub-002,0,0.073200814,0,0.197
sub-002,0,0.073200814,0,0.197
sub-002,0,0.09479967,0,0.197
sub-002,0,0.083707355,0,0.197
sub-002,0,0.8119774,1,0.197
sub-002,0,0.9573423,1,0.197
sub-002,0,0.09479967,0,0.197
sub-002,0,0.104877934,0,0.197
sub-002,0,0.007969244,0,0.197
sub-002,0,0.007969244,0,0.197
sub-002,0,0.007969244,0,0.197
sub-002,0,0.010852328,0,0.197
sub-002,0,0.1913396,0,0.197
sub-002,0,0.10644516,0,0.197
sub-002,0,0.0086071985,0,0.197
sub-002,0,0.011737568,0,0.197
sub-002,0,0.013575418,0,0.197
sub-002,0,0.015668582,0,0.197
sub-002,0,0.015668582,0,0.197
sub-002,0,0.011737568,0,0.197
sub-002,0,0.0086071985,0,0.197
sub-002,0,0.011737568,0,0.197
sub-002,0,0.015668582,0,0.197
sub-002,0,0.017921213,0,0.197
sub-002,0,0.011737568,0,0.197
sub-002,0,0.007969244,0,0.197
sub-002,0,0.007969244,0,0.197
sub-002,0,0.007969244,0,0.197
sub-002,0,0.007969244,0,0.197
sub-002,0,0.0086071985,0,0.197
sub-002,0,0.011737568,0,0.197
sub-002,0,0.013575418,0,0.197
sub-002,0,0.013575418,0,0.197
sub-002,0,0.013575418,0,0.197
sub-002,0,0.05730689,0,0.197
sub-002,0,0.015668582,0,0.197
sub-002,0,0.0086071985,0,0.197
sub-002,0,0.017921213,0,0.197
sub-002,0,0.0704806,0,0.197
sub-002,0,0.08837492,0,0.197
sub-002,0,0.032247007,0,0.197
sub-002,0,0.013575418,0,0.197
sub-002,0,0.017921213,0,0.197
sub-002,0,0.013575418,0,0.197
sub-002,0,0.007969244,0,0.197
sub-002,0,0.011737568,0,0.197
sub-002,0,0.045924835,0,0.197
sub-002,0,0.09248989,0,0.197
sub-002,0,0.08837492,0,0.197
sub-002,0,0.017921213,0,0.197
sub-002,0,0.015668582,0,0.197
sub-002,0,0.045924835,0,0.197
sub-002,0,0.045924835,0,0.197
sub-002,0,0.010852328,0,0.197
sub-002,0,0.010852328,0,0.197
sub-002,0,0.0086071985,0,0.197
sub-002,0,0.010852328,0,0.197
sub-002,0,0.015668582,0,0.197
sub-002,0,0.011737568,0,0.197
sub-002,0,0.013575418,0,0.197
sub-002,0,0.015668582,0,0.197
sub-002,0,0.017921213,0,0.197
sub-002,0,0.0704806,0,0.197
sub-002,0,0.08837492,0,0.197
sub-002,0,0.045924835,0,0.197
sub-002,0,0.08837492,0,0.197
sub-002,0,0.08837492,0,0.197
sub-002,0,0.020375904,0,0.197
sub-002,0,0.015668582,0,0.197
sub-002,0,0.017921213,0,0.197
sub-002,0,0.013575418,0,0.197
sub-002,0,0.0086071985,0,0.197
sub-002,0,0.013575418,0,0.197
sub-002,0,0.013575418,0,0.197
sub-002,0,0.013575418,0,0.197
sub-002,0,0.017921213,0,0.197
sub-002,0,0.017921213,0,0.197
sub-002,0,0.015668582,0,0.197
sub-002,0,0.015668582,0,0.197
sub-002,0,0.013575418,0,0.197
sub-002,0,0.020375904,0,0.197
sub-002,0,0.05730689,0,0.197
sub-002,0,0.013575418,0,0.197
sub-002,0,0.013575418,0,0.197
sub-002,0,0.01695981,0,0.197
sub-002,0,0.017921213,0,0.197
sub-002,0,0.077196114,0,0.197
sub-002,0,0.024496246,0,0.197
sub-002,0,0.024496246,0,0.197
sub-002,0,0.04869824,0,0.197
sub-002,0,0.045924835,0,0.197
sub-002,0,0.020375904,0,0.197
sub-002,0,0.026487542,0,0.197
sub-002,0,0.11770047,0,0.197
sub-002,0,0.08445828,0,0.197
sub-002,0,0.08837492,0,0.197
sub-002,0,0.113355964,0,0.197
sub-002,0,0.10853514,0,0.197
sub-002,0,0.08837492,0,0.197
sub-002,0,0.017921213,0,0.197
sub-002,0,0.0087226415,0,0.197
sub-002,0,0.09248989,0,0.197
sub-002,0,0.08837492,0,0.197
sub-002,0,0.113355964,0,0.197
sub-002,0,0.10853514,0,0.197
sub-002,0,0.10853514,0,0.197
sub-002,0,0.113355964,0,0.197
sub-002,0,0.10853514,0,0.197
sub-002,0,0.110977896,0,0.197
sub-002,0,0.10853514,0,0.197
sub-002,0,0.09248989,0,0.197
sub-002,0,0.113355964,0,0.197
sub-002,0,0.10853514,0,0.197
sub-002,0,0.10853514,0,0.197
sub-002,0,0.10853514,0,0.197
sub-002,0,0.10853514,0,0.197
sub-002,0,0.113355964,0,0.197
sub-002,0,0.10853514,0,0.197
sub-002,0,0.10853514,0,0.197
sub-002,0,0.08837492,0,0.197
sub-002,0,0.05730689,0,0.197
sub-002,0,0.08837492,0,0.197
sub-002,0,0.08445828,0,0.197
sub-002,0,0.08837492,0,0.197
sub-002,0,0.08837492,0,0.197
sub-002,0,0.08837492,0,0.197
sub-002,0,0.08837492,0,0.197
sub-002,0,0.08837492,0,0.197
sub-002,0,0.08837492,0,0.197
sub-002,0,0.08837492,0,0.197
sub-002,0,0.08837492,0,0.197
sub-002,0,0.032247007,0,0.197
sub-002,0,0.05730689,0,0.197
sub-002,0,0.08837492,0,0.197
sub-002,0,0.09248989,0,0.197
sub-002,0,0.10853514,0,0.197
sub-002,0,0.006718043,0,0.197
sub-002,0,0.006718043,0,0.197
sub-002,0,0.041689806,0,0.197
sub-002,0,0.038239747,0,0.197
sub-002,0,0.85169804,1,0.197
sub-002,0,0.6089624,1,0.197
sub-002,0,0.58785737,1,0.197
sub-002,0,0.51956,1,0.197
sub-002,0,0.017921213,0,0.197
sub-002,0,0.013575418,0,0.197
sub-002,0,0.015668582,0,0.197
sub-002,0,0.015668582,0,0.197
sub-002,0,0.017921213,0,0.197
sub-002,0,0.015668582,0,0.197
sub-002,0,0.0061814818,0,0.197
sub-002,0,0.0011771114,0,0.197
sub-002,0,0.0035086912,0,0.197
sub-002,0,0.04010695,0,0.197
sub-002,0,0.038239747,0,0.197
sub-002,0,0.041312966,0,0.197
sub-002,0,0.013575418,0,0.197
sub-002,0,0.017921213,0,0.197
sub-002,0,0.035137117,0,0.197
sub-002,0,0.05437097,0,0.197
sub-002,0,0.026487542,0,0.197
sub-002,0,0.024496246,0,0.197
sub-002,0,0.02782601,0,0.197
sub-002,0,0.032247007,0,0.197
sub-002,0,0.041985966,0,0.197
sub-002,0,0.043036792,0,0.197
sub-002,0,0.041985966,0,0.197
sub-002,0,0.026487542,0,0.197
sub-002,0,0.0024126435,0,0.197
sub-002,0,0.0035086912,0,0.197
sub-002,0,0.04431675,0,0.197
sub-002,0,0.05437097,0,0.197
sub-002,0,0.043687068,0,0.197
sub-002,0,0.041689806,0,0.197
sub-002,0,0.041689806,0,0.197
sub-002,0,0.012403402,0,0.197
sub-002,0,0.020753339,0,0.197
sub-002,0,0.041689806,0,0.197
sub-002,0,0.041689806,0,0.197
sub-002,0,0.041689806,0,0.197
sub-002,0,0.041689806,0,0.197
sub-002,0,0.043687068,0,0.197
sub-002,0,0.04035935,0,0.197
sub-002,0,0.012049505,0,0.197
sub-002,0,0.012049505,0,0.197
sub-002,0,0.7031922,1,0.197
sub-002,0,0.043687068,0,0.197
sub-002,0,0.041689806,0,0.197
sub-002,0,0.0035086912,0,0.197
sub-002,0,0.05437097,0,0.197
sub-002,0,0.038239747,0,0.197
sub-002,0,0.016761363,0,0.197
sub-002,0,0.0063173873,0,0.197
sub-002,0,0.110390775,0,0.197
sub-002,0,0.110390775,0,0.197
sub-002,0,0.113355964,0,0.197
sub-002,0,0.11486924,0,0.197
sub-002,0,0.09248989,0,0.197
sub-002,0,0.10853514,0,0.197
sub-002,0,0.11486924,0,0.197
sub-002,0,0.08837492,0,0.197
sub-002,0,0.095079064,0,0.197
sub-002,0,0.077196114,0,0.197
sub-002,0,0.032247007,0,0.197
sub-002,0,0.08837492,0,0.197
sub-002,0,0.05730689,0,0.197
sub-002,0,0.032247007,0,0.197
sub-002,0,0.017921213,0,0.197
sub-002,0,0.036089938,0,0.197
sub-002,0,0.036089938,0,0.197
sub-002,0,0.009757878,0,0.197
sub-002,0,0.009757878,0,0.197
sub-002,0,0.045924835,0,0.197
sub-002,0,0.08837492,0,0.197
sub-002,0,0.08837492,0,0.197
sub-002,0,0.08890293,0,0.197
sub-002,0,0.0087226415,0,0.197
sub-002,0,0.05730689,0,0.197
sub-002,0,0.08837492,0,0.197
sub-002,0,0.08837492,0,0.197
sub-002,0,0.113355964,0,0.197
sub-002,0,0.10853514,0,0.197
sub-002,0,0.08890293,0,0.197
sub-002,0,0.013575418,0,0.197
sub-002,0,0.05730689,0,0.197
sub-002,0,0.033954803,0,0.197
sub-002,0,0.033006556,0,0.197
sub-002,0,0.113355964,0,0.197
sub-002,0,0.11770047,0,0.197
sub-002,0,0.11770047,0,0.197
sub-002,0,0.04869824,0,0.197
sub-002,0,0.032816708,0,0.197
sub-002,0,0.10795936,0,0.197
sub-002,0,0.04869824,0,0.197
sub-002,0,0.10853514,0,0.197
sub-002,0,0.08445828,0,0.197
sub-002,0,0.031014282,0,0.197
sub-002,0,0.0087226415,0,0.197
sub-002,0,0.05730689,0,0.197
sub-002,0,0.11770047,0,0.197
sub-002,0,0.033954803,0,0.197
sub-002,0,0.113355964,0,0.197
sub-002,0,0.11770047,0,0.197
sub-002,0,0.02782601,0,0.197
sub-002,0,0.113355964,0,0.197
sub-002,0,0.10853514,0,0.197
sub-002,0,0.08837492,0,0.197
sub-002,0,0.08837492,0,0.197
sub-002,0,0.113355964,0,0.197
sub-002,0,0.113355964,0,0.197
sub-002,0,0.09248989,0,0.197
sub-002,0,0.007794058,0,0.197
sub-002,0,0.007794058,0,0.197
sub-002,0,0.11770047,0,0.197
sub-002,0,0.11770047,0,0.197
sub-002,0,0.033954803,0,0.197
sub-002,0,0.033006556,0,0.197
sub-002,0,0.023177842,0,0.197
sub-002,0,0.11770047,0,0.197
sub-002,0,0.09089491,0,0.197
sub-002,0,0.10853514,0,0.197
sub-002,0,0.10853514,0,0.197
sub-002,0,0.10853514,0,0.197
sub-002,0,0.027255261,0,0.197
sub-002,0,0.04869824,0,0.197
sub-002,0,0.0027268403,0,0.197
sub-002,0,0.10853514,0,0.197
sub-002,0,0.11486924,0,0.197
sub-002,0,0.09248989,0,0.197
sub-002,0,0.09248989,0,0.197
sub-002,0,0.027255261,0,0.197
sub-002,0,0.0087226415,0,0.197
sub-002,0,0.14084062,0,0.197
sub-002,0,0.049299106,0,0.197
sub-002,0,0.05941787,0,0.197
sub-002,0,0.9869419,1,0.197
sub-002,0,0.9849664,1,0.197
sub-002,0,0.9843742,1,0.197
sub-002,0,0.9849664,1,0.197
sub-002,0,0.9837527,1,0.197
sub-002,0,0.98661983,1,0.197
sub-002,0,0.98661983,1,0.197
sub-002,0,0.99714154,1,0.197
sub-002,0,0.99685055,1,0.197
sub-002,0,0.98241454,1,0.197
sub-002,0,0.98661983,1,0.197
sub-002,0,0.98661983,1,0.197
sub-002,0,0.10726676,0,0.197
sub-002,0,0.01913851,0,0.197
sub-002,0,0.015668582,0,0.197
sub-002,0,0.0086071985,0,0.197
sub-002,0,0.05730689,0,0.197
sub-002,0,0.08837492,0,0.197
sub-002,0,0.011737568,0,0.197
sub-002,0,0.010852328,0,0.197
sub-002,0,0.017921213,0,0.197
sub-002,0,0.026487542,0,0.197
sub-002,0,0.011737568,0,0.197
sub-002,0,0.010852328,0,0.197
sub-002,0,0.017921213,0,0.197
sub-002,0,0.017921213,0,0.197
sub-002,0,0.011737568,0,0.197
sub-002,0,0.010852328,0,0.197
sub-002,0,0.013575418,0,0.197
sub-002,0,0.015668582,0,0.197
sub-002,0,0.0086071985,0,0.197
sub-002,0,0.010852328,0,0.197
sub-002,0,0.010852328,0,0.197
sub-002,0,0.007969244,0,0.197
sub-002,0,0.0086071985,0,0.197
sub-002,0,0.011737568,0,0.197
sub-002,0,0.0086071985,0,0.197
sub-002,0,0.05730689,0,0.197
sub-002,0,0.032247007,0,0.197
sub-002,0,0.007969244,0,0.197
sub-002,0,0.0086071985,0,0.197
sub-002,0,0.110390775,0,0.197
sub-002,1,0.013005259,0,0.197
sub-002,1,0.009652693,0,0.197
sub-002,1,0.016388943,0,0.197
sub-002,1,0.110977896,0,0.197
sub-002,1,0.110977896,0,0.197
sub-002,1,0.110977896,0,0.197
sub-002,1,0.110977896,0,0.197
sub-002,0,0.042700164,0,0.197
sub-002,0,0.042700164,0,0.197
sub-002,0,0.042700164,0,0.197
sub-002,0,0.041689806,0,0.197
sub-002,0,0.110977896,0,0.197
sub-002,0,0.110977896,0,0.197
sub-002,0,0.10853514,0,0.197
sub-002,0,0.008574818,0,0.197
sub-002,0,0.010403635,0,0.197
sub-002,0,0.011465986,0,0.197
sub-002,0,0.110977896,0,0.197
sub-002,0,0.10817844,0,0.197
sub-002,0,0.051366348,0,0.197
sub-002,0,0.77628094,1,0.197
sub-002,0,0.77628094,1,0.197
sub-002,0,0.77628094,1,0.197
sub-002,0,0.77628094,1,0.197
sub-002,0,0.74709046,1,0.197
sub-002,0,0.98661983,1,0.197
sub-002,0,0.9885866,1,0.197
sub-002,0,0.9885866,1,0.197
sub-002,0,0.98661983,1,0.197
sub-002,0,0.9695123,1,0.197
sub-002,0,0.75030744,1,0.197
sub-002,0,0.9844147,1,0.197
sub-002,0,0.9844147,1,0.197
sub-002,0,0.8119774,1,0.197
sub-002,0,0.09479967,0,0.197
sub-002,0,0.063813046,0,0.197
sub-002,0,0.063813046,0,0.197
sub-002,0,0.024971308,0,0.197
sub-002,0,0.023111328,0,0.197
sub-002,0,0.018294968,0,0.197
sub-002,0,0.017921213,0,0.197
sub-002,0,0.015668582,0,0.197
sub-002,0,0.013505549,0,0.197
sub-002,0,0.011737568,0,0.197
sub-002,0,0.010852328,0,0.197
sub-002,0,0.015668582,0,0.197
sub-002,0,0.033006556,0,0.197
sub-002,0,0.042700164,0,0.197
sub-002,0,0.04010695,0,0.197
sub-002,0,0.011737568,0,0.197
sub-002,0,0.011737568,0,0.197
sub-002,0,0.017921213,0,0.197
sub-002,0,0.017921213,0,0.197
sub-002,0,0.020375904,0,0.197
sub-002,0,0.017921213,0,0.197
sub-002,0,0.015668582,0,0.197
sub-002,0,0.012049505,0,0.197
sub-002,0,0.042700164,0,0.197
sub-002,0,0.042700164,0,0.197
sub-002,0,0.041689806,0,0.197
sub-002,0,0.030865055,0,0.197
sub-002,0,0.015668582,0,0.197
sub-002,0,0.032247007,0,0.197
sub-002,0,0.04010695,0,0.197
sub-002,0,0.017921213,0,0.197
sub-002,0,0.011737568,0,0.197
sub-002,0,0.015668582,0,0.197
sub-002,0,0.032247007,0,0.197
sub-002,0,0.020375904,0,0.197
sub-002,0,0.042700164,0,0.197
sub-002,0,0.042700164,0,0.197
sub-002,0,0.020375904,0,0.197
sub-002,0,0.020375904,0,0.197
sub-002,0,0.013575418,0,0.197
sub-002,0,0.015668582,0,0.197
sub-002,0,0.021435196,0,0.197
sub-002,0,0.01858621,0,0.197
sub-002,0,0.017921213,0,0.197
sub-002,0,0.032247007,0,0.197
sub-002,0,0.043687068,0,0.197
sub-002,0,0.04431675,0,0.197
sub-002,0,0.04010695,0,0.197
sub-002,0,0.04010695,0,0.197
sub-002,0,0.041689806,0,0.197
sub-002,0,0.041689806,0,0.197
sub-002,0,0.041689806,0,0.197
sub-002,0,0.043687068,0,0.197
sub-002,0,0.041689806,0,0.197
sub-002,0,0.042700164,0,0.197
sub-002,0,0.041689806,0,0.197
sub-002,0,0.043687068,0,0.197
sub-002,0,0.035137117,0,0.197
sub-002,0,0.043687068,0,0.197
sub-002,0,0.041689806,0,0.197
sub-002,0,0.043687068,0,0.197
sub-002,0,0.043687068,0,0.197
sub-002,0,0.041689806,0,0.197
sub-002,0,0.035137117,0,0.197
sub-002,0,0.03164674,0,0.197
sub-002,0,0.038239747,0,0.197
sub-002,0,0.041689806,0,0.197
sub-002,0,0.042700164,0,0.197
sub-002,0,0.042700164,0,0.197
sub-002,0,0.042700164,0,0.197
sub-002,0,0.042700164,0,0.197
sub-002,0,0.04245701,0,0.197
sub-002,0,0.04245701,0,0.197
sub-002,0,0.04245701,0,0.197
sub-002,0,0.042700164,0,0.197
sub-002,0,0.041689806,0,0.197
sub-002,0,0.041689806,0,0.197
sub-002,0,0.043687068,0,0.197
sub-002,0,0.04010695,0,0.197
sub-002,0,0.03164674,0,0.197
sub-002,0,0.015668582,0,0.197
sub-002,0,0.030865055,0,0.197
sub-002,0,0.03164674,0,0.197
sub-002,0,0.015668582,0,0.197
sub-002,0,0.020375904,0,0.197
sub-002,0,0.030865055,0,0.197
sub-002,0,0.041312966,0,0.197
sub-002,0,0.04035935,0,0.197
sub-002,0,0.030865055,0,0.197
sub-002,0,0.04010695,0,0.197
sub-002,0,0.04010695,0,0.197
sub-002,0,0.032247007,0,0.197
sub-002,0,0.017921213,0,0.197
sub-002,0,0.030454611,0,0.197
sub-002,0,0.04010695,0,0.197
sub-002,0,0.041294854,0,0.197
sub-002,0,0.030407408,0,0.197
sub-002,0,0.037382863,0,0.197
sub-002,0,0.037382863,0,0.197
sub-002,0,0.030865055,0,0.197
sub-002,0,0.030865055,0,0.197
sub-002,0,0.041689806,0,0.197
sub-002,0,0.041689806,0,0.197
sub-002,0,0.04010695,0,0.197
sub-002,0,0.032247007,0,0.197
sub-002,0,0.04010695,0,0.197
sub-002,0,0.043687068,0,0.197
sub-002,0,0.038239747,0,0.197
sub-002,0,0.017921213,0,0.197
sub-002,0,0.017921213,0,0.197
sub-002,0,0.043304518,0,0.197
sub-002,0,0.026487542,0,0.197
sub-002,0,0.015668582,0,0.197
sub-002,0,0.032247007,0,0.197
sub-002,0,0.0086071985,0,0.197
sub-002,0,0.010852328,0,0.197
sub-002,0,0.017921213,0,0.197
sub-002,0,0.030865055,0,0.197
sub-002,0,0.043304518,0,0.197
sub-002,0,0.026487542,0,0.197
sub-002,0,0.013575418,0,0.197
sub-002,0,0.013575418,0,0.197
sub-002,0,0.015668582,0,0.197
sub-002,0,0.030454611,0,0.197
sub-002,1,0.006718043,0,0.197
sub-002,1,0.006718043,0,0.197
sub-002,1,0.006718043,0,0.197
sub-002,1,0.0060235905,0,0.197
sub-002,0,0.010724068,0,0.197
sub-002,0,0.03416769,0,0.197
sub-002,0,0.04245701,0,0.197
sub-002,0,0.04245701,0,0.197
sub-002,0,0.042700164,0,0.197
sub-002,0,0.237834,1,0.197
sub-002,0,0.9300879,1,0.197
sub-002,0,0.16105595,0,0.197
sub-002,0,0.110977896,0,0.197
sub-002,0,0.110977896,0,0.197
sub-002,0,0.110977896,0,0.197
sub-002,0,0.04245701,0,0.197
sub-002,0,0.04245701,0,0.197
sub-002,0,0.042700164,0,0.197
sub-002,0,0.043687068,0,0.197
sub-002,0,0.041689806,0,0.197
sub-002,0,0.041689806,0,0.197
sub-002,0,0.043687068,0,0.197
sub-002,0,0.030865055,0,0.197
sub-002,0,0.042700164,0,0.197
sub-002,0,0.042700164,0,0.197
sub-002,0,0.041689806,0,0.197
sub-002,0,0.04010695,0,0.197
sub-002,0,0.04010695,0,0.197
sub-002,0,0.026487542,0,0.197
sub-002,0,0.010852328,0,0.197
sub-002,0,0.010852328,0,0.197
sub-002,0,0.011737568,0,0.197
sub-002,0,0.011737568,0,0.197
sub-002,0,0.041689806,0,0.197
sub-002,0,0.041689806,0,0.197
sub-002,0,0.017921213,0,0.197
sub-002,0,0.04010695,0,0.197
sub-002,0,0.043687068,0,0.197
sub-002,0,0.042700164,0,0.197
sub-002,0,0.042700164,0,0.197
sub-002,0,0.041689806,0,0.197
sub-002,0,0.04010695,0,0.197
sub-002,0,0.041689806,0,0.197
sub-002,0,0.042700164,0,0.197
sub-002,0,0.042700164,0,0.197
sub-002,0,0.043687068,0,0.197
sub-002,0,0.041689806,0,0.197
sub-002,0,0.042700164,0,0.197
sub-002,0,0.006718043,0,0.197
sub-002,0,0.006718043,0,0.197
sub-002,0,0.042700164,0,0.197
sub-002,0,0.010403635,0,0.197
sub-002,0,0.010403635,0,0.197
sub-002,0,0.110977896,0,0.197
sub-002,0,0.110977896,0,0.197
sub-002,0,0.010403635,0,0.197
sub-002,0,0.004376671,0,0.197
sub-002,0,0.035765957,0,0.197
sub-002,0,0.090085864,0,0.197
sub-002,0,0.110390775,0,0.197
sub-002,0,0.110977896,0,0.197
sub-002,0,0.090085864,0,0.197
sub-002,0,0.010403635,0,0.197
sub-002,0,0.010403635,0,0.197
sub-002,0,0.013082046,0,0.197
sub-002,0,0.010403635,0,0.197
sub-002,0,0.090085864,0,0.197
sub-002,0,0.110390775,0,0.197
sub-002,0,0.10853514,0,0.197
sub-002,0,0.10853514,0,0.197
sub-002,0,0.041452155,0,0.197
sub-002,0,0.035137117,0,0.197
sub-002,0,0.030865055,0,0.197
sub-002,0,0.04010695,0,0.197
sub-002,0,0.043687068,0,0.197
sub-002,0,0.041689806,0,0.197
sub-002,0,0.042700164,0,0.197
sub-002,0,0.041689806,0,0.197
sub-002,0,0.043687068,0,0.197
sub-002,0,0.043687068,0,0.197
sub-002,0,0.041689806,0,0.197
sub-002,0,0.043687068,0,0.197
sub-002,0,0.04010695,0,0.197
sub-002,0,0.043687068,0,0.197
sub-002,0,0.041689806,0,0.197
sub-002,0,0.041689806,0,0.197
sub-002,0,0.041689806,0,0.197
sub-002,0,0.041689806,0,0.197
sub-002,0,0.041689806,0,0.197
sub-002,0,0.042700164,0,0.197
sub-002,0,0.042700164,0,0.197
sub-002,0,0.04431675,0,0.197
sub-002,0,0.04010695,0,0.197
sub-002,0,0.04431675,0,0.197
sub-002,0,0.041689806,0,0.197
sub-002,0,0.043687068,0,0.197
sub-002,0,0.042700164,0,0.197
sub-002,0,0.042700164,0,0.197
sub-002,0,0.042700164,0,0.197
sub-002,0,0.042700164,0,0.197
sub-002,0,0.042700164,0,0.197
sub-002,0,0.042700164,0,0.197
sub-002,0,0.042700164,0,0.197
sub-002,0,0.042700164,0,0.197
sub-002,0,0.042700164,0,0.197
sub-002,0,0.042700164,0,0.197
sub-002,0,0.008574818,0,0.197
sub-002,0,0.010403635,0,0.197
sub-002,0,0.013082046,0,0.197
sub-002,0,0.013082046,0,0.197
sub-002,0,0.013082046,0,0.197
sub-002,0,0.013082046,0,0.197
sub-002,0,0.013082046,0,0.197
sub-002,0,0.013082046,0,0.197
sub-002,0,0.007969244,0,0.197
sub-002,0,0.007969244,0,0.197
sub-002,0,0.011737568,0,0.197
sub-002,0,0.017921213,0,0.197
sub-002,0,0.015668582,0,0.197
sub-002,0,0.010852328,0,0.197
sub-002,0,0.007969244,0,0.197
sub-002,0,0.007969244,0,0.197
sub-002,0,0.011737568,0,0.197
sub-002,0,0.015668582,0,0.197
sub-002,0,0.015668582,0,0.197
sub-002,0,0.011737568,0,0.197
sub-002,0,0.011737568,0,0.197
sub-002,0,0.077196114,0,0.197
sub-002,0,0.110390775,0,0.197
sub-002,0,0.04245701,0,0.197
sub-002,0,0.013418567,0,0.197
sub-002,0,0.0063173873,0,0.197
sub-002,0,0.0069549014,0,0.197
sub-002,0,0.011065682,0,0.197
sub-002,0,0.006718043,0,0.197
sub-002,0,0.042700164,0,0.197
sub-002,0,0.04245701,0,0.197
sub-002,0,0.04245701,0,0.197
sub-002,0,0.04245701,0,0.197
sub-002,0,0.04245701,0,0.197
sub-002,0,0.04010695,0,0.197
sub-002,0,0.035137117,0,0.197
sub-002,0,0.041689806,0,0.197
sub-002,0,0.043687068,0,0.197
sub-002,0,0.015668582,0,0.197
sub-002,0,0.04245701,0,0.197
sub-002,0,0.04245701,0,0.197
sub-002,0,0.043687068,0,0.197
sub-002,0,0.041689806,0,0.197
sub-002,0,0.013575418,0,0.197
sub-002,0,0.007969244,0,0.197
sub-002,0,0.0086071985,0,0.197
sub-002,0,0.026487542,0,0.197
sub-002,0,0.04010695,0,0.197
sub-002,0,0.010852328,0,0.197
sub-002,0,0.0086071985,0,0.197
sub-002,0,0.010852328,0,0.197
sub-002,0,0.007969244,0,0.197
sub-002,0,0.007969244,0,0.197
sub-002,0,0.007969244,0,0.197
sub-002,0,0.015668582,0,0.197
sub-002,0,0.017921213,0,0.197
sub-002,0,0.007969244,0,0.197
sub-002,0,0.041312966,0,0.197
sub-002,0,0.041312966,0,0.197
sub-002,0,0.010852328,0,0.197
sub-002,0,0.013575418,0,0.197
sub-002,0,0.0086071985,0,0.197
sub-002,0,0.007969244,0,0.197
sub-002,0,0.010852328,0,0.197
sub-002,0,0.011737568,0,0.197
sub-002,0,0.007969244,0,0.197
sub-002,0,0.011737568,0,0.197
sub-002,0,0.011737568,0,0.197
sub-002,0,0.007969244,0,0.197
sub-002,0,0.007969244,0,0.197
sub-002,0,0.007969244,0,0.197
sub-002,0,0.007969244,0,0.197
sub-002,0,0.017921213,0,0.197
sub-002,0,0.017921213,0,0.197
sub-002,0,0.007969244,0,0.197
sub-002,0,0.007969244,0,0.197
sub-002,0,0.017921213,0,0.197
sub-002,0,0.032923583,0,0.197
sub-002,0,0.007969244,0,0.197
sub-002,0,0.013575418,0,0.197
sub-002,0,0.05313569,0,0.197
sub-002,0,0.05313569,0,0.197
sub-002,0,0.484354,1,0.197
sub-002,0,0.7031922,1,0.197
sub-002,0,0.22606362,1,0.197
sub-002,0,0.67625344,1,0.197
sub-002,0,0.03164478,0,0.197
sub-002,0,0.016548892,0,0.197
sub-002,0,0.9984274,1,0.197
sub-002,0,0.9984274,1,0.197
sub-002,0,0.9287257,1,0.197
sub-002,0,0.9287257,1,0.197
sub-002,0,0.91730714,1,0.197
sub-002,0,0.67625344,1,0.197
sub-002,0,0.6414837,1,0.197
sub-002,0,0.90478086,1,0.197
sub-002,0,0.8833782,1,0.197
sub-002,0,0.91730714,1,0.197
sub-002,0,0.9287257,1,0.197
sub-002,0,0.91462535,1,0.197
sub-002,0,0.9078879,1,0.197
sub-002,0,0.48380366,1,0.197
sub-002,0,0.9193676,1,0.197
sub-002,0,0.9117733,1,0.197
sub-002,0,0.98226476,1,0.197
sub-002,0,0.9117733,1,0.197
sub-002,0,0.9283299,1,0.197
sub-002,0,0.9283299,1,0.197
sub-002,0,0.0053672986,0,0.197
sub-002,0,0.014877333,0,0.197
sub-002,0,0.018576695,0,0.197
sub-002,0,0.043687068,0,0.197
sub-002,0,0.04010695,0,0.197
sub-002,0,0.035137117,0,0.197
sub-002,0,0.043687068,0,0.197
sub-002,0,0.041312966,0,0.197
sub-002,0,0.041312966,0,0.197
sub-002,0,0.043687068,0,0.197
sub-002,0,0.043687068,0,0.197
sub-002,0,0.05437097,0,0.197
sub-002,0,0.030865055,0,0.197
sub-002,0,0.03164674,0,0.197
sub-002,0,0.05437097,0,0.197
sub-002,0,0.05437097,0,0.197
sub-002,0,0.015668582,0,0.197
sub-002,0,0.026487542,0,0.197
sub-002,0,0.030865055,0,0.197
sub-002,0,0.04010695,0,0.197
sub-002,0,0.04010695,0,0.197
sub-002,0,0.03164674,0,0.197
sub-002,0,0.017921213,0,0.197
sub-002,0,0.032247007,0,0.197
sub-002,0,0.032247007,0,0.197
sub-002,0,0.041689806,0,0.197
sub-002,0,0.110977896,0,0.197
sub-002,0,0.110390775,0,0.197
sub-002,0,0.110977896,0,0.197
sub-002,0,0.18767177,0,0.197
sub-002,0,0.18767177,0,0.197
sub-002,0,0.9885866,1,0.197
sub-002,0,0.9885866,1,0.197
sub-002,0,0.9885866,1,0.197
sub-002,0,0.59628344,1,0.197
sub-002,0,0.59628344,1,0.197
sub-002,0,0.59628344,1,0.197
sub-002,0,0.62075627,1,0.197
sub-002,0,0.023805873,0,0.197
sub-002,0,0.013005259,0,0.197
sub-002,0,0.010403635,0,0.197
sub-002,0,0.013005259,0,0.197
sub-002,0,0.110977896,0,0.197
sub-002,0,0.013005259,0,0.197
sub-002,0,0.013005259,0,0.197
sub-002,0,0.013082046,0,0.197
sub-002,0,0.013005259,0,0.197
sub-002,0,0.090085864,0,0.197
sub-002,0,0.010403635,0,0.197
sub-002,0,0.010403635,0,0.197
sub-002,0,0.090085864,0,0.197
sub-002,0,0.93330866,1,0.197
sub-002,0,0.03416769,0,0.197
sub-002,0,0.03416769,0,0.197
sub-002,0,0.04245701,0,0.197
sub-002,0,0.04245701,0,0.197
sub-002,0,0.04130571,0,0.197
sub-002,0,0.01887008,0,0.197
sub-002,0,0.028831365,0,0.197
sub-002,0,0.028831365,0,0.197
sub-002,0,0.027970586,0,0.197
sub-002,0,0.013505549,0,0.197
sub-002,0,0.021978542,0,0.197
sub-002,0,0.021978542,0,0.197
sub-002,0,0.029539706,0,0.197
sub-002,0,0.039914172,0,0.197
sub-002,0,0.027970586,0,0.197
sub-002,0,0.033840068,0,0.197
sub-002,0,0.029539706,0,0.197
sub-002,0,0.01887008,0,0.197
sub-002,0,0.02971118,0,0.197
sub-002,0,0.02971118,0,0.197
sub-002,0,0.02971118,0,0.197
sub-002,0,0.027623413,0,0.197
sub-002,0,0.026959749,0,0.197
sub-002,0,0.026959749,0,0.197
sub-002,0,0.237834,1,0.197
sub-002,0,0.1853734,0,0.197
sub-002,0,0.19096449,0,0.197
sub-002,0,0.20989461,1,0.197
sub-002,0,0.13532399,0,0.197
sub-002,0,0.18497635,0,0.197
sub-002,0,0.08960199,0,0.197
sub-002,0,0.091233484,0,0.197
sub-002,0,0.1853734,0,0.197
sub-002,0,0.9283299,1,0.197
sub-002,0,0.9283299,1,0.197
sub-002,0,0.9287257,1,0.197
sub-002,0,0.91730714,1,0.197
sub-002,0,0.91730714,1,0.197
sub-002,0,0.87968135,1,0.197
sub-002,0,0.86231107,1,0.197
sub-002,0,0.88031125,1,0.197
sub-002,0,0.9283299,1,0.197
sub-002,0,0.87808365,1,0.197
sub-002,0,0.91730714,1,0.197
sub-002,0,0.9283299,1,0.197
sub-002,0,0.9283299,1,0.197
sub-002,0,0.998418,1,0.197
sub-002,0,0.998418,1,0.197
sub-002,0,0.998418,1,0.197
sub-002,0,0.998418,1,0.197
sub-002,0,0.99815327,1,0.197
sub-002,0,0.998418,1,0.197
sub-002,0,0.6322577,1,0.197
sub-002,0,0.018576695,0,0.197
sub-002,0,0.11770047,0,0.197
sub-002,0,0.013575418,0,0.197
sub-002,0,0.0086071985,0,0.197
sub-002,0,0.08837492,0,0.197
sub-002,0,0.110390775,0,0.197
sub-002,0,0.10853514,0,0.197
sub-002,0,0.03318559,0,0.197
sub-002,0,0.08837492,0,0.197
sub-002,0,0.08837492,0,0.197
sub-002,0,0.032247007,0,0.197
sub-002,0,0.017921213,0,0.197
sub-002,0,0.018576695,0,0.197
sub-002,0,0.018576695,0,0.197
sub-002,0,0.011737568,0,0.197
sub-002,0,0.007969244,0,0.197
sub-002,0,0.007969244,0,0.197
sub-002,0,0.011737568,0,0.197
sub-002,0,0.013575418,0,0.197
sub-002,0,0.015668582,0,0.197
sub-002,0,0.026487542,0,0.197
sub-002,0,0.032247007,0,0.197
sub-002,0,0.015668582,0,0.197
sub-002,0,0.011737568,0,0.197
sub-002,0,0.015668582,0,0.197
sub-002,0,0.020375904,0,0.197
sub-002,0,0.113355964,0,0.197
sub-002,0,0.10853514,0,0.197
sub-002,0,0.09248989,0,0.197
sub-002,0,0.011737568,0,0.197
sub-002,0,0.011737568,0,0.197
sub-002,0,0.045924835,0,0.197
sub-002,0,0.045924835,0,0.197
sub-002,0,0.017921213,0,0.197
sub-002,0,0.015668582,0,0.197
sub-002,0,0.026487542,0,0.197
sub-002,0,0.08445828,0,0.197
sub-002,0,0.110390775,0,0.197
sub-002,0,0.110390775,0,0.197
sub-002,0,0.110390775,0,0.197
sub-002,0,0.110390775,0,0.197
sub-002,0,0.16025165,0,0.197
sub-002,0,0.9229413,1,0.197
sub-002,0,0.71674186,1,0.197
sub-002,0,0.9695123,1,0.197
sub-002,0,0.9695123,1,0.197
sub-002,0,0.9749874,1,0.197
sub-002,0,0.998418,1,0.197
sub-002,0,0.110390775,0,0.197
sub-002,0,0.110390775,0,0.197
sub-002,0,0.018576695,0,0.197
sub-002,0,0.018576695,0,0.197
sub-002,0,0.110390775,0,0.197
sub-002,0,0.04245701,0,0.197
sub-002,0,0.110977896,0,0.197
sub-002,0,0.042700164,0,0.197
sub-002,0,0.041452155,0,0.197
sub-002,0,0.044064812,0,0.197
sub-002,0,0.043687068,0,0.197
sub-002,0,0.041689806,0,0.197
sub-002,0,0.041689806,0,0.197
sub-002,0,0.041689806,0,0.197
sub-002,0,0.041689806,0,0.197
sub-002,0,0.04245701,0,0.197
sub-002,0,0.04245701,0,0.197
sub-002,0,0.027463647,0,0.197
sub-002,0,0.026803715,0,0.197
sub-002,0,0.042700164,0,0.197
sub-002,0,0.04245701,0,0.197
sub-002,0,0.04245701,0,0.197
sub-002,0,0.012403402,0,0.197
sub-002,0,0.042700164,0,0.197
sub-002,0,0.04245701,0,0.197
sub-002,0,0.042700164,0,0.197
sub-002,0,0.066405684,0,0.197
sub-002,0,0.040792387,0,0.197
sub-002,0,0.0063173873,0,0.197
sub-002,0,0.0049710493,0,0.197
sub-002,0,0.0049710493,0,0.197
sub-002,0,0.0049710493,0,0.197
sub-002,0,0.0063173873,0,0.197
sub-002,0,0.013005259,0,0.197
sub-002,0,0.110977896,0,0.197
sub-002,0,0.008770072,0,0.197
sub-002,0,0.008770072,0,0.197
sub-002,0,0.008770072,0,0.197
sub-002,0,0.008770072,0,0.197
sub-002,0,0.008770072,0,0.197
sub-002,0,0.110390775,0,0.197
sub-002,0,0.110390775,0,0.197
sub-002,0,0.110390775,0,0.197
sub-002,0,0.110390775,0,0.197
sub-002,0,0.02938058,0,0.197
sub-002,0,0.02938058,0,0.197
sub-002,0,0.110390775,0,0.197
sub-002,0,0.110390775,0,0.197
sub-002,0,0.110390775,0,0.197
sub-002,0,0.110390775,0,0.197
sub-002,0,0.110390775,0,0.197
sub-002,0,0.110390775,0,0.197
sub-002,0,0.110390775,0,0.197
sub-002,0,0.110390775,0,0.197
sub-002,0,0.110390775,0,0.197
sub-002,0,0.110977896,0,0.197
sub-002,0,0.110390775,0,0.197
sub-002,0,0.110390775,0,0.197
sub-002,0,0.09847516,0,0.197
sub-002,0,0.10005915,0,0.197
sub-002,0,0.0063173873,0,0.197
sub-002,0,0.0063173873,0,0.197
sub-002,0,0.0049710493,0,0.197
sub-002,0,0.0049710493,0,0.197
sub-002,0,0.0070096543,0,0.197
sub-002,0,0.110390775,0,0.197
sub-002,0,0.0063173873,0,0.197
sub-002,0,0.0049710493,0,0.197
sub-002,0,0.0049710493,0,0.197
sub-002,0,0.0062852483,0,0.197
sub-002,0,0.0070096543,0,0.197
sub-002,0,0.008770072,0,0.197
sub-002,0,0.110390775,0,0.197
sub-002,0,0.110977896,0,0.197
sub-002,0,0.110977896,0,0.197
sub-002,0,0.007905331,0,0.197
sub-002,0,0.0063173873,0,0.197
sub-002,0,0.040792387,0,0.197
sub-002,0,0.9300879,1,0.197
sub-002,0,0.9300879,1,0.197
sub-002,0,0.9229413,1,0.197
sub-002,0,0.93330866,1,0.197
sub-002,0,0.9229413,1,0.197
sub-002,0,0.93330866,1,0.197
sub-002,0,0.24713103,1,0.197
sub-002,0,0.24713103,1,0.197
sub-002,0,0.087287284,0,0.197
sub-002,0,0.08631817,0,0.197
sub-002,0,0.016394004,0,0.197
sub-002,0,0.012283245,0,0.197
sub-002,0,0.011357322,0,0.197
sub-002,0,0.13532399,0,0.197
sub-002,0,0.21931985,1,0.197
sub-002,0,0.21931985,1,0.197
sub-002,0,0.0010785271,0,0.197
sub-002,0,0.001048308,0,0.197
sub-002,0,0.087287284,0,0.197
sub-002,0,0.087287284,0,0.197
sub-002,0,0.087287284,0,0.197
sub-002,0,0.075717136,0,0.197
sub-002,0,0.20989461,1,0.197
sub-002,0,0.237834,1,0.197
sub-002,0,0.71944904,1,0.197
sub-002,0,0.71944904,1,0.197
sub-002,0,0.71944904,1,0.197
sub-002,0,0.92458844,1,0.197
sub-002,0,0.8546407,1,0.197
sub-002,0,0.92458844,1,0.197
sub-002,0,0.6858441,1,0.197
sub-002,0,0.01389519,0,0.197
sub-002,0,0.013302992,0,0.197
sub-002,0,0.013302992,0,0.197
sub-002,0,0.025765693,0,0.197
sub-002,0,0.59620804,1,0.197
sub-002,0,0.8837299,1,0.197
sub-002,0,0.016412076,0,0.197
sub-002,0,0.016412076,0,0.197
sub-002,0,0.028145669,0,0.197
sub-002,0,0.0069225635,0,0.197
sub-002,0,0.0069225635,0,0.197
sub-002,0,0.0069225635,0,0.197
sub-002,0,0.011680116,0,0.197
sub-002,0,0.011680116,0,0.197
sub-002,0,0.010852328,0,0.197
sub-002,0,0.011737568,0,0.197
sub-002,0,0.010852328,0,0.197
sub-002,0,0.011737568,0,0.197
sub-002,0,0.010852328,0,0.197
sub-002,0,0.011737568,0,0.197
sub-002,0,0.013575418,0,0.197
sub-002,0,0.015668582,0,0.197
sub-002,0,0.020375904,0,0.197
sub-002,0,0.015668582,0,0.197
sub-002,0,0.015668582,0,0.197
sub-002,0,0.013575418,0,0.197
sub-002,0,0.0086071985,0,0.197
sub-002,0,0.010852328,0,0.197
sub-002,0,0.011737568,0,0.197
sub-002,0,0.011737568,0,0.197
sub-002,0,0.011737568,0,0.197
sub-002,0,0.013575418,0,0.197
sub-002,0,0.015668582,0,0.197
sub-002,0,0.017921213,0,0.197
sub-002,0,0.015668582,0,0.197
sub-002,0,0.011737568,0,0.197
sub-002,0,0.013575418,0,0.197
sub-002,0,0.013575418,0,0.197
sub-002,0,0.011737568,0,0.197
sub-002,0,0.0086071985,0,0.197
sub-002,0,0.011737568,0,0.197
sub-002,0,0.010852328,0,0.197
sub-002,0,0.007969244,0,0.197
sub-002,0,0.007969244,0,0.197
sub-002,0,0.010852328,0,0.197
sub-002,0,0.013575418,0,0.197
sub-002,0,0.007969244,0,0.197
sub-002,0,0.0086071985,0,0.197
sub-002,0,0.011737568,0,0.197
sub-002,0,0.0086071985,0,0.197
sub-002,0,0.0086071985,0,0.197
sub-002,0,0.010852328,0,0.197
sub-002,0,0.0086071985,0,0.197
sub-002,0,0.0086071985,0,0.197
sub-002,0,0.010852328,0,0.197
sub-002,0,0.011737568,0,0.197
sub-002,0,0.010852328,0,0.197
sub-002,0,0.011737568,0,0.197
sub-002,0,0.010852328,0,0.197
sub-002,0,0.0086071985,0,0.197
sub-002,0,0.007969244,0,0.197
sub-002,0,0.007969244,0,0.197
sub-002,0,0.0086071985,0,0.197
sub-002,0,0.0086071985,0,0.197
sub-002,0,0.007969244,0,0.197
sub-002,0,0.007969244,0,0.197
sub-002,0,0.007969244,0,0.197
sub-002,0,0.0086071985,0,0.197
sub-002,0,0.0086071985,0,0.197
sub-002,0,0.007969244,0,0.197
sub-002,0,0.0086071985,0,0.197
sub-002,0,0.007969244,0,0.197
sub-002,0,0.007969244,0,0.197
sub-002,0,0.0086071985,0,0.197
sub-002,0,0.0086071985,0,0.197
sub-002,0,0.04010695,0,0.197
sub-002,0,0.043687068,0,0.197
sub-002,0,0.035137117,0,0.197
sub-002,0,0.032247007,0,0.197
sub-002,0,0.015668582,0,0.197
sub-002,0,0.032247007,0,0.197
sub-002,0,0.043687068,0,0.197
sub-002,0,0.035137117,0,0.197
sub-002,0,0.011737568,0,0.197
sub-002,0,0.0086071985,0,0.197
sub-002,0,0.010852328,0,0.197
sub-002,0,0.007969244,0,0.197
sub-002,0,0.007969244,0,0.197
sub-002,0,0.011737568,0,0.197
sub-002,0,0.010852328,0,0.197
sub-002,0,0.0086071985,0,0.197
sub-002,0,0.0086071985,0,0.197
sub-002,0,0.011737568,0,0.197
sub-002,0,0.011737568,0,0.197
sub-002,0,0.017921213,0,0.197
sub-002,0,0.030865055,0,0.197
sub-002,0,0.032247007,0,0.197
sub-002,0,0.020375904,0,0.197
sub-002,0,0.015668582,0,0.197
sub-002,0,0.03164674,0,0.197
sub-002,0,0.041689806,0,0.197
sub-002,0,0.04010695,0,0.197
sub-002,0,0.013575418,0,0.197
sub-002,0,0.015668582,0,0.197
sub-002,0,0.015668582,0,0.197
sub-002,0,0.04245701,0,0.197
sub-002,0,0.04245701,0,0.197
sub-002,0,0.011737568,0,0.197
sub-002,0,0.011737568,0,0.197
sub-002,0,0.013575418,0,0.197
sub-002,0,0.015668582,0,0.197
sub-002,0,0.04245701,0,0.197
sub-002,0,0.04245701,0,0.197
sub-002,0,0.0086071985,0,0.197
sub-002,0,0.015668582,0,0.197
sub-002,0,0.013575418,0,0.197
sub-002,0,0.041689806,0,0.197
sub-002,0,0.041689806,0,0.197
sub-002,0,0.0086071985,0,0.197
sub-002,0,0.007969244,0,0.197
sub-002,0,0.007969244,0,0.197
sub-002,0,0.020375904,0,0.197
sub-002,0,0.017921213,0,0.197
sub-002,0,0.007969244,0,0.197
sub-002,0,0.007969244,0,0.197
sub-002,0,0.007969244,0,0.197
sub-002,0,0.0086071985,0,0.197
sub-002,0,0.010852328,0,0.197
sub-002,0,0.0086071985,0,0.197
sub-002,0,0.0086071985,0,0.197
sub-002,0,0.007969244,0,0.197
sub-002,0,0.007969244,0,0.197
sub-002,0,0.011737568,0,0.197
sub-002,0,0.011737568,0,0.197
sub-002,0,0.0086071985,0,0.197
sub-002,0,0.007969244,0,0.197
sub-002,0,0.015668582,0,0.197
sub-002,0,0.015668582,0,0.197
sub-002,0,0.0086071985,0,0.197
sub-002,0,0.010852328,0,0.197
sub-002,0,0.0086071985,0,0.197
sub-002,0,0.0086071985,0,0.197
sub-002,0,0.011737568,0,0.197
sub-002,0,0.011737568,0,0.197
sub-002,0,0.013575418,0,0.197
sub-002,0,0.011737568,0,0.197
sub-002,0,0.010852328,0,0.197
sub-002,0,0.013575418,0,0.197
sub-002,0,0.013575418,0,0.197
sub-002,0,0.011737568,0,0.197
sub-002,0,0.010852328,0,0.197
sub-002,0,0.010852328,0,0.197
sub-002,0,0.015668582,0,0.197
sub-002,0,0.017921213,0,0.197
sub-002,0,0.04010695,0,0.197
sub-002,0,0.03164674,0,0.197
sub-002,0,0.017921213,0,0.197
sub-002,0,0.030865055,0,0.197
sub-002,0,0.013575418,0,0.197
sub-002,0,0.04245701,0,0.197
sub-002,0,0.04245701,0,0.197
sub-002,0,0.04245701,0,0.197
sub-002,0,0.04245701,0,0.197
sub-002,0,0.011737568,0,0.197
sub-002,0,0.007969244,0,0.197
sub-002,0,0.007969244,0,0.197
sub-002,0,0.007969244,0,0.197
sub-002,0,0.007969244,0,0.197
sub-002,0,0.007969244,0,0.197
sub-002,0,0.007969244,0,0.197
sub-002,0,0.007969244,0,0.197
sub-002,0,0.007969244,0,0.197
sub-002,0,0.007969244,0,0.197
sub-002,0,0.007969244,0,0.197
sub-002,0,0.011737568,0,0.197
sub-002,0,0.0086071985,0,0.197
sub-002,0,0.013575418,0,0.197
sub-002,0,0.017921213,0,0.197
sub-002,0,0.013575418,0,0.197
sub-002,0,0.007969244,0,0.197
sub-002,0,0.007969244,0,0.197
sub-002,0,0.007969244,0,0.197
sub-002,0,0.0086071985,0,0.197
sub-002,0,0.0086071985,0,0.197
sub-002,0,0.007969244,0,0.197
sub-002,0,0.007969244,0,0.197
sub-002,0,0.0086071985,0,0.197
sub-002,0,0.007969244,0,0.197
sub-002,0,0.007969244,0,0.197
sub-002,0,0.010852328,0,0.197
sub-002,0,0.0086071985,0,0.197
sub-002,0,0.007969244,0,0.197
sub-002,0,0.011737568,0,0.197
sub-002,0,0.017921213,0,0.197
sub-002,0,0.04245701,0,0.197
sub-002,0,0.018576695,0,0.197
sub-002,0,0.110390775,0,0.197
sub-002,0,0.032247007,0,0.197
sub-002,0,0.010852328,0,0.197
sub-002,0,0.007969244,0,0.197
sub-002,0,0.007969244,0,0.197
sub-002,0,0.007969244,0,0.197
sub-002,0,0.007969244,0,0.197
sub-002,0,0.007969244,0,0.197
sub-002,0,0.007969244,0,0.197
sub-002,0,0.011806142,0,0.197
sub-002,0,0.007969244,0,0.197
sub-002,0,0.007969244,0,0.197
sub-002,0,0.007969244,0,0.197
sub-002,0,0.007969244,0,0.197
sub-002,0,0.013575418,0,0.197
sub-002,0,0.013575418,0,0.197
sub-002,0,0.007969244,0,0.197
sub-002,0,0.007969244,0,0.197
sub-002,0,0.10795936,0,0.197
sub-002,0,0.112757854,0,0.197
sub-002,0,0.007969244,0,0.197
sub-002,0,0.007969244,0,0.197
sub-002,0,0.0086071985,0,0.197
sub-002,0,0.011737568,0,0.197
sub-002,0,0.015668582,0,0.197
sub-002,0,0.010852328,0,0.197
sub-002,0,0.011737568,0,0.197
sub-002,0,0.010852328,0,0.197
sub-002,0,0.0086071985,0,0.197
sub-002,0,0.010852328,0,0.197
sub-002,0,0.013575418,0,0.197
sub-002,0,0.0086071985,0,0.197
sub-002,0,0.010852328,0,0.197
sub-002,0,0.0086071985,0,0.197
sub-002,0,0.007969244,0,0.197
sub-002,0,0.010852328,0,0.197
sub-002,0,0.013575418,0,0.197
sub-002,0,0.007969244,0,0.197
sub-002,0,0.0086071985,0,0.197
sub-002,0,0.010852328,0,0.197
sub-002,0,0.0086071985,0,0.197
sub-002,0,0.013575418,0,0.197
sub-002,0,0.011737568,0,0.197
sub-002,0,0.011737568,0,0.197
sub-002,0,0.011737568,0,0.197
sub-002,0,0.011737568,0,0.197
sub-002,0,0.011737568,0,0.197
sub-002,0,0.007969244,0,0.197
sub-002,0,0.007969244,0,0.197
sub-002,0,0.007969244,0,0.197
sub-002,0,0.007969244,0,0.197
sub-002,0,0.0086071985,0,0.197
sub-002,0,0.007969244,0,0.197
sub-002,0,0.007969244,0,0.197
sub-002,0,0.007969244,0,0.197
sub-002,0,0.007969244,0,0.197
sub-002,0,0.007969244,0,0.197
sub-002,0,0.015668582,0,0.197
sub-002,0,0.05730689,0,0.197
sub-002,0,0.032247007,0,0.197
sub-002,0,0.013575418,0,0.197
sub-002,0,0.04245701,0,0.197
sub-002,0,0.04245701,0,0.197
sub-002,0,0.044064812,0,0.197
sub-002,0,0.030865055,0,0.197
sub-002,0,0.012330548,0,0.197
sub-002,0,0.041452155,0,0.197
sub-002,0,0.041689806,0,0.197
sub-002,0,0.04245701,0,0.197
sub-002,0,0.110390775,0,0.197
sub-002,0,0.110390775,0,0.197
sub-002,0,0.013005259,0,0.197
sub-002,0,0.010403635,0,0.197
sub-002,0,0.090085864,0,0.197
sub-002,0,0.110390775,0,0.197
sub-002,0,0.110390775,0,0.197
sub-002,0,0.09248989,0,0.197
sub-002,0,0.113355964,0,0.197
sub-002,0,0.113355964,0,0.197
sub-002,0,0.08837492,0,0.197
sub-002,0,0.05730689,0,0.197
sub-002,0,0.113355964,0,0.197
sub-002,0,0.10853514,0,0.197
sub-002,0,0.08837492,0,0.197
sub-002,0,0.017921213,0,0.197
sub-002,0,0.0086071985,0,0.197
sub-002,0,0.011737568,0,0.197
sub-002,0,0.017921213,0,0.197
sub-002,0,0.113355964,0,0.197
sub-002,0,0.10853514,0,0.197
sub-002,0,0.110390775,0,0.197
sub-002,0,0.110390775,0,0.197
sub-002,0,0.10853514,0,0.197
sub-002,0,0.10853514,0,0.197
sub-002,0,0.10853514,0,0.197
sub-002,0,0.113355964,0,0.197
sub-002,0,0.08837492,0,0.197
sub-002,0,0.10853514,0,0.197
sub-002,0,0.10853514,0,0.197
sub-002,0,0.08445828,0,0.197
sub-002,0,0.113355964,0,0.197
sub-002,0,0.018576695,0,0.197
sub-002,0,0.018576695,0,0.197
sub-002,0,0.110390775,0,0.197
sub-002,0,0.113355964,0,0.197
sub-002,0,0.10853514,0,0.197
sub-002,0,0.10853514,0,0.197
sub-002,0,0.08837492,0,0.197
sub-002,0,0.10853514,0,0.197
sub-002,0,0.013005259,0,0.197
sub-002,0,0.013005259,0,0.197
sub-002,0,0.110390775,0,0.197
sub-002,0,0.007905331,0,0.197
sub-002,0,0.007905331,0,0.197
sub-002,0,0.0063173873,0,0.197
sub-002,0,0.007905331,0,0.197
sub-002,0,0.007905331,0,0.197
sub-002,0,0.008770072,0,0.197
sub-002,0,0.110977896,0,0.197
sub-002,0,0.110977896,0,0.197
sub-002,0,0.110977896,0,0.197
sub-002,0,0.10853514,0,0.197
sub-002,0,0.0704806,0,0.197
sub-002,0,0.08837492,0,0.197
sub-002,0,0.08837492,0,0.197
sub-002,0,0.08837492,0,0.197
sub-002,0,0.09248989,0,0.197
sub-002,0,0.10853514,0,0.197
sub-002,0,0.08837492,0,0.197
sub-002,0,0.015668582,0,0.197
sub-002,0,0.05730689,0,0.197
sub-002,0,0.113355964,0,0.197
sub-002,0,0.0704806,0,0.197
sub-002,0,0.020375904,0,0.197
sub-002,0,0.110390775,0,0.197
sub-002,0,0.110390775,0,0.197
sub-002,0,0.11486924,0,0.197
sub-002,0,0.09248989,0,0.197
sub-002,0,0.113355964,0,0.197
sub-002,0,0.10853514,0,0.197
sub-002,0,0.11486924,0,0.197
sub-002,0,0.113355964,0,0.197
sub-002,0,0.113355964,0,0.197
sub-002,0,0.10853514,0,0.197
sub-002,0,0.10853514,0,0.197
sub-002,0,0.09248989,0,0.197
sub-002,0,0.08445828,0,0.197
sub-002,0,0.113355964,0,0.197
sub-002,0,0.10853514,0,0.197
sub-002,0,0.10853514,0,0.197
sub-002,0,0.10853514,0,0.197
sub-002,0,0.110977896,0,0.197
sub-002,0,0.110390775,0,0.197
sub-002,0,0.110390775,0,0.197
sub-002,0,0.09847516,0,0.197
sub-002,0,0.110977896,0,0.197
sub-002,0,0.110977896,0,0.197
sub-002,0,0.09847516,0,0.197
sub-002,0,0.007905331,0,0.197
sub-002,0,0.007905331,0,0.197
sub-002,0,0.007905331,0,0.197
sub-002,0,0.007905331,0,0.197
sub-002,0,0.10005915,0,0.197
sub-002,0,0.110390775,0,0.197
sub-002,0,0.110390775,0,0.197
sub-002,0,0.007865178,0,0.197
sub-002,0,0.007905331,0,0.197
sub-002,0,0.013005259,0,0.197
sub-002,0,0.110977896,0,0.197
sub-002,0,0.110390775,0,0.197
sub-002,0,0.0063173873,0,0.197
sub-002,0,0.0063173873,0,0.197
sub-002,0,0.018576695,0,0.197
sub-002,0,0.004811798,0,0.197
sub-002,0,0.006718043,0,0.197
sub-002,0,0.04245701,0,0.197
sub-002,0,0.006718043,0,0.197
sub-002,0,0.006718043,0,0.197
sub-002,0,0.04245701,0,0.197
sub-002,0,0.041689806,0,0.197
sub-002,0,0.041689806,0,0.197
sub-002,0,0.041689806,0,0.197
sub-002,0,0.041689806,0,0.197
sub-002,0,0.04245701,0,0.197
sub-002,0,0.04245701,0,0.197
sub-002,0,0.04245701,0,0.197
sub-002,0,0.043438546,0,0.197
sub-002,0,0.043438546,0,0.197
sub-002,0,0.04245701,0,0.197
sub-002,0,0.006718043,0,0.197
sub-002,0,0.0226161,0,0.197
sub-002,0,0.04245701,0,0.197
sub-002,0,0.041452155,0,0.197
sub-002,0,0.041689806,0,0.197
sub-002,0,0.043687068,0,0.197
sub-002,0,0.043036792,0,0.197
sub-002,0,0.043687068,0,0.197
sub-002,0,0.043687068,0,0.197
sub-002,0,0.04245701,0,0.197
sub-002,0,0.04245701,0,0.197
sub-002,0,0.04245701,0,0.197
sub-002,0,0.04245701,0,0.197
sub-002,0,0.041689806,0,0.197
sub-002,0,0.041452155,0,0.197
sub-002,0,0.041452155,0,0.197
sub-002,0,0.04245701,0,0.197
sub-002,0,0.04245701,0,0.197
sub-002,0,0.04245701,0,0.197
sub-002,0,0.04245701,0,0.197
sub-002,0,0.016761363,0,0.197
sub-002,0,0.013418567,0,0.197
sub-002,0,0.006718043,0,0.197
sub-002,0,0.04245701,0,0.197
sub-002,0,0.0226161,0,0.197
sub-002,0,0.0226161,0,0.197
sub-002,0,0.043687068,0,0.197
sub-002,0,0.043687068,0,0.197
sub-002,0,0.042700164,0,0.197
sub-002,0,0.041689806,0,0.197
sub-002,0,0.041452155,0,0.197
sub-002,0,0.04245701,0,0.197
sub-002,0,0.04245701,0,0.197
sub-002,0,0.04245701,0,0.197
sub-002,0,0.04245701,0,0.197
sub-002,0,0.041689806,0,0.197
sub-002,0,0.041689806,0,0.197
sub-002,0,0.04245701,0,0.197
sub-002,0,0.006718043,0,0.197
sub-002,0,0.04245701,0,0.197
sub-002,0,0.038239747,0,0.197
sub-002,0,0.041312966,0,0.197
sub-002,0,0.035137117,0,0.197
sub-002,0,0.04245701,0,0.197
sub-002,0,0.04245701,0,0.197
sub-002,0,0.041689806,0,0.197
sub-002,0,0.042700164,0,0.197
sub-002,0,0.04245701,0,0.197
sub-002,0,0.0226161,0,0.197
sub-002,0,0.042700164,0,0.197
sub-002,0,0.041689806,0,0.197
sub-002,0,0.041689806,0,0.197
sub-002,0,0.04245701,0,0.197
sub-002,0,0.04245701,0,0.197
sub-002,0,0.04245701,0,0.197
sub-002,0,0.042700164,0,0.197
sub-002,0,0.04245701,0,0.197
sub-002,0,0.04245701,0,0.197
sub-002,0,0.042700164,0,0.197
sub-002,0,0.042700164,0,0.197
sub-002,0,0.04245701,0,0.197
sub-002,0,0.04245701,0,0.197
sub-002,0,0.04245701,0,0.197
sub-002,0,0.04245701,0,0.197
sub-002,0,0.006718043,0,0.197
sub-002,0,0.006718043,0,0.197
sub-002,0,0.013575418,0,0.197
sub-002,0,0.013575418,0,0.197
sub-002,0,0.015668582,0,0.197
sub-002,0,0.04245701,0,0.197
sub-002,0,0.04245701,0,0.197
sub-002,0,0.041689806,0,0.197
sub-002,0,0.04245701,0,0.197
sub-002,0,0.04245701,0,0.197
sub-002,0,0.03164674,0,0.197
sub-002,0,0.04010695,0,0.197
sub-002,0,0.05437097,0,0.197
sub-002,0,0.043687068,0,0.197
sub-002,0,0.0226161,0,0.197
sub-002,0,0.006718043,0,0.197
sub-002,0,0.04245701,0,0.197
sub-002,0,0.04010695,0,0.197
sub-002,0,0.04245701,0,0.197
sub-002,0,0.04245701,0,0.197
sub-002,0,0.032247007,0,0.197
sub-002,0,0.015668582,0,0.197
sub-002,0,0.04245701,0,0.197
sub-002,0,0.006718043,0,0.197
sub-002,0,0.0226161,0,0.197
sub-002,0,0.041452155,0,0.197
sub-002,0,0.04245701,0,0.197
sub-002,0,0.04245701,0,0.197
sub-002,0,0.03416769,0,0.197
sub-002,0,0.04245701,0,0.197
sub-002,0,0.04245701,0,0.197
sub-002,0,0.04245701,0,0.197
sub-002,0,0.04245701,0,0.197
sub-002,0,0.04245701,0,0.197
sub-002,0,0.04245701,0,0.197
sub-002,0,0.04245701,0,0.197
sub-002,0,0.04245701,0,0.197
sub-002,0,0.041689806,0,0.197
sub-002,0,0.041312966,0,0.197
sub-002,0,0.043036792,0,0.197
sub-002,0,0.041689806,0,0.197
sub-002,0,0.041689806,0,0.197
sub-002,0,0.041689806,0,0.197
sub-002,0,0.041689806,0,0.197
sub-002,0,0.04245701,0,0.197
sub-002,0,0.006718043,0,0.197
sub-002,0,0.04245701,0,0.197
sub-002,0,0.030865055,0,0.197
sub-002,0,0.04010695,0,0.197
sub-002,0,0.030865055,0,0.197
sub-002,0,0.043687068,0,0.197
sub-002,0,0.041689806,0,0.197
sub-002,0,0.041689806,0,0.197
sub-002,0,0.006718043,0,0.197
sub-002,0,0.006718043,0,0.197
sub-002,0,0.04245701,0,0.197
sub-002,0,0.006718043,0,0.197
sub-002,0,0.006718043,0,0.197
sub-002,0,0.006718043,0,0.197
sub-002,0,0.019962313,0,0.197
sub-002,0,0.037564553,0,0.197
sub-002,0,0.04245701,0,0.197
sub-002,0,0.04245701,0,0.197
sub-002,0,0.009912481,0,0.197
sub-002,0,0.010123303,0,0.197
sub-002,0,0.041689806,0,0.197
sub-002,0,0.03879397,0,0.197
sub-002,0,0.04065838,0,0.197
sub-002,0,0.032680918,0,0.197
sub-002,0,0.05313569,0,0.197
sub-002,0,0.03951008,0,0.197
sub-002,0,0.03951008,0,0.197
sub-002,0,0.039737057,0,0.197
sub-002,0,0.039737057,0,0.197
sub-002,0,0.039737057,0,0.197
sub-002,0,0.03951008,0,0.197
sub-002,0,0.03951008,0,0.197
sub-002,0,0.03951008,0,0.197
sub-002,0,0.03879397,0,0.197
sub-002,0,0.011188492,0,0.197
sub-002,0,0.03951008,0,0.197
sub-002,0,0.03951008,0,0.197
sub-002,0,0.03951008,0,0.197
sub-002,0,0.03951008,0,0.197
sub-002,0,0.0029532742,0,0.197
sub-002,0,0.016267737,0,0.197
sub-002,0,0.006913404,0,0.197
sub-002,0,0.006913404,0,0.197
sub-002,0,0.18676415,0,0.197
sub-002,0,0.006913404,0,0.197
sub-002,0,0.006913404,0,0.197
sub-002,0,0.034795046,0,0.197
sub-002,0,0.98878956,1,0.197
sub-002,0,0.49246776,1,0.197
sub-002,0,0.49246776,1,0.197
sub-002,0,0.49246776,1,0.197
sub-002,0,0.49246776,1,0.197
sub-002,0,0.49246776,1,0.197
sub-002,0,0.49246776,1,0.197
sub-002,0,0.49246776,1,0.197
sub-002,0,0.49246776,1,0.197
sub-002,0,0.49246776,1,0.197
sub-002,0,0.49246776,1,0.197
sub-002,0,0.49246776,1,0.197
sub-002,0,0.49246776,1,0.197
sub-002,0,0.49246776,1,0.197
sub-002,0,0.49246776,1,0.197
sub-002,0,0.49246776,1,0.197
sub-002,0,0.49246776,1,0.197
sub-002,0,0.49246776,1,0.197
sub-002,0,0.49246776,1,0.197
sub-002,0,0.49246776,1,0.197
sub-002,0,0.49246776,1,0.197
sub-002,0,0.49246776,1,0.197
sub-002,0,0.49246776,1,0.197
sub-002,0,0.49246776,1,0.197
sub-002,0,0.49246776,1,0.197
sub-002,0,0.49246776,1,0.197
sub-002,0,0.49246776,1,0.197
sub-002,0,0.49246776,1,0.197
sub-002,0,0.49246776,1,0.197
sub-002,0,0.49246776,1,0.197
sub-002,0,0.49246776,1,0.197
sub-002,0,0.49246776,1,0.197
sub-002,0,0.49246776,1,0.197
sub-002,0,0.49246776,1,0.197
sub-002,0,0.49246776,1,0.197
sub-002,0,0.0187856,0,0.197
sub-002,0,0.0187856,0,0.197
sub-002,0,0.0187856,0,0.197
sub-002,0,0.0187856,0,0.197
sub-002,0,0.49246776,1,0.197
sub-002,0,0.49246776,1,0.197
sub-002,0,0.998418,1,0.197
sub-002,0,0.49246776,1,0.197
sub-002,0,0.0187856,0,0.197
sub-002,0,0.0187856,0,0.197
sub-002,0,0.0187856,0,0.197
sub-002,0,0.00500416,0,0.197
sub-002,0,0.00500416,0,0.197
sub-002,0,0.0063173873,0,0.197
sub-002,0,0.0063173873,0,0.197
sub-002,0,0.0063173873,0,0.197
sub-002,0,0.0063173873,0,0.197
sub-002,0,0.007905331,0,0.197
sub-002,0,0.008770072,0,0.197
sub-002,0,0.008770072,0,0.197
sub-002,0,0.008770072,0,0.197
sub-002,0,0.008770072,0,0.197
sub-002,0,0.0070096543,0,0.197
sub-002,0,0.0070096543,0,0.197
sub-002,0,0.0070096543,0,0.197
sub-002,0,0.0070096543,0,0.197
sub-002,0,0.0070096543,0,0.197
sub-002,0,0.0070096543,0,0.197
sub-002,0,0.0070096543,0,0.197
sub-002,0,0.0070096543,0,0.197
sub-002,0,0.0070096543,0,0.197
sub-002,0,0.0063173873,0,0.197
sub-002,0,0.007905331,0,0.197
sub-002,0,0.008770072,0,0.197
sub-002,0,0.008770072,0,0.197
sub-002,0,0.008770072,0,0.197
sub-002,0,0.008770072,0,0.197
sub-002,0,0.02938058,0,0.197
sub-002,0,0.008770072,0,0.197
sub-002,0,0.008770072,0,0.197
sub-002,0,0.008770072,0,0.197
sub-002,0,0.02938058,0,0.197
sub-002,0,0.008770072,0,0.197
sub-002,0,0.008770072,0,0.197
sub-002,0,0.008770072,0,0.197
sub-002,0,0.008770072,0,0.197
sub-002,0,0.007905331,0,0.197
sub-002,0,0.0062852483,0,0.197
sub-002,0,0.0070096543,0,0.197
sub-002,0,0.0070096543,0,0.197
sub-002,0,0.008770072,0,0.197
sub-002,0,0.008770072,0,0.197
sub-002,0,0.0085241245,0,0.197
sub-002,0,0.008770072,0,0.197
sub-002,0,0.008770072,0,0.197
sub-002,0,0.49246776,1,0.197
sub-002,0,0.0063173873,0,0.197
sub-002,0,0.0063173873,0,0.197
sub-002,0,0.0070096543,0,0.197
sub-002,0,0.008770072,0,0.197
sub-002,0,0.007905331,0,0.197
sub-002,0,0.0063173873,0,0.197
sub-002,0,0.0063173873,0,0.197
sub-002,0,0.0063173873,0,0.197
sub-002,0,0.0063173873,0,0.197
sub-002,0,0.0063173873,0,0.197
sub-002,0,0.00500416,0,0.197
sub-002,0,0.0063173873,0,0.197
sub-002,0,0.0063173873,0,0.197
sub-002,0,0.008770072,0,0.197
sub-002,0,0.008770072,0,0.197
sub-002,0,0.008770072,0,0.197
sub-002,0,0.008770072,0,0.197
sub-002,0,0.007865178,0,0.197
sub-002,0,0.0063173873,0,0.197
sub-002,0,0.0055166017,0,0.197
sub-002,0,0.0070096543,0,0.197
sub-002,0,0.0070096543,0,0.197
sub-002,0,0.0070096543,0,0.197
sub-002,0,0.0070096543,0,0.197
sub-002,0,0.0063173873,0,0.197
sub-002,0,0.0063173873,0,0.197
sub-002,0,0.007905331,0,0.197
sub-002,0,0.008770072,0,0.197
sub-002,0,0.007905331,0,0.197
sub-002,0,0.0063173873,0,0.197
sub-002,0,0.0062852483,0,0.197
sub-002,0,0.0063173873,0,0.197
sub-002,0,0.013418567,0,0.197
sub-002,0,0.006718043,0,0.197
sub-002,0,0.006718043,0,0.197
sub-002,0,0.0053672986,0,0.197
sub-002,0,0.0053672986,0,0.197
sub-002,0,0.006718043,0,0.197
sub-002,0,0.006718043,0,0.197
sub-002,0,0.006718043,0,0.197
sub-002,0,0.0010785271,0,0.197
sub-002,0,0.040863596,0,0.197
sub-002,0,0.86133194,1,0.197
sub-002,0,0.040863596,0,0.197
sub-002,0,0.006718043,0,0.197
sub-002,0,0.040863596,0,0.197
sub-002,0,0.24713103,1,0.197
sub-002,0,0.0010785271,0,0.197
sub-002,0,0.0010785271,0,0.197
sub-002,0,0.0010785271,0,0.197
sub-002,0,0.20417483,1,0.197
sub-002,0,0.087287284,0,0.197
sub-002,0,0.011925429,0,0.197
sub-002,0,0.0010785271,0,0.197
sub-002,0,0.0010785271,0,0.197
sub-002,0,0.0010785271,0,0.197
sub-002,0,0.035817638,0,0.197
sub-002,0,0.0010785271,0,0.197
sub-002,0,0.0010785271,0,0.197
sub-002,0,0.237834,1,0.197
sub-002,0,0.20417483,1,0.197
sub-002,0,0.0010785271,0,0.197
sub-002,0,0.0010785271,0,0.197
sub-002,0,0.0010785271,0,0.197
sub-002,0,0.0010785271,0,0.197
sub-002,0,0.0010785271,0,0.197
sub-002,0,0.0010785271,0,0.197
sub-002,0,0.0010785271,0,0.197
sub-002,0,0.0010785271,0,0.197
sub-002,0,0.0010785271,0,0.197
sub-002,0,0.0010785271,0,0.197
sub-002,0,0.0010785271,0,0.197
sub-002,0,0.0010785271,0,0.197
sub-002,0,0.2671894,1,0.197
sub-002,0,0.087287284,0,0.197
sub-002,0,0.1009923,0,0.197
sub-002,0,0.1009923,0,0.197
sub-002,0,0.07831882,0,0.197
sub-002,0,0.087287284,0,0.197
sub-002,0,0.087287284,0,0.197
sub-002,0,0.087287284,0,0.197
sub-002,0,0.0010785271,0,0.197
sub-002,0,0.0010785271,0,0.197
sub-002,0,0.0010785271,0,0.197
sub-002,0,0.0010785271,0,0.197
sub-002,0,0.0010785271,0,0.197
sub-002,0,0.0010785271,0,0.197
sub-002,0,0.0010785271,0,0.197
sub-002,0,0.24713103,1,0.197
sub-002,0,0.0010785271,0,0.197
sub-002,0,0.0010785271,0,0.197
sub-002,0,0.0010785271,0,0.197
sub-002,0,0.0010785271,0,0.197
sub-002,0,0.237834,1,0.197
sub-002,0,0.24713103,1,0.197
sub-002,0,0.0010785271,0,0.197
sub-002,0,0.0010785271,0,0.197
sub-002,0,0.0010785271,0,0.197
sub-002,0,0.0010785271,0,0.197
sub-002,0,0.0010785271,0,0.197
sub-002,0,0.0010785271,0,0.197
sub-002,0,0.0010785271,0,0.197
sub-002,0,0.24824248,1,0.197
sub-002,0,0.0010785271,0,0.197
sub-002,0,0.0010785271,0,0.197
sub-002,0,0.21931985,1,0.197
sub-002,0,0.237834,1,0.197
sub-002,0,0.0010785271,0,0.197
sub-002,0,0.0010785271,0,0.197
sub-002,0,0.237834,1,0.197
sub-002,0,0.237834,1,0.197
sub-002,0,0.20417483,1,0.197
sub-002,0,0.1009923,0,0.197
sub-002,0,0.237834,1,0.197
sub-002,0,0.0010785271,0,0.197
sub-002,0,0.0010785271,0,0.197
sub-002,0,0.237834,1,0.197
sub-002,0,0.21931985,1,0.197
sub-002,0,0.0010785271,0,0.197
sub-002,0,0.0010785271,0,0.197
sub-002,0,0.0010785271,0,0.197
sub-002,0,0.0010785271,0,0.197
sub-002,0,0.0010785271,0,0.197
sub-002,0,0.008311603,0,0.197
sub-002,0,0.018576695,0,0.197
sub-002,0,0.018576695,0,0.197
sub-002,0,0.018576695,0,0.197
sub-002,0,0.110390775,0,0.197
sub-002,0,0.018576695,0,0.197
sub-002,0,0.018576695,0,0.197
sub-002,0,0.018576695,0,0.197
sub-002,0,0.018576695,0,0.197
sub-002,0,0.018576695,0,0.197
sub-002,0,0.110390775,0,0.197
sub-002,0,0.018576695,0,0.197
sub-002,0,0.018576695,0,0.197
sub-002,0,0.018576695,0,0.197
sub-002,0,0.018576695,0,0.197
sub-002,0,0.018576695,0,0.197
sub-002,0,0.110390775,0,0.197
sub-002,0,0.110390775,0,0.197
sub-002,0,0.110390775,0,0.197
sub-002,0,0.110390775,0,0.197
sub-002,0,0.018576695,0,0.197
sub-002,0,0.018576695,0,0.197
sub-002,0,0.018576695,0,0.197
sub-002,0,0.018576695,0,0.197
sub-002,0,0.018576695,0,0.197
sub-002,0,0.110390775,0,0.197
sub-002,0,0.110390775,0,0.197
sub-002,0,0.006718043,0,0.197
sub-002,0,0.006718043,0,0.197
sub-002,0,0.006718043,0,0.197
sub-002,0,0.006718043,0,0.197
sub-002,0,0.018576695,0,0.197
sub-002,0,0.006718043,0,0.197
sub-002,0,0.006718043,0,0.197
sub-002,0,0.006718043,0,0.197
sub-002,0,0.006718043,0,0.197
sub-002,0,0.018576695,0,0.197
sub-002,0,0.018576695,0,0.197
sub-002,0,0.018576695,0,0.197
sub-002,0,0.018576695,0,0.197
sub-002,0,0.006718043,0,0.197
sub-002,0,0.006718043,0,0.197
sub-002,0,0.04245701,0,0.197
sub-002,0,0.04245701,0,0.197
sub-002,0,0.0226161,0,0.197
sub-002,0,0.110390775,0,0.197
sub-002,0,0.018576695,0,0.197
sub-002,0,0.018576695,0,0.197
sub-002,0,0.018576695,0,0.197
sub-002,0,0.006718043,0,0.197
sub-002,0,0.013418567,0,0.197
sub-002,0,0.0063173873,0,0.197
sub-002,0,0.0063173873,0,0.197
sub-002,0,0.0063173873,0,0.197
sub-002,0,0.016761363,0,0.197
sub-002,0,0.018576695,0,0.197
sub-002,0,0.018576695,0,0.197
sub-002,0,0.009502219,0,0.197
sub-002,0,0.009502219,0,0.197
sub-002,0,0.028285928,0,0.197
sub-002,0,0.018576695,0,0.197
sub-002,0,0.018576695,0,0.197
sub-002,0,0.110977896,0,0.197
sub-002,0,0.110977896,0,0.197
sub-002,0,0.110977896,0,0.197
sub-002,0,0.018576695,0,0.197
sub-002,0,0.018576695,0,0.197
sub-002,0,0.018576695,0,0.197
sub-002,0,0.110390775,0,0.197
sub-002,0,0.018576695,0,0.197
sub-002,0,0.018576695,0,0.197
sub-002,0,0.018576695,0,0.197
sub-002,0,0.018576695,0,0.197
sub-002,0,0.018576695,0,0.197
sub-002,0,0.018576695,0,0.197
sub-002,0,0.018576695,0,0.197
sub-002,0,0.018576695,0,0.197
sub-002,0,0.018576695,0,0.197
sub-002,0,0.018576695,0,0.197
sub-002,0,0.018576695,0,0.197
sub-002,0,0.018576695,0,0.197
sub-002,0,0.018576695,0,0.197
sub-002,0,0.018576695,0,0.197
sub-002,0,0.018576695,0,0.197
sub-002,0,0.006718043,0,0.197
sub-002,0,0.006718043,0,0.197
sub-002,0,0.006718043,0,0.197
sub-002,0,0.042700164,0,0.197
sub-002,0,0.042700164,0,0.197
sub-002,0,0.042700164,0,0.197
sub-002,0,0.006718043,0,0.197
sub-002,0,0.006718043,0,0.197
sub-002,0,0.006718043,0,0.197
sub-002,0,0.0053672986,0,0.197
sub-002,0,0.0053672986,0,0.197
sub-002,0,0.0053672986,0,0.197
sub-002,0,0.0029532742,0,0.197
sub-002,0,0.006718043,0,0.197
sub-002,0,0.006718043,0,0.197
sub-002,0,0.0053672986,0,0.197
sub-002,0,0.0053672986,0,0.197
sub-002,0,0.005127962,0,0.197
sub-002,0,0.005127962,0,0.197
sub-002,0,0.005127962,0,0.197
sub-002,0,0.011728252,0,0.197
sub-002,0,0.0049710493,0,0.197
sub-002,0,0.0070096543,0,0.197
sub-002,0,0.0063173873,0,0.197
sub-002,0,0.014877333,0,0.197
sub-002,0,0.014877333,0,0.197
sub-002,0,0.014877333,0,0.197
sub-002,0,0.014877333,0,0.197
sub-002,0,0.014877333,0,0.197
sub-002,0,0.014877333,0,0.197
sub-002,0,0.014877333,0,0.197
sub-002,0,0.014877333,0,0.197
sub-002,0,0.08837492,0,0.197
sub-002,0,0.08837492,0,0.197
sub-002,0,0.026487542,0,0.197
sub-002,0,0.10853514,0,0.197
sub-002,0,0.110977896,0,0.197
sub-002,0,0.10853514,0,0.197
sub-002,0,0.10853514,0,0.197
sub-002,0,0.10853514,0,0.197
sub-002,0,0.10853514,0,0.197
sub-002,0,0.110977896,0,0.197
sub-002,0,0.110977896,0,0.197
sub-002,0,0.110977896,0,0.197
sub-002,0,0.110977896,0,0.197
sub-002,0,0.110977896,0,0.197
sub-002,0,0.042700164,0,0.197
sub-002,0,0.041689806,0,0.197
sub-002,0,0.110977896,0,0.197
sub-002,0,0.110977896,0,0.197
sub-002,0,0.110977896,0,0.197
sub-002,0,0.110977896,0,0.197
sub-002,0,0.013082046,0,0.197
sub-002,0,0.0041849297,0,0.197
sub-002,0,0.003690163,0,0.197
sub-002,0,0.0027268403,0,0.197
sub-002,0,0.006608277,0,0.197
sub-002,0,0.0013145918,0,0.197
sub-002,0,0.0011161248,0,0.197
sub-002,0,0.013082046,0,0.197
sub-002,0,0.110977896,0,0.197
sub-002,0,0.110977896,0,0.197
sub-002,0,0.110977896,0,0.197
sub-002,0,0.110977896,0,0.197
sub-002,0,0.110977896,0,0.197
sub-002,0,0.006608277,0,0.197
sub-002,0,0.0087226415,0,0.197
sub-002,0,0.0027268403,0,0.197
sub-002,0,0.0027268403,0,0.197
sub-002,0,0.00687089,0,0.197
sub-002,0,0.003663874,0,0.197
sub-002,0,0.016356355,0,0.197
sub-002,0,0.016356355,0,0.197
sub-002,0,0.012049505,0,0.197
sub-002,0,0.041689806,0,0.197
sub-002,0,0.041689806,0,0.197
sub-002,0,0.041689806,0,0.197
sub-002,0,0.041689806,0,0.197
sub-002,0,0.043687068,0,0.197
sub-002,0,0.043687068,0,0.197
sub-002,0,0.04010695,0,0.197
sub-002,0,0.041689806,0,0.197
sub-002,0,0.041689806,0,0.197
sub-002,0,0.042700164,0,0.197
sub-002,0,0.042700164,0,0.197
sub-002,0,0.042700164,0,0.197
sub-002,0,0.042700164,0,0.197
sub-002,0,0.041689806,0,0.197
sub-002,0,0.041689806,0,0.197
sub-002,0,0.041689806,0,0.197
sub-002,0,0.041689806,0,0.197
sub-002,0,0.041689806,0,0.197
sub-002,0,0.03164674,0,0.197
sub-002,0,0.030865055,0,0.197
sub-002,0,0.030865055,0,0.197
sub-002,0,0.030865055,0,0.197
sub-002,0,0.032247007,0,0.197
sub-002,0,0.035137117,0,0.197
sub-002,0,0.04431675,0,0.197
sub-002,0,0.043687068,0,0.197
sub-002,0,0.041689806,0,0.197
sub-002,0,0.042700164,0,0.197
sub-002,0,0.041689806,0,0.197
sub-002,0,0.020375904,0,0.197
sub-002,0,0.041689806,0,0.197
sub-002,0,0.10853514,0,0.197
sub-002,0,0.10853514,0,0.197
sub-002,0,0.110977896,0,0.197
sub-002,0,0.10853514,0,0.197
sub-002,0,0.09248989,0,0.197
sub-002,0,0.10853514,0,0.197
sub-002,0,0.0704806,0,0.197
sub-002,0,0.110390775,0,0.197
sub-002,0,0.110390775,0,0.197
sub-002,0,0.08837492,0,0.197
sub-002,0,0.110977896,0,0.197
sub-002,0,0.042700164,0,0.197
sub-002,0,0.042700164,0,0.197
sub-002,0,0.113355964,0,0.197
sub-002,0,0.045924835,0,0.197
sub-002,0,0.113355964,0,0.197
sub-002,0,0.09248989,0,0.197
sub-002,0,0.010852328,0,0.197
sub-002,0,0.011737568,0,0.197
sub-002,0,0.026487542,0,0.197
sub-002,0,0.10853514,0,0.197
sub-002,0,0.110977896,0,0.197
sub-002,0,0.10853514,0,0.197
sub-002,0,0.08445828,0,0.197
sub-002,0,0.11486924,0,0.197
sub-002,0,0.110977896,0,0.197
sub-002,0,0.110977896,0,0.197
sub-002,0,0.110977896,0,0.197
sub-002,0,0.110977896,0,0.197
sub-002,0,0.110977896,0,0.197
sub-002,0,0.110977896,0,0.197
sub-002,0,0.10853514,0,0.197
sub-002,0,0.09248989,0,0.197
sub-002,0,0.10853514,0,0.197
sub-002,0,0.110977896,0,0.197
sub-002,0,0.110977896,0,0.197
sub-002,0,0.110977896,0,0.197
sub-002,0,0.110977896,0,0.197
sub-002,0,0.042700164,0,0.197
sub-002,0,0.042700164,0,0.197
sub-002,0,0.013082046,0,0.197
sub-002,0,0.013082046,0,0.197
sub-002,0,0.100597546,0,0.197
sub-002,0,0.110977896,0,0.197
sub-002,0,0.042700164,0,0.197
sub-002,0,0.042700164,0,0.197
sub-002,0,0.042700164,0,0.197
sub-002,0,0.041542556,0,0.197
sub-002,0,0.042700164,0,0.197
sub-002,0,0.042700164,0,0.197
sub-002,0,0.042700164,0,0.197
sub-002,0,0.042700164,0,0.197
sub-002,0,0.042700164,0,0.197
sub-002,0,0.042700164,0,0.197
sub-002,0,0.042700164,0,0.197
sub-002,0,0.042700164,0,0.197
sub-002,0,0.042700164,0,0.197
sub-002,0,0.042700164,0,0.197
sub-002,0,0.041689806,0,0.197
sub-002,0,0.041689806,0,0.197
sub-002,0,0.041689806,0,0.197
sub-002,0,0.041689806,0,0.197
sub-002,0,0.042700164,0,0.197
sub-002,0,0.042700164,0,0.197
sub-002,0,0.041689806,0,0.197
sub-002,0,0.041689806,0,0.197
sub-002,0,0.042700164,0,0.197
sub-002,0,0.042700164,0,0.197
sub-002,0,0.043687068,0,0.197
sub-002,0,0.043687068,0,0.197
sub-002,0,0.041689806,0,0.197
sub-002,0,0.041689806,0,0.197
sub-002,0,0.042700164,0,0.197
sub-002,0,0.042700164,0,0.197
sub-002,0,0.042700164,0,0.197
sub-002,0,0.042700164,0,0.197
sub-002,0,0.042700164,0,0.197
sub-002,0,0.042700164,0,0.197
sub-002,0,0.042700164,0,0.197
sub-002,0,0.041689806,0,0.197
sub-002,0,0.041689806,0,0.197
sub-002,0,0.042700164,0,0.197
sub-002,0,0.042700164,0,0.197
sub-002,0,0.042700164,0,0.197
sub-002,0,0.042700164,0,0.197
sub-002,0,0.041689806,0,0.197
sub-002,0,0.042700164,0,0.197
sub-002,0,0.042700164,0,0.197
sub-002,0,0.041689806,0,0.197
sub-002,0,0.10853514,0,0.197
sub-002,0,0.10853514,0,0.197
sub-002,0,0.11486924,0,0.197
sub-002,0,0.110977896,0,0.197
sub-002,0,0.110977896,0,0.197
sub-002,0,0.110977896,0,0.197
sub-002,0,0.041689806,0,0.197
sub-002,0,0.04010695,0,0.197
sub-002,0,0.035137117,0,0.197
sub-002,0,0.042700164,0,0.197
sub-002,0,0.042700164,0,0.197
sub-002,0,0.042700164,0,0.197
sub-002,0,0.043687068,0,0.197
sub-002,0,0.041689806,0,0.197
sub-002,0,0.041689806,0,0.197
sub-002,0,0.04431675,0,0.197
sub-002,0,0.042700164,0,0.197
sub-002,0,0.110977896,0,0.197
sub-002,0,0.110977896,0,0.197
sub-002,0,0.110977896,0,0.197
sub-002,0,0.11486924,0,0.197
sub-002,0,0.10853514,0,0.197
sub-002,0,0.10853514,0,0.197
sub-002,0,0.10853514,0,0.197
sub-002,0,0.10853514,0,0.197
sub-002,0,0.08837492,0,0.197
sub-002,0,0.08445828,0,0.197
sub-002,0,0.11486924,0,0.197
sub-002,0,0.113355964,0,0.197
sub-002,0,0.09248989,0,0.197
sub-002,0,0.10853514,0,0.197
sub-002,0,0.10853514,0,0.197
sub-002,0,0.10853514,0,0.197
sub-002,0,0.110977896,0,0.197
sub-002,0,0.10853514,0,0.197
sub-002,0,0.09248989,0,0.197
sub-002,0,0.08837492,0,0.197
sub-002,0,0.10853514,0,0.197
sub-002,0,0.10853514,0,0.197
sub-002,0,0.08445828,0,0.197
sub-002,0,0.110977896,0,0.197
sub-002,0,0.110977896,0,0.197
sub-002,0,0.08837492,0,0.197
sub-002,0,0.113355964,0,0.197
sub-002,0,0.10853514,0,0.197
sub-002,0,0.10853514,0,0.197
sub-002,0,0.110977896,0,0.197
sub-002,0,0.110977896,0,0.197
sub-002,0,0.09248989,0,0.197
sub-002,0,0.08837492,0,0.197
sub-002,0,0.10853514,0,0.197
sub-002,0,0.10853514,0,0.197
sub-002,0,0.05730689,0,0.197
sub-002,0,0.10853514,0,0.197
sub-002,0,0.10853514,0,0.197
sub-002,0,0.08837492,0,0.197
sub-002,0,0.10853514,0,0.197
sub-002,0,0.10853514,0,0.197
sub-002,0,0.10853514,0,0.197
sub-002,0,0.110977896,0,0.197
sub-002,0,0.110977896,0,0.197
sub-002,0,0.110977896,0,0.197
sub-002,0,0.08445828,0,0.197
sub-002,0,0.113355964,0,0.197
sub-002,0,0.10853514,0,0.197
sub-002,0,0.10853514,0,0.197
sub-002,0,0.113355964,0,0.197
sub-002,0,0.113355964,0,0.197
sub-002,0,0.10853514,0,0.197
sub-002,0,0.110977896,0,0.197
sub-002,0,0.113355964,0,0.197
sub-002,0,0.08837492,0,0.197
sub-002,0,0.11486924,0,0.197
sub-002,0,0.10853514,0,0.197
sub-002,0,0.08837492,0,0.197
sub-002,0,0.10853514,0,0.197
sub-002,0,0.110977896,0,0.197
sub-002,0,0.10853514,0,0.197
sub-002,0,0.113355964,0,0.197
sub-002,0,0.08837492,0,0.197
sub-002,0,0.08837492,0,0.197
sub-002,0,0.013575418,0,0.197
sub-002,0,0.013575418,0,0.197
sub-002,0,0.10853514,0,0.197
sub-002,0,0.10853514,0,0.197
sub-002,0,0.10853514,0,0.197
sub-002,0,0.10853514,0,0.197
sub-002,0,0.013575418,0,0.197
sub-002,0,0.05730689,0,0.197
sub-002,0,0.113355964,0,0.197
sub-002,0,0.08837492,0,0.197
sub-002,0,0.020375904,0,0.197
sub-002,0,0.08837492,0,0.197
sub-002,0,0.113355964,0,0.197
sub-002,0,0.045924835,0,0.197
sub-002,0,0.0704806,0,0.197
sub-002,0,0.08837492,0,0.197
sub-002,0,0.113355964,0,0.197
sub-002,0,0.113355964,0,0.197
sub-002,0,0.08837492,0,0.197
sub-002,0,0.032247007,0,0.197
sub-002,0,0.011737568,0,0.197
sub-002,0,0.020375904,0,0.197
sub-002,0,0.08445828,0,0.197
sub-002,0,0.09248989,0,0.197
sub-002,0,0.113355964,0,0.197
sub-002,0,0.113355964,0,0.197
sub-002,0,0.113355964,0,0.197
sub-002,0,0.10853514,0,0.197
sub-002,0,0.10853514,0,0.197
sub-002,0,0.10853514,0,0.197
sub-002,0,0.110977896,0,0.197
sub-002,0,0.110977896,0,0.197
sub-002,0,0.110977896,0,0.197
sub-002,0,0.110977896,0,0.197
sub-002,0,0.113355964,0,0.197
sub-002,0,0.113355964,0,0.197
sub-002,0,0.110977896,0,0.197
sub-002,0,0.110977896,0,0.197
sub-002,0,0.110977896,0,0.197
sub-002,0,0.10853514,0,0.197
sub-002,0,0.10853514,0,0.197
sub-002,0,0.110977896,0,0.197
sub-002,0,0.110977896,0,0.197
sub-002,0,0.11486924,0,0.197
sub-002,0,0.9978447,1,0.197
sub-002,0,0.9844147,1,0.197
sub-002,0,0.10578997,0,0.197
sub-002,0,0.10817844,0,0.197
sub-002,0,0.110977896,0,0.197
sub-002,0,0.110977896,0,0.197
sub-002,0,0.110977896,0,0.197
sub-002,0,0.110977896,0,0.197
sub-002,0,0.110977896,0,0.197
sub-002,0,0.10853514,0,0.197
sub-002,0,0.10853514,0,0.197
sub-002,0,0.10853514,0,0.197
sub-002,0,0.110977896,0,0.197
sub-002,0,0.110977896,0,0.197
sub-002,0,0.110977896,0,0.197
sub-002,0,0.110977896,0,0.197
sub-002,0,0.110977896,0,0.197
sub-002,0,0.110977896,0,0.197
sub-002,0,0.110977896,0,0.197
sub-002,0,0.110977896,0,0.197
sub-002,0,0.110977896,0,0.197
sub-002,0,0.18389006,0,0.197
sub-002,0,0.18389006,0,0.197
sub-002,0,0.9806126,1,0.197
sub-002,0,0.9885866,1,0.197
sub-002,0,0.9885866,1,0.197
sub-002,0,0.98661983,1,0.197
sub-002,0,0.98661983,1,0.197
sub-002,0,0.98661983,1,0.197
sub-002,0,0.9885866,1,0.197
sub-002,0,0.98661983,1,0.197
sub-002,0,0.9695123,1,0.197
sub-002,0,0.9695123,1,0.197
sub-002,0,0.97852945,1,0.197
sub-002,0,0.97852945,1,0.197
sub-002,0,0.9849664,1,0.197
sub-002,0,0.990522,1,0.197
sub-002,0,0.0087226415,0,0.197
sub-002,0,0.0025150531,0,0.197
sub-002,0,0.013082046,0,0.197
sub-002,0,0.013082046,0,0.197
sub-002,0,0.00687089,0,0.197
sub-002,0,0.0055120857,0,0.197
sub-002,0,0.110977896,0,0.197
sub-002,0,0.110977896,0,0.197
sub-002,0,0.110977896,0,0.197
sub-002,0,0.013082046,0,0.197
sub-002,0,0.013082046,0,0.197
sub-002,0,0.110977896,0,0.197
sub-002,0,0.110977896,0,0.197
sub-002,0,0.013082046,0,0.197
sub-002,0,0.013082046,0,0.197
sub-002,0,0.013082046,0,0.197
sub-002,0,0.013082046,0,0.197
sub-002,0,0.00687089,0,0.197
sub-002,0,0.013082046,0,0.197
sub-002,0,0.00687089,0,0.197
sub-002,0,0.09248989,0,0.197
sub-002,0,0.113355964,0,0.197
sub-002,0,0.11486924,0,0.197
sub-002,0,0.11486924,0,0.197
sub-002,0,0.033954803,0,0.197
sub-002,0,0.113355964,0,0.197
sub-002,0,0.09248989,0,0.197
sub-002,0,0.027255261,0,0.197
sub-002,0,0.04245701,0,0.197
sub-002,0,0.04245701,0,0.197
sub-002,0,0.041689806,0,0.197
sub-002,0,0.04245701,0,0.197
sub-002,0,0.04245701,0,0.197
sub-002,0,0.04245701,0,0.197
sub-002,0,0.1853734,0,0.197
sub-002,0,0.04424949,0,0.197
sub-002,0,0.041985966,0,0.197
sub-002,0,0.043687068,0,0.197
sub-002,0,0.04431675,0,0.197
sub-002,0,0.041689806,0,0.197
sub-002,0,0.041689806,0,0.197
sub-002,0,0.032247007,0,0.197
sub-002,0,0.011737568,0,0.197
sub-002,0,0.032247007,0,0.197
sub-002,0,0.042700164,0,0.197
sub-002,0,0.042700164,0,0.197
sub-002,0,0.042700164,0,0.197
sub-002,0,0.041689806,0,0.197
sub-002,0,0.028998852,0,0.197
sub-002,0,0.1009923,0,0.197
sub-002,0,0.1009923,0,0.197
sub-002,0,0.1009923,0,0.197
sub-002,0,0.1009923,0,0.197
sub-002,0,0.087287284,0,0.197
sub-002,0,0.1009923,0,0.197
sub-002,0,0.1009923,0,0.197
sub-002,0,0.075717136,0,0.197
sub-002,0,0.091233484,0,0.197
sub-002,0,0.091233484,0,0.197
sub-002,0,0.6598366,1,0.197
sub-002,0,0.6325781,1,0.197
sub-002,0,0.6325781,1,0.197
sub-002,0,0.6089624,1,0.197
sub-002,0,0.6325781,1,0.197
sub-002,0,0.6716446,1,0.197
sub-002,0,0.67625344,1,0.197
sub-002,0,0.041689806,0,0.197
sub-002,0,0.041689806,0,0.197
sub-002,0,0.042700164,0,0.197
sub-002,0,0.042700164,0,0.197
sub-002,0,0.042700164,0,0.197
sub-002,0,0.042700164,0,0.197
sub-002,0,0.042700164,0,0.197
sub-002,0,0.042700164,0,0.197
sub-002,0,0.042700164,0,0.197
sub-002,0,0.042700164,0,0.197
sub-002,0,0.041689806,0,0.197
sub-002,0,0.035137117,0,0.197
sub-002,0,0.04010695,0,0.197
sub-002,0,0.04431675,0,0.197
sub-002,0,0.042700164,0,0.197
sub-002,0,0.041689806,0,0.197
sub-002,0,0.038239747,0,0.197
sub-002,0,0.03164674,0,0.197
sub-002,0,0.013575418,0,0.197
sub-002,0,0.024496246,0,0.197
sub-002,0,0.017921213,0,0.197
sub-002,0,0.041689806,0,0.197
sub-002,0,0.042700164,0,0.197
sub-002,0,0.042700164,0,0.197
sub-002,0,0.042700164,0,0.197
sub-002,0,0.041689806,0,0.197
sub-002,0,0.043687068,0,0.197
sub-002,0,0.011737568,0,0.197
sub-002,0,0.007969244,0,0.197
sub-002,0,0.015668582,0,0.197
sub-002,0,0.013575418,0,0.197
sub-002,0,0.007969244,0,0.197
sub-002,0,0.007969244,0,0.197
sub-002,0,0.007969244,0,0.197
sub-002,0,0.0086071985,0,0.197
sub-002,0,0.007969244,0,0.197
sub-002,0,0.007969244,0,0.197
sub-002,0,0.007969244,0,0.197
sub-002,0,0.007969244,0,0.197
sub-002,0,0.007969244,0,0.197
sub-002,0,0.007969244,0,0.197
sub-002,0,0.007969244,0,0.197
sub-002,0,0.007969244,0,0.197
sub-002,0,0.007969244,0,0.197
sub-002,0,0.007969244,0,0.197
sub-002,0,0.007969244,0,0.197
sub-002,0,0.007969244,0,0.197
sub-002,0,0.007969244,0,0.197
sub-002,0,0.007969244,0,0.197
sub-002,0,0.024496246,0,0.197
sub-002,0,0.017921213,0,0.197
sub-002,0,0.030454611,0,0.197
sub-002,0,0.03164674,0,0.197
sub-002,0,0.011737568,0,0.197
sub-002,0,0.015668582,0,0.197
sub-002,0,0.032247007,0,0.197
sub-002,0,0.017921213,0,0.197
sub-002,0,0.011737568,0,0.197
sub-002,0,0.05437097,0,0.197
sub-002,0,0.04431675,0,0.197
sub-002,0,0.030865055,0,0.197
sub-002,0,0.03164674,0,0.197
sub-002,0,0.04010695,0,0.197
sub-002,0,0.020375904,0,0.197
sub-002,0,0.032247007,0,0.197
sub-002,0,0.026487542,0,0.197
sub-002,0,0.013575418,0,0.197
sub-002,0,0.030454611,0,0.197
sub-002,0,0.030865055,0,0.197
sub-002,0,0.017921213,0,0.197
sub-002,0,0.032247007,0,0.197
sub-002,0,0.030865055,0,0.197
sub-002,0,0.015668582,0,0.197
sub-002,0,0.013575418,0,0.197
sub-002,0,0.013575418,0,0.197
sub-002,0,0.015668582,0,0.197
sub-002,0,0.010852328,0,0.197
sub-002,0,0.010852328,0,0.197
sub-002,0,0.011737568,0,0.197
sub-002,0,0.032247007,0,0.197
sub-002,0,0.04010695,0,0.197
sub-002,0,0.030454611,0,0.197
sub-002,0,0.030865055,0,0.197
sub-002,0,0.015668582,0,0.197
sub-002,0,0.013575418,0,0.197
sub-002,0,0.020375904,0,0.197
sub-002,0,0.015668582,0,0.197
sub-002,0,0.015668582,0,0.197
sub-002,0,0.015668582,0,0.197
sub-002,0,0.013575418,0,0.197
sub-002,0,0.015668582,0,0.197
sub-002,0,0.013575418,0,0.197
sub-002,0,0.011737568,0,0.197
sub-002,0,0.011737568,0,0.197
sub-002,0,0.011737568,0,0.197
sub-002,0,0.0086071985,0,0.197
sub-002,0,0.013575418,0,0.197
sub-002,0,0.013575418,0,0.197
sub-002,0,0.007969244,0,0.197
sub-002,0,0.0086071985,0,0.197
sub-002,0,0.0086071985,0,0.197
sub-002,0,0.0086071985,0,0.197
sub-002,0,0.007969244,0,0.197
sub-002,0,0.007969244,0,0.197
sub-002,0,0.0086071985,0,0.197
sub-002,0,0.0086071985,0,0.197
sub-002,0,0.010852328,0,0.197
sub-002,0,0.011737568,0,0.197
sub-002,0,0.011737568,0,0.197
sub-002,0,0.0086071985,0,0.197
sub-002,0,0.007969244,0,0.197
sub-002,0,0.010852328,0,0.197
sub-002,0,0.011737568,0,0.197
sub-002,0,0.030865055,0,0.197
sub-002,0,0.043687068,0,0.197
sub-002,0,0.04010695,0,0.197
sub-002,0,0.032247007,0,0.197
sub-002,0,0.030454611,0,0.197
sub-002,0,0.032247007,0,0.197
sub-002,0,0.030454611,0,0.197
sub-002,0,0.017921213,0,0.197
sub-002,0,0.011737568,0,0.197
sub-002,0,0.032247007,0,0.197
sub-002,0,0.007459323,0,0.197
sub-002,0,0.013575418,0,0.197
sub-002,0,0.016081056,0,0.197
sub-002,0,0.016081056,0,0.197
sub-002,0,0.030865055,0,0.197
sub-002,0,0.05437097,0,0.197
sub-002,0,0.04035935,0,0.197
sub-002,0,0.05437097,0,0.197
sub-002,0,0.026487542,0,0.197
sub-002,0,0.035817638,0,0.197
sub-002,0,0.035817638,0,0.197
sub-002,0,0.1853734,0,0.197
sub-002,0,0.091233484,0,0.197
sub-002,0,0.01389519,0,0.197
sub-002,0,0.014205315,0,0.197
sub-002,0,0.08394768,0,0.197
sub-002,0,0.02312702,0,0.197
sub-002,0,0.01754138,0,0.197
sub-002,0,0.010813347,0,0.197
sub-002,0,0.01352679,0,0.197
sub-002,0,0.015612575,0,0.197
sub-002,0,0.00794054,0,0.197
sub-002,0,0.00794054,0,0.197
sub-002,0,0.00794054,0,0.197
sub-002,0,0.00794054,0,0.197
sub-002,0,0.00794054,0,0.197
sub-002,0,0.00794054,0,0.197
sub-002,0,0.00794054,0,0.197
sub-002,0,0.00794054,0,0.197
sub-002,0,0.00794054,0,0.197
sub-002,0,0.01250911,0,0.197
sub-002,0,0.01250911,0,0.197
sub-002,0,0.01250911,0,0.197
sub-002,0,0.00794054,0,0.197
sub-002,0,0.00794054,0,0.197
sub-002,0,0.00794054,0,0.197
sub-002,0,0.00794054,0,0.197
sub-002,0,0.00794054,0,0.197
sub-002,0,0.00794054,0,0.197
sub-002,0,0.00794054,0,0.197
sub-002,0,0.00794054,0,0.197
sub-002,0,0.00794054,0,0.197
sub-002,0,0.01250911,0,0.197
sub-002,0,0.01250911,0,0.197
sub-002,0,0.01250911,0,0.197
sub-002,0,0.00794054,0,0.197
sub-002,0,0.00794054,0,0.197
sub-002,0,0.01250911,0,0.197
sub-002,0,0.008576221,0,0.197
sub-002,0,0.00794054,0,0.197
sub-002,0,0.0178573,0,0.197
sub-002,0,0.0178573,0,0.197
sub-002,0,0.01250911,0,0.197
sub-002,0,0.00794054,0,0.197
sub-002,0,0.00794054,0,0.197
sub-002,0,0.00794054,0,0.197
sub-002,0,0.024486283,0,0.197
sub-002,0,0.021240575,0,0.197
sub-002,0,0.009994349,0,0.197
sub-002,0,0.007969244,0,0.197
sub-002,0,0.007969244,0,0.197
sub-002,0,0.007969244,0,0.197
sub-002,0,0.007969244,0,0.197
sub-002,0,0.007969244,0,0.197
sub-002,0,0.007969244,0,0.197
sub-002,0,0.007969244,0,0.197
sub-002,0,0.007969244,0,0.197
sub-002,0,0.007969244,0,0.197
sub-002,0,0.007969244,0,0.197
sub-002,0,0.0086071985,0,0.197
sub-002,0,0.010852328,0,0.197
sub-002,0,0.007969244,0,0.197
sub-002,0,0.007969244,0,0.197
sub-002,0,0.0086071985,0,0.197
sub-002,0,0.007969244,0,0.197
sub-002,0,0.007969244,0,0.197
sub-002,0,0.007969244,0,0.197
sub-002,0,0.007969244,0,0.197
sub-002,0,0.007969244,0,0.197
sub-002,0,0.010852328,0,0.197
sub-002,0,0.013575418,0,0.197
sub-002,0,0.013575418,0,0.197
sub-002,0,0.010852328,0,0.197
sub-002,0,0.007969244,0,0.197
sub-002,0,0.007969244,0,0.197
sub-002,0,0.007969244,0,0.197
sub-002,0,0.007969244,0,0.197
sub-002,0,0.0086071985,0,0.197
sub-002,0,0.0086071985,0,0.197
sub-002,0,0.011737568,0,0.197
sub-002,0,0.010852328,0,0.197
sub-002,0,0.010852328,0,0.197
sub-002,0,0.01858621,0,0.197
sub-002,0,0.011806142,0,0.197
sub-002,0,0.010933697,0,0.197
sub-002,0,0.008376452,0,0.197
sub-002,0,0.015668582,0,0.197
sub-002,0,0.013575418,0,0.197
sub-002,0,0.01858621,0,0.197
sub-002,0,0.010852328,0,0.197
sub-002,0,0.010852328,0,0.197
sub-002,0,0.009912481,0,0.197
sub-002,0,0.013607484,0,0.197
sub-002,0,0.010852328,0,0.197
sub-002,0,0.015668582,0,0.197
sub-002,0,0.043843318,0,0.197
sub-002,0,0.016081056,0,0.197
sub-002,0,0.0086071985,0,0.197
sub-002,0,0.021435196,0,0.197
sub-002,0,0.015668582,0,0.197
sub-002,0,0.011737568,0,0.197
sub-002,0,0.011737568,0,0.197
sub-002,0,0.011737568,0,0.197
sub-002,0,0.011737568,0,0.197
sub-002,0,0.013575418,0,0.197
sub-002,0,0.011737568,0,0.197
sub-002,0,0.013575418,0,0.197
sub-002,0,0.015668582,0,0.197
sub-002,0,0.0061814818,0,0.197
sub-002,0,0.016081056,0,0.197
sub-002,0,0.013575418,0,0.197
sub-002,0,0.015668582,0,0.197
sub-002,0,0.030865055,0,0.197
sub-002,0,0.04035935,0,0.197
sub-002,0,0.04010695,0,0.197
sub-002,0,0.030865055,0,0.197
sub-002,0,0.04010695,0,0.197
sub-002,0,0.03164674,0,0.197
sub-002,0,0.013575418,0,0.197
sub-002,0,0.020375904,0,0.197
sub-002,0,0.043323476,0,0.197
sub-002,0,0.038239747,0,0.197
sub-002,0,0.030865055,0,0.197
sub-002,0,0.017921213,0,0.197
sub-002,0,0.016081056,0,0.197
sub-002,0,0.027293859,0,0.197
sub-002,0,0.041985966,0,0.197
sub-002,0,0.017921213,0,0.197
sub-002,0,0.0035086912,0,0.197
sub-002,0,0.012049505,0,0.197
sub-002,0,0.030865055,0,0.197
sub-002,0,0.010852328,0,0.197
sub-002,0,0.011737568,0,0.197
sub-002,0,0.011737568,0,0.197
sub-002,0,0.011737568,0,0.197
sub-002,0,0.021435196,0,0.197
sub-002,0,0.017921213,0,0.197
sub-002,0,0.011737568,0,0.197
sub-002,0,0.011357322,0,0.197
sub-002,0,0.014205315,0,0.197
sub-002,0,0.014205315,0,0.197
sub-002,0,0.01754138,0,0.197
sub-002,0,0.01754138,0,0.197
sub-002,0,0.0151748685,0,0.197
sub-002,0,0.008576221,0,0.197
sub-002,0,0.00794054,0,0.197
sub-002,0,0.017006446,0,0.197
sub-002,0,0.011695451,0,0.197
sub-002,0,0.034887005,0,0.197
sub-002,0,0.037867174,0,0.197
sub-002,0,0.027805554,0,0.197
sub-002,0,0.036448013,0,0.197
sub-002,0,0.015668582,0,0.197
sub-002,0,0.026487542,0,0.197
sub-002,0,0.017921213,0,0.197
sub-002,0,0.017921213,0,0.197
sub-002,0,0.021435196,0,0.197
sub-002,0,0.011737568,0,0.197
sub-002,0,0.010852328,0,0.197
sub-002,0,0.043843318,0,0.197
sub-002,0,0.05437097,0,0.197
sub-002,0,0.04010695,0,0.197
sub-002,0,0.04245701,0,0.197
sub-002,0,0.04245701,0,0.197
sub-002,0,0.013575418,0,0.197
sub-002,0,0.011737568,0,0.197
sub-002,0,0.007969244,0,0.197
sub-002,0,0.014873162,0,0.197
sub-002,0,0.02782601,0,0.197
sub-002,0,0.024496246,0,0.197
sub-002,0,0.04143396,0,0.197
sub-002,0,0.020375904,0,0.197
sub-002,0,0.032247007,0,0.197
sub-002,0,0.041689806,0,0.197
sub-002,0,0.041689806,0,0.197
sub-002,0,0.030865055,0,0.197
sub-002,0,0.03164674,0,0.197
sub-002,0,0.04010695,0,0.197
sub-002,0,0.043687068,0,0.197
sub-002,0,0.035137117,0,0.197
sub-002,0,0.04010695,0,0.197
sub-002,0,0.038239747,0,0.197
sub-002,0,0.043687068,0,0.197
sub-002,0,0.04010695,0,0.197
sub-002,0,0.032247007,0,0.197
sub-002,0,0.020375904,0,0.197
sub-002,0,0.011737568,0,0.197
sub-002,0,0.017921213,0,0.197
sub-002,0,0.026487542,0,0.197
sub-002,0,0.032247007,0,0.197
sub-002,0,0.030865055,0,0.197
sub-002,0,0.020375904,0,0.197
sub-002,0,0.020375904,0,0.197
sub-002,0,0.017921213,0,0.197
sub-002,0,0.011737568,0,0.197
sub-002,0,0.013575418,0,0.197
sub-002,0,0.011737568,0,0.197
sub-002,0,0.011737568,0,0.197
sub-002,0,0.015668582,0,0.197
sub-002,0,0.017921213,0,0.197
sub-002,0,0.026487542,0,0.197
sub-002,0,0.026487542,0,0.197
sub-002,0,0.017921213,0,0.197
sub-002,0,0.026487542,0,0.197
sub-002,0,0.043687068,0,0.197
sub-002,0,0.035137117,0,0.197
sub-002,0,0.018748939,0,0.197
sub-002,0,0.0985662,0,0.197
sub-002,0,0.025137637,0,0.197
sub-002,0,0.027805554,0,0.197
sub-002,0,0.019430652,0,0.197
sub-002,0,0.04010695,0,0.197
sub-002,0,0.030454611,0,0.197
sub-002,0,0.020375904,0,0.197
sub-002,0,0.020375904,0,0.197
sub-002,0,0.04010695,0,0.197
sub-002,0,0.041689806,0,0.197
sub-002,0,0.04010695,0,0.197
sub-002,0,0.011737568,0,0.197
sub-002,0,0.04010695,0,0.197
sub-002,0,0.015668582,0,0.197
sub-002,0,0.007969244,0,0.197
sub-002,0,0.007969244,0,0.197
sub-002,0,0.007969244,0,0.197
sub-002,0,0.007969244,0,0.197
sub-002,0,0.007969244,0,0.197
sub-002,0,0.007969244,0,0.197
sub-002,0,0.007969244,0,0.197
sub-002,0,0.007969244,0,0.197
sub-002,0,0.007969244,0,0.197
sub-002,0,0.007969244,0,0.197
sub-002,0,0.007969244,0,0.197
sub-002,0,0.007969244,0,0.197
sub-002,0,0.007969244,0,0.197
sub-002,0,0.007969244,0,0.197
sub-002,0,0.007969244,0,0.197
sub-002,0,0.007969244,0,0.197
sub-002,0,0.007969244,0,0.197
sub-002,0,0.007969244,0,0.197
sub-002,0,0.007969244,0,0.197
sub-002,0,0.007969244,0,0.197
sub-002,0,0.007969244,0,0.197
sub-002,0,0.007969244,0,0.197
sub-002,0,0.007969244,0,0.197
sub-002,0,0.007969244,0,0.197
sub-002,0,0.007969244,0,0.197
sub-002,0,0.007969244,0,0.197
sub-002,0,0.007969244,0,0.197
sub-002,0,0.007969244,0,0.197
sub-002,0,0.007969244,0,0.197
sub-002,0,0.007969244,0,0.197
sub-002,0,0.007969244,0,0.197
sub-002,0,0.007969244,0,0.197
sub-002,0,0.007969244,0,0.197
sub-002,0,0.007969244,0,0.197
sub-002,0,0.007969244,0,0.197
sub-002,0,0.04010695,0,0.197
sub-002,0,0.042700164,0,0.197
sub-002,0,0.042700164,0,0.197
sub-002,0,0.041689806,0,0.197
sub-002,0,0.011737568,0,0.197
sub-002,0,0.017921213,0,0.197
sub-002,0,0.011737568,0,0.197
sub-002,0,0.007969244,0,0.197
sub-002,0,0.007969244,0,0.197
sub-002,0,0.007969244,0,0.197
sub-002,0,0.007969244,0,0.197
sub-002,0,0.007969244,0,0.197
sub-002,0,0.007969244,0,0.197
sub-002,0,0.007969244,0,0.197
sub-002,0,0.007969244,0,0.197
sub-002,0,0.007969244,0,0.197
sub-002,0,0.007969244,0,0.197
sub-002,0,0.007969244,0,0.197
sub-002,0,0.007969244,0,0.197
sub-002,0,0.007969244,0,0.197
sub-002,0,0.007969244,0,0.197
sub-002,0,0.007969244,0,0.197
sub-002,0,0.007969244,0,0.197
sub-002,0,0.007969244,0,0.197
sub-002,0,0.007969244,0,0.197
sub-002,0,0.0086071985,0,0.197
sub-002,0,0.0086071985,0,0.197
sub-002,0,0.007969244,0,0.197
sub-002,0,0.007969244,0,0.197
sub-002,0,0.007969244,0,0.197
sub-002,0,0.007969244,0,0.197
sub-002,0,0.007969244,0,0.197
sub-002,0,0.007969244,0,0.197
sub-002,0,0.015668582,0,0.197
sub-002,0,0.015668582,0,0.197
sub-002,0,0.007969244,0,0.197
sub-002,0,0.011737568,0,0.197
sub-002,0,0.011737568,0,0.197
sub-002,0,0.011737568,0,0.197
sub-002,0,0.007969244,0,0.197
sub-002,0,0.010852328,0,0.197
sub-002,0,0.026487542,0,0.197
sub-002,0,0.013575418,0,0.197
sub-002,0,0.010852328,0,0.197
sub-002,0,0.010852328,0,0.197
sub-002,0,0.007969244,0,0.197
sub-002,0,0.01858621,0,0.197
sub-002,0,0.015668582,0,0.197
sub-002,0,0.0086071985,0,0.197
sub-002,0,0.011806142,0,0.197
sub-002,0,0.015668582,0,0.197
sub-002,0,0.017921213,0,0.197
sub-002,0,0.015668582,0,0.197
sub-002,0,0.011737568,0,0.197
sub-002,0,0.011737568,0,0.197
sub-002,0,0.032247007,0,0.197
sub-002,0,0.043687068,0,0.197
sub-002,0,0.04010695,0,0.197
sub-002,0,0.015668582,0,0.197
sub-002,0,0.026487542,0,0.197
sub-002,0,0.030865055,0,0.197
sub-002,0,0.032247007,0,0.197
sub-002,0,0.017921213,0,0.197
sub-002,0,0.024496246,0,0.197
sub-002,0,0.007969244,0,0.197
sub-002,0,0.015668582,0,0.197
sub-002,0,0.04010695,0,0.197
sub-002,0,0.013607484,0,0.197
sub-002,0,0.043843318,0,0.197
sub-002,0,0.015668582,0,0.197
sub-002,0,0.011737568,0,0.197
sub-002,0,0.032247007,0,0.197
sub-002,0,0.043687068,0,0.197
sub-002,0,0.035137117,0,0.197
sub-002,0,0.038239747,0,0.197
sub-002,0,0.04010695,0,0.197
sub-002,0,0.032247007,0,0.197
sub-002,0,0.04010695,0,0.197
sub-002,0,0.038239747,0,0.197
sub-002,0,0.030454611,0,0.197
sub-002,0,0.04010695,0,0.197
sub-002,0,0.04010695,0,0.197
sub-002,0,0.032247007,0,0.197
sub-002,0,0.015668582,0,0.197
sub-002,0,0.015668582,0,0.197
sub-002,0,0.032247007,0,0.197
sub-002,0,0.011737568,0,0.197
sub-002,0,0.0086071985,0,0.197
sub-002,0,0.030865055,0,0.197
sub-002,0,0.032247007,0,0.197
sub-002,0,0.032247007,0,0.197
sub-002,0,0.030865055,0,0.197
sub-002,0,0.04010695,0,0.197
sub-002,0,0.030865055,0,0.197
sub-002,0,0.043687068,0,0.197
sub-002,0,0.041689806,0,0.197
sub-002,0,0.041452155,0,0.197
sub-002,0,0.043438546,0,0.197
sub-002,0,0.015668582,0,0.197
sub-002,0,0.011737568,0,0.197
sub-002,0,0.0086071985,0,0.197
sub-002,0,0.007969244,0,0.197
sub-002,0,0.007969244,0,0.197
sub-002,0,0.010852328,0,0.197
sub-002,0,0.011737568,0,0.197
sub-002,0,0.007969244,0,0.197
sub-002,0,0.007969244,0,0.197
sub-002,0,0.013575418,0,0.197
sub-002,0,0.011737568,0,0.197
sub-002,0,0.007969244,0,0.197
sub-002,0,0.007969244,0,0.197
sub-002,0,0.010852328,0,0.197
sub-002,0,0.013575418,0,0.197
sub-002,0,0.015668582,0,0.197
sub-002,0,0.0086071985,0,0.197
sub-002,0,0.007969244,0,0.197
sub-002,0,0.013575418,0,0.197
sub-002,0,0.013575418,0,0.197
sub-002,0,0.007969244,0,0.197
sub-002,0,0.015668582,0,0.197
sub-002,0,0.015668582,0,0.197
sub-002,0,0.007969244,0,0.197
sub-002,0,0.007969244,0,0.197
sub-002,0,0.0086071985,0,0.197
sub-002,0,0.014873162,0,0.197
sub-002,0,0.011737568,0,0.197
sub-002,0,0.017921213,0,0.197
sub-002,0,0.010852328,0,0.197
sub-002,0,0.015668582,0,0.197
sub-002,0,0.020375904,0,0.197
sub-002,0,0.0086071985,0,0.197
sub-002,0,0.013575418,0,0.197
sub-002,0,0.011737568,0,0.197
sub-002,0,0.011737568,0,0.197
sub-002,0,0.015668582,0,0.197
sub-002,0,0.015668582,0,0.197
sub-002,0,0.032247007,0,0.197
sub-002,0,0.015668582,0,0.197
sub-002,0,0.007969244,0,0.197
sub-002,0,0.007969244,0,0.197
sub-002,0,0.0086071985,0,0.197
sub-002,0,0.007969244,0,0.197
sub-002,0,0.0086071985,0,0.197
sub-002,0,0.017921213,0,0.197
sub-002,0,0.015668582,0,0.197
sub-002,0,0.011737568,0,0.197
sub-002,0,0.011737568,0,0.197
sub-002,0,0.010852328,0,0.197
sub-002,0,0.011737568,0,0.197
sub-002,0,0.011737568,0,0.197
sub-002,0,0.013575418,0,0.197
sub-002,0,0.015668582,0,0.197
sub-002,0,0.011737568,0,0.197
sub-002,0,0.0086071985,0,0.197
sub-002,0,0.007969244,0,0.197
sub-002,0,0.007969244,0,0.197
sub-002,0,0.007969244,0,0.197
sub-002,0,0.007969244,0,0.197
sub-002,0,0.007969244,0,0.197
sub-002,0,0.007969244,0,0.197
sub-002,0,0.007969244,0,0.197
sub-002,0,0.007969244,0,0.197
sub-002,0,0.007969244,0,0.197
sub-002,0,0.007969244,0,0.197
sub-002,0,0.007969244,0,0.197
sub-002,0,0.007969244,0,0.197
sub-002,0,0.007969244,0,0.197
sub-002,0,0.007969244,0,0.197
sub-002,0,0.007969244,0,0.197
sub-002,0,0.04431675,0,0.197
sub-002,0,0.010403635,0,0.197
sub-002,0,0.013082046,0,0.197
sub-002,0,0.013082046,0,0.197
sub-002,0,0.110977896,0,0.197
sub-002,0,0.045924835,0,0.197
sub-002,0,0.017921213,0,0.197
sub-002,0,0.05730689,0,0.197
sub-002,0,0.011737568,0,0.197
sub-002,0,0.007969244,0,0.197
sub-002,0,0.007969244,0,0.197
sub-002,0,0.007969244,0,0.197
sub-002,0,0.007969244,0,0.197
sub-002,0,0.007969244,0,0.197
sub-002,0,0.007969244,0,0.197
sub-002,0,0.007969244,0,0.197
sub-002,0,0.007969244,0,0.197
sub-002,0,0.007969244,0,0.197
sub-002,0,0.007969244,0,0.197
sub-002,0,0.007969244,0,0.197
sub-002,0,0.007969244,0,0.197
sub-002,0,0.007969244,0,0.197
sub-002,0,0.007969244,0,0.197
sub-002,0,0.007969244,0,0.197
sub-002,0,0.007969244,0,0.197
sub-002,0,0.007969244,0,0.197
sub-002,0,0.007969244,0,0.197
sub-002,0,0.007969244,0,0.197
sub-002,0,0.007969244,0,0.197
sub-002,0,0.007969244,0,0.197
sub-002,0,0.007969244,0,0.197
sub-002,0,0.007969244,0,0.197
sub-002,0,0.007969244,0,0.197
sub-002,0,0.007969244,0,0.197
sub-002,0,0.007969244,0,0.197
sub-002,0,0.007969244,0,0.197
sub-002,0,0.007969244,0,0.197
sub-002,0,0.015668582,0,0.197
sub-002,0,0.09248989,0,0.197
sub-002,0,0.08837492,0,0.197
sub-002,0,0.08837492,0,0.197
sub-002,0,0.08837492,0,0.197
sub-002,0,0.10853514,0,0.197
sub-002,0,0.110977896,0,0.197
sub-002,0,0.110977896,0,0.197
sub-002,0,0.015668582,0,0.197
sub-002,0,0.015668582,0,0.197
sub-002,0,0.015668582,0,0.197
sub-002,0,0.007969244,0,0.197
sub-002,0,0.007969244,0,0.197
sub-002,0,0.007969244,0,0.197
sub-002,0,0.007969244,0,0.197
sub-002,0,0.007969244,0,0.197
sub-002,0,0.007969244,0,0.197
sub-002,0,0.007969244,0,0.197
sub-002,0,0.007969244,0,0.197
sub-002,0,0.007969244,0,0.197
sub-002,0,0.007969244,0,0.197
sub-002,0,0.007969244,0,0.197
sub-002,0,0.007969244,0,0.197
sub-002,0,0.007969244,0,0.197
sub-002,0,0.007969244,0,0.197
sub-002,0,0.007969244,0,0.197
sub-002,0,0.007969244,0,0.197
sub-002,0,0.007969244,0,0.197
sub-002,0,0.007969244,0,0.197
sub-002,0,0.017921213,0,0.197
sub-002,0,0.08837492,0,0.197
sub-002,0,0.09248989,0,0.197
sub-002,0,0.113355964,0,0.197
sub-002,0,0.08837492,0,0.197
sub-002,0,0.0086071985,0,0.197
sub-002,0,0.0086071985,0,0.197
sub-002,0,0.013575418,0,0.197
sub-002,0,0.007969244,0,0.197
sub-002,0,0.007969244,0,0.197
sub-002,0,0.007969244,0,0.197
sub-002,0,0.007969244,0,0.197
sub-002,0,0.007969244,0,0.197
sub-002,0,0.007969244,0,0.197
sub-002,0,0.007969244,0,0.197
sub-002,0,0.007969244,0,0.197
sub-002,0,0.05730689,0,0.197
sub-002,0,0.110977896,0,0.197
sub-002,0,0.110977896,0,0.197
sub-002,0,0.08837492,0,0.197
sub-002,0,0.007969244,0,0.197
sub-002,0,0.007969244,0,0.197
sub-002,0,0.007969244,0,0.197
sub-002,0,0.007969244,0,0.197
sub-002,0,0.007969244,0,0.197
sub-002,0,0.007969244,0,0.197
sub-002,0,0.007969244,0,0.197
sub-002,0,0.007969244,0,0.197
sub-002,0,0.007969244,0,0.197
sub-002,0,0.007969244,0,0.197
sub-002,0,0.0086071985,0,0.197
sub-002,0,0.007969244,0,0.197
sub-002,0,0.0086071985,0,0.197
sub-002,0,0.017921213,0,0.197
sub-002,0,0.01695981,0,0.197
sub-002,0,0.007969244,0,0.197
sub-002,0,0.007969244,0,0.197
sub-002,0,0.010933697,0,0.197
sub-002,0,0.007969244,0,0.197
sub-002,0,0.007969244,0,0.197
sub-002,0,0.007969244,0,0.197
sub-002,0,0.0086071985,0,0.197
sub-002,0,0.0086071985,0,0.197
sub-002,0,0.010852328,0,0.197
sub-002,0,0.011737568,0,0.197
sub-002,0,0.0086071985,0,0.197
sub-002,0,0.007969244,0,0.197
sub-002,0,0.010933697,0,0.197
sub-002,0,0.02782601,0,0.197
sub-002,0,0.02782601,0,0.197
sub-002,0,0.010852328,0,0.197
sub-002,0,0.015668582,0,0.197
sub-002,0,0.010852328,0,0.197
sub-002,0,0.0030632524,0,0.197
sub-002,0,0.009757878,0,0.197
sub-002,0,0.032247007,0,0.197
sub-002,0,0.013575418,0,0.197
sub-002,0,0.012605854,0,0.197
sub-002,0,0.022398576,0,0.197
sub-002,0,0.020375904,0,0.197
sub-002,0,0.005725022,0,0.197
sub-002,0,0.012605854,0,0.197
sub-002,0,0.036089938,0,0.197
sub-002,0,0.043843318,0,0.197
sub-002,0,0.020375904,0,0.197
sub-002,0,0.113355964,0,0.197
sub-002,0,0.09089491,0,0.197
sub-002,0,0.08837492,0,0.197
sub-002,0,0.09248989,0,0.197
sub-002,0,0.026487542,0,0.197
sub-002,0,0.0704806,0,0.197
sub-002,0,0.113355964,0,0.197
sub-002,0,0.113355964,0,0.197
sub-002,0,0.08837492,0,0.197
sub-002,0,0.08837492,0,0.197
sub-002,0,0.11486924,0,0.197
sub-002,0,0.113355964,0,0.197
sub-002,0,0.08837492,0,0.197
sub-002,0,0.09248989,0,0.197
sub-002,0,0.08837492,0,0.197
sub-002,0,0.08837492,0,0.197
sub-002,0,0.09248989,0,0.197
sub-002,0,0.0704806,0,0.197
sub-002,0,0.05730689,0,0.197
sub-002,0,0.113355964,0,0.197
sub-002,0,0.10853514,0,0.197
sub-002,0,0.08837492,0,0.197
sub-002,0,0.08837492,0,0.197
sub-002,0,0.032247007,0,0.197
sub-002,0,0.017921213,0,0.197
sub-002,0,0.08837492,0,0.197
sub-002,0,0.08837492,0,0.197
sub-002,0,0.08837492,0,0.197
sub-002,0,0.05730689,0,0.197
sub-002,0,0.045924835,0,0.197
sub-002,0,0.08837492,0,0.197
sub-002,0,0.05730689,0,0.197
sub-002,0,0.020375904,0,0.197
sub-002,0,0.017921213,0,0.197
sub-002,0,0.017921213,0,0.197
sub-002,0,0.045924835,0,0.197
sub-002,0,0.020375904,0,0.197
sub-002,0,0.011737568,0,0.197
sub-002,0,0.026487542,0,0.197
sub-002,0,0.08837492,0,0.197
sub-002,0,0.08837492,0,0.197
sub-002,0,0.08837492,0,0.197
sub-002,0,0.05730689,0,0.197
sub-002,0,0.08837492,0,0.197
sub-002,0,0.08837492,0,0.197
sub-002,0,0.015668582,0,0.197
sub-002,0,0.05730689,0,0.197
sub-002,0,0.08837492,0,0.197
sub-002,0,0.015668582,0,0.197
sub-002,0,0.013575418,0,0.197
sub-002,0,0.05730689,0,0.197
sub-002,0,0.08837492,0,0.197
sub-002,0,0.045924835,0,0.197
sub-002,0,0.032247007,0,0.197
sub-002,0,0.015668582,0,0.197
sub-002,0,0.017921213,0,0.197
sub-002,0,0.020375904,0,0.197
sub-002,0,0.017921213,0,0.197
sub-002,0,0.045924835,0,0.197
sub-002,0,0.017921213,0,0.197
sub-002,0,0.013575418,0,0.197
sub-002,0,0.020375904,0,0.197
sub-002,0,0.015668582,0,0.197
sub-002,0,0.05730689,0,0.197
sub-002,0,0.110390775,0,0.197
sub-002,0,0.04245701,0,0.197
sub-002,0,0.042700164,0,0.197
sub-002,0,0.026487542,0,0.197
sub-002,0,0.013575418,0,0.197
sub-002,0,0.010852328,0,0.197
sub-002,0,0.011737568,0,0.197
sub-002,0,0.013575418,0,0.197
sub-002,0,0.017921213,0,0.197
sub-002,0,0.013575418,0,0.197
sub-002,0,0.0086071985,0,0.197
sub-002,0,0.013575418,0,0.197
sub-002,0,0.030865055,0,0.197
sub-002,0,0.017921213,0,0.197
sub-002,0,0.010852328,0,0.197
sub-002,0,0.013575418,0,0.197
sub-002,0,0.007969244,0,0.197
sub-002,0,0.007969244,0,0.197
sub-002,0,0.030454611,0,0.197
sub-002,0,0.042700164,0,0.197
sub-002,0,0.042700164,0,0.197
sub-002,0,0.007969244,0,0.197
sub-002,0,0.007969244,0,0.197
sub-002,0,0.007969244,0,0.197
sub-002,0,0.007969244,0,0.197
sub-002,0,0.007969244,0,0.197
sub-002,0,0.007969244,0,0.197
sub-002,0,0.0086071985,0,0.197
sub-002,0,0.0086071985,0,0.197
sub-002,0,0.007969244,0,0.197
sub-002,0,0.007969244,0,0.197
sub-002,0,0.007969244,0,0.197
sub-002,0,0.007969244,0,0.197
sub-002,0,0.007969244,0,0.197
sub-002,0,0.007969244,0,0.197
sub-002,0,0.007969244,0,0.197
sub-002,0,0.007969244,0,0.197
sub-002,0,0.007969244,0,0.197
sub-002,0,0.007969244,0,0.197
sub-002,0,0.03164674,0,0.197
sub-002,0,0.041452155,0,0.197
sub-002,1,0.04245701,0,0.197
sub-002,1,0.037564553,0,0.197
sub-002,1,0.0059184483,0,0.197
sub-002,1,0.9193676,1,0.197
sub-002,0,0.042700164,0,0.197
sub-002,0,0.042700164,0,0.197
sub-002,0,0.042700164,0,0.197
sub-002,0,0.011465986,0,0.197
sub-002,0,0.011465986,0,0.197
sub-002,0,0.011465986,0,0.197
sub-002,0,0.013082046,0,0.197
sub-002,0,0.110977896,0,0.197
sub-002,0,0.110977896,0,0.197
sub-002,0,0.110977896,0,0.197
sub-002,0,0.013082046,0,0.197
sub-002,0,0.013082046,0,0.197
sub-002,0,0.011465986,0,0.197
sub-002,0,0.011465986,0,0.197
sub-002,0,0.013082046,0,0.197
sub-002,0,0.011465986,0,0.197
sub-002,0,0.011465986,0,0.197
sub-002,0,0.011465986,0,0.197
sub-002,0,0.013082046,0,0.197
sub-002,0,0.09847516,0,0.197
sub-002,0,0.011465986,0,0.197
sub-002,0,0.013082046,0,0.197
sub-002,0,0.013082046,0,0.197
sub-002,0,0.013082046,0,0.197
sub-002,0,0.013082046,0,0.197
sub-002,0,0.110977896,0,0.197
sub-002,0,0.110977896,0,0.197
sub-002,0,0.051366348,0,0.197
sub-002,0,0.77628094,1,0.197
sub-002,0,0.77628094,1,0.197
sub-002,0,0.051366348,0,0.197
sub-002,0,0.051366348,0,0.197
sub-002,0,0.050161675,0,0.197
sub-002,0,0.10853514,0,0.197
sub-002,0,0.110977896,0,0.197
sub-002,0,0.110977896,0,0.197
sub-002,0,0.110977896,0,0.197
sub-002,0,0.110977896,0,0.197
sub-002,0,0.110977896,0,0.197
sub-002,0,0.10853514,0,0.197
sub-002,0,0.113355964,0,0.197
sub-002,0,0.0704806,0,0.197
sub-002,0,0.045924835,0,0.197
sub-002,0,0.015668582,0,0.197
sub-002,0,0.011737568,0,0.197
sub-002,0,0.017921213,0,0.197
sub-002,0,0.08445828,0,0.197
sub-002,0,0.09248989,0,0.197
sub-002,0,0.020375904,0,0.197
sub-002,0,0.110977896,0,0.197
sub-002,0,0.110977896,0,0.197
sub-002,0,0.110977896,0,0.197
sub-002,0,0.110977896,0,0.197
sub-002,0,0.10853514,0,0.197
sub-002,0,0.10853514,0,0.197
sub-002,0,0.09248989,0,0.197
sub-002,0,0.110977896,0,0.197
sub-002,0,0.110977896,0,0.197
sub-002,0,0.110977896,0,0.197
sub-002,0,0.10853514,0,0.197
sub-002,0,0.11486924,0,0.197
sub-002,0,0.05730689,0,0.197
sub-002,0,0.113355964,0,0.197
sub-002,0,0.10853514,0,0.197
sub-002,0,0.08837492,0,0.197
sub-002,0,0.10853514,0,0.197
sub-002,0,0.110977896,0,0.197
sub-002,0,0.113355964,0,0.197
sub-002,0,0.0704806,0,0.197
sub-002,0,0.010852328,0,0.197
sub-002,0,0.010852328,0,0.197
sub-002,0,0.007969244,0,0.197
sub-002,0,0.0086071985,0,0.197
sub-002,0,0.010852328,0,0.197
sub-002,0,0.013575418,0,0.197
sub-002,0,0.015668582,0,0.197
sub-002,0,0.007969244,0,0.197
sub-002,0,0.007969244,0,0.197
sub-002,0,0.007969244,0,0.197
sub-002,0,0.007969244,0,0.197
sub-002,0,0.013575418,0,0.197
sub-002,0,0.011737568,0,0.197
sub-002,0,0.007969244,0,0.197
sub-002,0,0.011737568,0,0.197
sub-002,0,0.007969244,0,0.197
sub-002,0,0.007969244,0,0.197
sub-002,0,0.007969244,0,0.197
sub-002,0,0.021435196,0,0.197
sub-002,0,0.017921213,0,0.197
sub-002,0,0.013575418,0,0.197
sub-002,0,0.007969244,0,0.197
sub-002,0,0.007969244,0,0.197
sub-002,0,0.0086071985,0,0.197
sub-002,0,0.113355964,0,0.197
sub-002,0,0.113355964,0,0.197
sub-002,0,0.007969244,0,0.197
sub-002,0,0.0086071985,0,0.197
sub-002,0,0.010852328,0,0.197
sub-002,0,0.011737568,0,0.197
sub-002,0,0.0086071985,0,0.197
sub-002,0,0.007969244,0,0.197
sub-002,0,0.02782601,0,0.197
sub-002,0,0.012605854,0,0.197
sub-002,0,0.007969244,0,0.197
sub-002,0,0.0086071985,0,0.197
sub-002,0,0.10853514,0,0.197
sub-002,0,0.10853514,0,0.197
sub-002,0,0.013575418,0,0.197
sub-002,0,0.011737568,0,0.197
sub-002,0,0.110977896,0,0.197
sub-002,0,0.110977896,0,0.197
sub-002,0,0.011737568,0,0.197
sub-002,0,0.020375904,0,0.197
sub-002,0,0.0704806,0,0.197
sub-002,0,0.0086071985,0,0.197
sub-002,0,0.110977896,0,0.197
sub-002,0,0.110977896,0,0.197
sub-002,0,0.08837492,0,0.197
sub-002,0,0.026487542,0,0.197
sub-002,0,0.113355964,0,0.197
sub-002,0,0.08837492,0,0.197
sub-002,0,0.011737568,0,0.197
sub-002,0,0.010852328,0,0.197
sub-002,0,0.017921213,0,0.197
sub-002,0,0.110977896,0,0.197
sub-002,0,0.110977896,0,0.197
sub-002,0,0.10853514,0,0.197
sub-002,0,0.05730689,0,0.197
sub-002,0,0.110390775,0,0.197
sub-002,0,0.110390775,0,0.197
sub-002,0,0.015668582,0,0.197
sub-002,0,0.104877934,0,0.197
sub-002,0,0.083707355,0,0.197
sub-002,0,0.9695123,1,0.197
sub-002,0,0.97852945,1,0.197
sub-002,0,0.98661983,1,0.197
sub-002,0,0.98634017,1,0.197
sub-002,0,0.07755147,0,0.197
sub-002,0,0.08837492,0,0.197
sub-002,0,0.015668582,0,0.197
sub-002,0,0.08837492,0,0.197
sub-002,0,0.113355964,0,0.197
sub-002,0,0.08837492,0,0.197
sub-002,0,0.017921213,0,0.197
sub-002,0,0.05730689,0,0.197
sub-002,0,0.113355964,0,0.197
sub-002,1,0.110977896,0,0.197
sub-002,1,0.0069654146,0,0.197
sub-002,1,0.012194806,0,0.197
sub-002,1,0.0059184483,0,0.197
sub-002,1,0.012194806,0,0.197
sub-002,1,0.011465986,0,0.197
sub-002,1,0.013082046,0,0.197
sub-002,1,0.013082046,0,0.197
sub-002,0,0.110977896,0,0.197
sub-002,0,0.110977896,0,0.197
sub-002,0,0.110977896,0,0.197
sub-002,0,0.110977896,0,0.197
sub-002,0,0.110977896,0,0.197
sub-002,0,0.110977896,0,0.197
sub-002,0,0.18767177,0,0.197
sub-002,0,0.9885866,1,0.197
sub-002,0,0.98661983,1,0.197
sub-002,0,0.9885866,1,0.197
sub-002,0,0.9885866,1,0.197
sub-002,0,0.9885866,1,0.197
sub-002,0,0.9885866,1,0.197
sub-002,0,0.9885866,1,0.197
sub-002,0,0.9885866,1,0.197
sub-002,0,0.9885866,1,0.197
sub-002,0,0.9885866,1,0.197
sub-002,0,0.9790799,1,0.197
sub-002,0,0.110977896,0,0.197
sub-002,0,0.110977896,0,0.197
sub-002,0,0.110977896,0,0.197
sub-002,0,0.110977896,0,0.197
sub-002,0,0.110977896,0,0.197
sub-002,0,0.08837492,0,0.197
sub-002,0,0.05730689,0,0.197
sub-002,0,0.08837492,0,0.197
sub-002,0,0.05730689,0,0.197
sub-002,0,0.015668582,0,0.197
sub-002,0,0.015668582,0,0.197
sub-002,0,0.015668582,0,0.197
sub-002,0,0.010852328,0,0.197
sub-002,0,0.08837492,0,0.197
sub-002,0,0.10853514,0,0.197
sub-002,0,0.017921213,0,0.197
sub-002,0,0.015668582,0,0.197
sub-002,0,0.017921213,0,0.197
sub-002,0,0.0704806,0,0.197
sub-002,0,0.015668582,0,0.197
sub-002,0,0.007969244,0,0.197
sub-002,0,0.08837492,0,0.197
sub-002,0,0.10853514,0,0.197
sub-002,0,0.017921213,0,0.197
sub-002,0,0.0704806,0,0.197
sub-002,0,0.110977896,0,0.197
sub-002,0,0.110977896,0,0.197
sub-002,0,0.10853514,0,0.197
sub-002,0,0.110977896,0,0.197
sub-002,0,0.09248989,0,0.197
sub-002,0,0.013575418,0,0.197
sub-002,0,0.0086071985,0,0.197
sub-002,0,0.007969244,0,0.197
sub-002,0,0.026487542,0,0.197
sub-002,0,0.045924835,0,0.197
sub-002,0,0.020375904,0,0.197
sub-002,0,0.013575418,0,0.197
sub-002,0,0.015668582,0,0.197
sub-002,0,0.026487542,0,0.197
sub-002,0,0.013575418,0,0.197
sub-002,0,0.08837492,0,0.197
sub-002,0,0.08837492,0,0.197
sub-002,0,0.015668582,0,0.197
sub-002,0,0.007969244,0,0.197
sub-002,0,0.10853514,0,0.197
sub-002,0,0.110977896,0,0.197
sub-002,0,0.10853514,0,0.197
sub-002,0,0.017921213,0,0.197
sub-002,0,0.110977896,0,0.197
sub-002,0,0.110977896,0,0.197
sub-002,0,0.017921213,0,0.197
sub-002,0,0.011737568,0,0.197
sub-002,0,0.026487542,0,0.197
sub-002,0,0.08837492,0,0.197
sub-002,0,0.04292606,0,0.197
sub-002,0,0.6992804,1,0.197
sub-002,0,0.61868554,1,0.197
sub-002,0,0.61868554,1,0.197
sub-002,0,0.71674186,1,0.197
sub-002,0,0.61868554,1,0.197
sub-002,0,0.71674186,1,0.197
sub-002,0,0.71674186,1,0.197
sub-002,0,0.71674186,1,0.197
sub-002,0,0.61868554,1,0.197
sub-002,0,0.03785973,0,0.197
sub-002,0,0.027970586,0,0.197
sub-002,0,0.110977896,0,0.197
sub-002,0,0.110977896,0,0.197
sub-002,0,0.07515648,0,0.197
sub-002,0,0.07713338,0,0.197
sub-002,0,0.07713338,0,0.197
sub-002,0,0.09503969,0,0.197
sub-002,0,0.024486283,0,0.197
sub-002,0,0.01838436,0,0.197
sub-002,0,0.04931637,0,0.197
sub-002,0,0.15608741,0,0.197
sub-002,0,0.11430184,0,0.197
sub-002,0,0.048373736,0,0.197
sub-002,0,0.024486283,0,0.197
sub-002,0,0.15608741,0,0.197
sub-002,0,0.13973586,0,0.197
sub-002,0,0.021240575,0,0.197
sub-002,0,0.01250911,0,0.197
sub-002,0,0.01250911,0,0.197
sub-002,0,0.09503969,0,0.197
sub-002,0,0.07713338,0,0.197
sub-002,0,0.07352021,0,0.197
sub-002,0,0.12661518,0,0.197
sub-002,0,0.0704806,0,0.197
sub-002,0,0.013575418,0,0.197
sub-002,1,0.011465986,0,0.197
sub-002,1,0.006718043,0,0.197
sub-002,1,0.0059184483,0,0.197
sub-002,1,0.04245701,0,0.197
sub-002,1,0.04245701,0,0.197
sub-002,1,0.04245701,0,0.197
sub-002,1,0.04245701,0,0.197
sub-002,1,0.038430125,0,0.197
sub-002,1,0.042700164,0,0.197
sub-002,0,0.9287257,1,0.197
sub-002,0,0.110390775,0,0.197
sub-002,0,0.110390775,0,0.197
sub-002,0,0.110390775,0,0.197
sub-002,0,0.110390775,0,0.197
sub-002,0,0.07713338,0,0.197
sub-002,0,0.10853514,0,0.197
sub-002,0,0.113355964,0,0.197
sub-002,0,0.08837492,0,0.197
sub-002,0,0.0704806,0,0.197
sub-002,0,0.09248989,0,0.197
sub-002,0,0.10853514,0,0.197
sub-002,0,0.110977896,0,0.197
sub-002,0,0.10853514,0,0.197
sub-002,0,0.032247007,0,0.197
sub-002,0,0.017921213,0,0.197
sub-002,0,0.094483696,0,0.197
sub-002,0,0.033954803,0,0.197
sub-002,0,0.113355964,0,0.197
sub-002,0,0.113355964,0,0.197
sub-002,0,0.110390775,0,0.197
sub-002,0,0.008770072,0,0.197
sub-002,0,0.008770072,0,0.197
sub-002,0,0.110390775,0,0.197
sub-002,0,0.110390775,0,0.197
sub-002,0,0.110977896,0,0.197
sub-002,0,0.033006556,0,0.197
sub-002,0,0.110977896,0,0.197
sub-002,0,0.110977896,0,0.197
sub-002,0,0.09847516,0,0.197
sub-002,0,0.011465986,0,0.197
sub-002,0,0.011465986,0,0.197
sub-002,0,0.011465986,0,0.197
sub-002,0,0.011465986,0,0.197
sub-002,0,0.008169997,0,0.197
sub-002,0,0.008169997,0,0.197
sub-002,0,0.00932589,0,0.197
sub-002,0,0.051366348,0,0.197
sub-002,0,0.051366348,0,0.197
sub-002,0,0.008169997,0,0.197
sub-002,0,0.008169997,0,0.197
sub-002,0,0.008169997,0,0.197
sub-002,0,0.0048892647,0,0.197
sub-002,0,0.0018681642,0,0.197
sub-002,0,0.004256163,0,0.197
sub-002,0,0.089036286,0,0.197
sub-002,0,0.74709046,1,0.197
sub-002,0,0.035171874,0,0.197
sub-002,0,0.04822736,0,0.197
sub-002,0,0.91886854,1,0.197
sub-002,0,0.71674186,1,0.197
sub-002,0,0.74709046,1,0.197
sub-002,0,0.74310696,1,0.197
sub-002,0,0.71674186,1,0.197
sub-002,0,0.7241137,1,0.197
sub-002,0,0.71674186,1,0.197
sub-002,0,0.74709046,1,0.197
sub-002,0,0.77628094,1,0.197
sub-002,0,0.77628094,1,0.197
sub-002,0,0.74709046,1,0.197
sub-002,0,0.13396263,0,0.197
sub-002,0,0.13396263,0,0.197
sub-002,0,0.1415451,0,0.197
sub-002,0,0.13396263,0,0.197
sub-002,0,0.13396263,0,0.197
sub-002,0,0.07713338,0,0.197
sub-002,0,0.07713338,0,0.197
sub-002,0,0.08068569,0,0.197
sub-002,0,0.07713338,0,0.197
sub-002,0,0.07893197,0,0.197
sub-002,0,0.07893197,0,0.197
sub-002,0,0.07713338,0,0.197
sub-002,0,0.06261132,0,0.197
sub-002,0,0.050161675,0,0.197
sub-002,0,0.050161675,0,0.197
sub-002,0,0.014589815,0,0.197
sub-002,0,0.014589815,0,0.197
sub-002,0,0.05254255,0,0.197
sub-002,0,0.08068569,0,0.197
sub-002,0,0.08068569,0,0.197
sub-002,0,0.09503969,0,0.197
sub-002,0,0.08068569,0,0.197
sub-002,0,0.07713338,0,0.197
sub-002,0,0.07713338,0,0.197
sub-002,0,0.15778945,0,0.197
sub-002,0,0.03540463,0,0.197
sub-002,0,0.032247007,0,0.197
sub-002,0,0.05730689,0,0.197
sub-002,0,0.113355964,0,0.197
sub-002,0,0.08837492,0,0.197
sub-002,0,0.017921213,0,0.197
sub-002,0,0.08445828,0,0.197
sub-002,0,0.110977896,0,0.197
sub-002,0,0.110977896,0,0.197
sub-002,0,0.10853514,0,0.197
sub-002,0,0.113355964,0,0.197
sub-002,0,0.10853514,0,0.197
sub-002,0,0.10853514,0,0.197
sub-002,0,0.10853514,0,0.197
sub-002,0,0.026487542,0,0.197
sub-002,0,0.020375904,0,0.197
sub-002,0,0.045924835,0,0.197
sub-002,0,0.113355964,0,0.197
sub-002,0,0.110977896,0,0.197
sub-002,0,0.113355964,0,0.197
sub-002,0,0.061814003,0,0.197
sub-002,0,0.113355964,0,0.197
sub-002,0,0.113355964,0,0.197
sub-002,0,0.05730689,0,0.197
sub-002,0,0.08837492,0,0.197
sub-002,0,0.09248989,0,0.197
sub-002,0,0.026487542,0,0.197
sub-002,0,0.017921213,0,0.197
sub-002,0,0.017921213,0,0.197
sub-002,0,0.015668582,0,0.197
sub-002,0,0.011737568,0,0.197
sub-002,0,0.017921213,0,0.197
sub-002,0,0.015668582,0,0.197
sub-002,0,0.011737568,0,0.197
sub-002,0,0.032247007,0,0.197
sub-002,0,0.113355964,0,0.197
sub-002,0,0.09248989,0,0.197
sub-002,0,0.10853514,0,0.197
sub-002,0,0.10853514,0,0.197
sub-002,0,0.08837492,0,0.197
sub-002,0,0.045924835,0,0.197
sub-002,0,0.05730689,0,0.197
sub-002,0,0.032247007,0,0.197
sub-002,0,0.08837492,0,0.197
sub-002,0,0.113355964,0,0.197
sub-002,0,0.08837492,0,0.197
sub-002,0,0.08837492,0,0.197
sub-002,0,0.08837492,0,0.197
sub-002,0,0.013575418,0,0.197
sub-002,0,0.010852328,0,0.197
sub-002,0,0.032247007,0,0.197
sub-002,0,0.113355964,0,0.197
sub-002,0,0.08837492,0,0.197
sub-002,0,0.038105946,0,0.197
sub-002,0,0.0063173873,0,0.197
sub-002,0,0.00500416,0,0.197
sub-002,0,0.00500416,0,0.197
sub-002,0,0.00500416,0,0.197
sub-002,0,0.08837492,0,0.197
sub-002,0,0.08837492,0,0.197
sub-002,0,0.08837492,0,0.197
sub-002,0,0.113355964,0,0.197
sub-002,0,0.10853514,0,0.197
sub-002,0,0.09248989,0,0.197
sub-002,0,0.0704806,0,0.197
sub-002,0,0.113355964,0,0.197
sub-002,0,0.113355964,0,0.197
sub-002,0,0.09248989,0,0.197
sub-002,0,0.09248989,0,0.197
sub-002,0,0.113355964,0,0.197
sub-002,0,0.10853514,0,0.197
sub-002,0,0.113355964,0,0.197
sub-002,0,0.10853514,0,0.197
sub-002,0,0.03375969,0,0.197
sub-002,0,0.08890293,0,0.197
sub-002,0,0.08890293,0,0.197
sub-002,0,0.09089491,0,0.197
sub-002,0,0.113355964,0,0.197
sub-002,0,0.10853514,0,0.197
sub-002,0,0.10853514,0,0.197
sub-002,0,0.113355964,0,0.197
sub-002,0,0.08837492,0,0.197
sub-002,0,0.113355964,0,0.197
sub-002,0,0.09248989,0,0.197
sub-002,0,0.11486924,0,0.197
sub-002,0,0.113355964,0,0.197
sub-002,0,0.10853514,0,0.197
sub-002,0,0.113355964,0,0.197
sub-002,0,0.013575418,0,0.197
sub-002,0,0.013575418,0,0.197
sub-002,0,0.015668582,0,0.197
sub-002,0,0.0704806,0,0.197
sub-002,0,0.113355964,0,0.197
sub-002,0,0.08445828,0,0.197
sub-002,0,0.08837492,0,0.197
sub-002,0,0.08837492,0,0.197
sub-002,0,0.08837492,0,0.197
sub-002,0,0.10853514,0,0.197
sub-002,0,0.10853514,0,0.197
sub-002,0,0.0704806,0,0.197
sub-002,0,0.08837492,0,0.197
sub-002,0,0.113355964,0,0.197
sub-002,0,0.0704806,0,0.197
sub-002,0,0.08837492,0,0.197
sub-002,0,0.08445828,0,0.197
sub-002,0,0.045924835,0,0.197
sub-002,0,0.015668582,0,0.197
sub-002,0,0.017921213,0,0.197
sub-002,0,0.045924835,0,0.197
sub-002,0,0.015668582,0,0.197
sub-002,0,0.015668582,0,0.197
sub-002,0,0.045924835,0,0.197
sub-002,0,0.11105311,0,0.197
sub-002,0,0.18389006,0,0.197
sub-002,0,0.1913396,0,0.197
sub-002,0,0.9844147,1,0.197
sub-002,0,0.9984274,1,0.197
sub-002,0,0.59628344,1,0.197
sub-002,0,0.59628344,1,0.197
sub-002,0,0.06524014,0,0.197
sub-002,0,0.06524014,0,0.197
sub-002,0,0.057556603,0,0.197
sub-002,0,0.057556603,0,0.197
sub-002,0,0.057556603,0,0.197
sub-002,0,0.027476456,0,0.197
sub-002,0,0.22606362,1,0.197
sub-002,0,0.057556603,0,0.197
sub-002,0,0.06524014,0,0.197
sub-002,0,0.00687089,0,0.197
sub-002,0,0.0013145918,0,0.197
sub-002,0,0.08837492,0,0.197
sub-002,0,0.10853514,0,0.197
sub-002,0,0.10853514,0,0.197
sub-002,0,0.033006556,0,0.197
sub-002,0,0.090085864,0,0.197
sub-002,0,0.090085864,0,0.197
sub-002,0,0.08837492,0,0.197
sub-002,0,0.055990532,0,0.197
sub-002,0,0.033006556,0,0.197
sub-002,0,0.033006556,0,0.197
sub-002,0,0.054671045,0,0.197
sub-002,0,0.100597546,0,0.197
sub-002,0,0.113355964,0,0.197
sub-002,0,0.05730689,0,0.197
sub-002,0,0.032247007,0,0.197
sub-002,0,0.08837492,0,0.197
sub-002,0,0.113355964,0,0.197
sub-002,0,0.08837492,0,0.197
sub-002,0,0.08837492,0,0.197
sub-002,0,0.113355964,0,0.197
sub-002,0,0.10853514,0,0.197
sub-002,0,0.10853514,0,0.197
sub-002,0,0.10853514,0,0.197
sub-002,0,0.110977896,0,0.197
sub-002,0,0.110977896,0,0.197
sub-002,0,0.10853514,0,0.197
sub-002,0,0.05730689,0,0.197
sub-002,0,0.032247007,0,0.197
sub-002,0,0.015668582,0,0.197
sub-002,0,0.015668582,0,0.197
sub-002,0,0.05730689,0,0.197
sub-002,0,0.08837492,0,0.197
sub-002,0,0.08837492,0,0.197
sub-002,0,0.08837492,0,0.197
sub-002,0,0.08837492,0,0.197
sub-002,0,0.045924835,0,0.197
sub-002,0,0.026487542,0,0.197
sub-002,0,0.017921213,0,0.197
sub-002,0,0.032247007,0,0.197
sub-002,0,0.113355964,0,0.197
sub-002,0,0.113355964,0,0.197
sub-002,0,0.09248989,0,0.197
sub-002,0,0.08837492,0,0.197
sub-002,0,0.113355964,0,0.197
sub-002,0,0.08837492,0,0.197
sub-002,0,0.05730689,0,0.197
sub-002,0,0.08445828,0,0.197
sub-002,0,0.08837492,0,0.197
sub-002,0,0.10853514,0,0.197
sub-002,0,0.10853514,0,0.197
sub-002,0,0.08837492,0,0.197
sub-002,0,0.08837492,0,0.197
sub-002,0,0.08837492,0,0.197
sub-002,0,0.0704806,0,0.197
sub-002,0,0.08837492,0,0.197
sub-002,0,0.08837492,0,0.197
sub-002,0,0.113355964,0,0.197
sub-002,0,0.113355964,0,0.197
sub-002,0,0.08837492,0,0.197
sub-002,0,0.08837492,0,0.197
sub-002,0,0.113355964,0,0.197
sub-002,0,0.10853514,0,0.197
sub-002,0,0.10853514,0,0.197
sub-002,0,0.08837492,0,0.197
sub-002,0,0.08837492,0,0.197
sub-002,0,0.10853514,0,0.197
sub-002,0,0.113355964,0,0.197
sub-002,0,0.09248989,0,0.197
sub-002,0,0.113355964,0,0.197
sub-002,0,0.08837492,0,0.197
sub-002,0,0.08837492,0,0.197
sub-002,0,0.020375904,0,0.197
sub-002,0,0.017921213,0,0.197
sub-002,0,0.10853514,0,0.197
sub-002,0,0.10853514,0,0.197
sub-002,0,0.10853514,0,0.197
sub-002,0,0.10853514,0,0.197
sub-002,0,0.113355964,0,0.197
sub-002,0,0.10853514,0,0.197
sub-002,0,0.113355964,0,0.197
sub-002,0,0.09248989,0,0.197
sub-002,0,0.10853514,0,0.197
sub-002,0,0.110977896,0,0.197
sub-002,0,0.110977896,0,0.197
sub-002,0,0.10853514,0,0.197
sub-002,0,0.10853514,0,0.197
sub-002,0,0.10853514,0,0.197
sub-002,0,0.10853514,0,0.197
sub-002,0,0.08837492,0,0.197
sub-002,0,0.08837492,0,0.197
sub-002,0,0.113355964,0,0.197
sub-002,0,0.113355964,0,0.197
sub-002,0,0.08445828,0,0.197
sub-002,0,0.08445828,0,0.197
sub-002,0,0.08837492,0,0.197
sub-002,0,0.017921213,0,0.197
sub-002,0,0.05730689,0,0.197
sub-002,0,0.08837492,0,0.197
sub-002,0,0.020375904,0,0.197
sub-002,0,0.05730689,0,0.197
sub-002,0,0.017921213,0,0.197
sub-002,0,0.026487542,0,0.197
sub-002,0,0.10853514,0,0.197
sub-002,0,0.10853514,0,0.197
sub-002,0,0.08837492,0,0.197
sub-002,0,0.09248989,0,0.197
sub-002,0,0.113355964,0,0.197
sub-002,0,0.113355964,0,0.197
sub-002,0,0.113355964,0,0.197
sub-002,0,0.10853514,0,0.197
sub-002,0,0.113355964,0,0.197
sub-002,0,0.08837492,0,0.197
sub-002,0,0.08837492,0,0.197
sub-002,0,0.08837492,0,0.197
sub-002,0,0.10853514,0,0.197
sub-002,0,0.10853514,0,0.197
sub-002,0,0.09248989,0,0.197
sub-002,0,0.10853514,0,0.197
sub-002,0,0.110977896,0,0.197
sub-002,0,0.110977896,0,0.197
sub-002,0,0.10853514,0,0.197
sub-002,0,0.10853514,0,0.197
sub-002,0,0.10853514,0,0.197
sub-002,0,0.10853514,0,0.197
sub-002,0,0.10853514,0,0.197
sub-002,0,0.113355964,0,0.197
sub-002,0,0.110977896,0,0.197
sub-002,0,0.110977896,0,0.197
sub-002,0,0.110977896,0,0.197
sub-002,0,0.10853514,0,0.197
sub-002,0,0.10853514,0,0.197
sub-002,0,0.110977896,0,0.197
sub-002,0,0.110977896,0,0.197
sub-002,0,0.110977896,0,0.197
sub-002,0,0.10853514,0,0.197
sub-002,0,0.113355964,0,0.197
sub-002,0,0.10853514,0,0.197
sub-002,0,0.10853514,0,0.197
sub-002,0,0.113355964,0,0.197
sub-002,0,0.10853514,0,0.197
sub-002,0,0.10853514,0,0.197
sub-002,0,0.10853514,0,0.197
sub-002,0,0.10853514,0,0.197
sub-002,0,0.110977896,0,0.197
sub-002,0,0.10853514,0,0.197
sub-002,0,0.113355964,0,0.197
sub-002,0,0.113355964,0,0.197
sub-002,0,0.08837492,0,0.197
sub-002,0,0.10853514,0,0.197
sub-002,0,0.110977896,0,0.197
sub-002,0,0.113355964,0,0.197
sub-002,0,0.08445828,0,0.197
sub-002,0,0.09248989,0,0.197
sub-002,0,0.0704806,0,0.197
sub-002,0,0.043843318,0,0.197
sub-002,0,0.020375904,0,0.197
sub-002,0,0.045924835,0,0.197
sub-002,0,0.113355964,0,0.197
sub-002,0,0.110977896,0,0.197
sub-002,0,0.110977896,0,0.197
sub-002,0,0.10853514,0,0.197
sub-002,0,0.10853514,0,0.197
sub-002,0,0.10853514,0,0.197
sub-002,0,0.11486924,0,0.197
sub-002,0,0.113355964,0,0.197
sub-002,0,0.10853514,0,0.197
sub-002,0,0.10853514,0,0.197
sub-002,0,0.10853514,0,0.197
sub-002,0,0.10853514,0,0.197
sub-002,0,0.10853514,0,0.197
sub-002,0,0.110977896,0,0.197
sub-002,0,0.110977896,0,0.197
sub-002,0,0.0704806,0,0.197
sub-002,0,0.032247007,0,0.197
sub-002,0,0.08837492,0,0.197
sub-002,0,0.10853514,0,0.197
sub-002,0,0.110977896,0,0.197
sub-002,0,0.110977896,0,0.197
sub-002,0,0.10853514,0,0.197
sub-002,0,0.10853514,0,0.197
sub-002,0,0.10853514,0,0.197
sub-002,0,0.10853514,0,0.197
sub-002,0,0.110977896,0,0.197
sub-002,0,0.110977896,0,0.197
sub-002,0,0.110977896,0,0.197
sub-002,0,0.110977896,0,0.197
sub-002,0,0.110977896,0,0.197
sub-002,0,0.110977896,0,0.197
sub-002,0,0.10853514,0,0.197
sub-002,0,0.113355964,0,0.197
sub-002,0,0.10853514,0,0.197
sub-002,0,0.113355964,0,0.197
sub-002,0,0.08837492,0,0.197
sub-002,0,0.017921213,0,0.197
sub-002,0,0.020375904,0,0.197
sub-002,0,0.113355964,0,0.197
sub-002,0,0.113355964,0,0.197
sub-002,0,0.113355964,0,0.197
sub-002,0,0.013082046,0,0.197
sub-002,0,0.013082046,0,0.197
sub-002,0,0.011465986,0,0.197
sub-002,0,0.009452206,0,0.197
sub-002,0,0.010787534,0,0.197
sub-002,0,0.009452206,0,0.197
sub-002,0,0.0049557867,0,0.197
sub-002,0,0.0049557867,0,0.197
sub-002,0,0.005659527,0,0.197
sub-002,0,0.042700164,0,0.197
sub-002,0,0.006718043,0,0.197
sub-002,0,0.006718043,0,0.197
sub-002,0,0.006718043,0,0.197
sub-002,0,0.006718043,0,0.197
sub-002,0,0.006718043,0,0.197
sub-002,0,0.006718043,0,0.197
sub-002,0,0.006718043,0,0.197
sub-002,0,0.006718043,0,0.197
sub-002,0,0.006718043,0,0.197
sub-002,0,0.006718043,0,0.197
sub-002,0,0.006718043,0,0.197
sub-002,0,0.006718043,0,0.197
sub-002,0,0.006718043,0,0.197
sub-002,0,0.006718043,0,0.197
sub-002,0,0.006718043,0,0.197
sub-002,0,0.04245701,0,0.197
sub-002,0,0.04245701,0,0.197
sub-002,0,0.04245701,0,0.197
sub-002,0,0.110390775,0,0.197
sub-002,0,0.010724068,0,0.197
sub-002,0,0.010787534,0,0.197
sub-002,0,0.010787534,0,0.197
sub-002,0,0.010787534,0,0.197
sub-002,0,0.010787534,0,0.197
sub-002,0,0.010787534,0,0.197
sub-002,0,0.010787534,0,0.197
sub-002,0,0.010787534,0,0.197
sub-002,0,0.042700164,0,0.197
sub-002,0,0.042700164,0,0.197
sub-002,0,0.042700164,0,0.197
sub-002,0,0.009452206,0,0.197
sub-002,0,0.009452206,0,0.197
sub-002,0,0.011465986,0,0.197
sub-002,0,0.013082046,0,0.197
sub-002,0,0.110977896,0,0.197
sub-002,0,0.110977896,0,0.197
sub-002,0,0.110977896,0,0.197
sub-002,0,0.110977896,0,0.197
sub-002,0,0.110977896,0,0.197
sub-002,0,0.110977896,0,0.197
sub-002,0,0.10853514,0,0.197
sub-002,0,0.10853514,0,0.197
sub-002,0,0.110977896,0,0.197
sub-002,0,0.110977896,0,0.197
sub-002,0,0.113355964,0,0.197
sub-002,0,0.08837492,0,0.197
sub-002,0,0.09248989,0,0.197
sub-002,0,0.10853514,0,0.197
sub-002,0,0.10853514,0,0.197
sub-002,0,0.10853514,0,0.197
sub-002,0,0.110977896,0,0.197
sub-002,0,0.110977896,0,0.197
sub-002,0,0.113355964,0,0.197
sub-002,0,0.113355964,0,0.197
sub-002,0,0.10853514,0,0.197
sub-002,0,0.110977896,0,0.197
sub-002,0,0.10853514,0,0.197
sub-002,0,0.10853514,0,0.197
sub-002,0,0.113355964,0,0.197
sub-002,0,0.08837492,0,0.197
sub-002,0,0.10853514,0,0.197
sub-002,0,0.10853514,0,0.197
sub-002,0,0.10853514,0,0.197
sub-002,0,0.10853514,0,0.197
sub-002,0,0.10853514,0,0.197
sub-002,0,0.10853514,0,0.197
sub-002,0,0.10853514,0,0.197
sub-002,0,0.10853514,0,0.197
sub-002,0,0.10853514,0,0.197
sub-002,0,0.10853514,0,0.197
sub-002,0,0.10853514,0,0.197
sub-002,0,0.10853514,0,0.197
sub-002,0,0.10853514,0,0.197
sub-002,0,0.110977896,0,0.197
sub-002,0,0.10853514,0,0.197
sub-002,0,0.10853514,0,0.197
sub-002,0,0.10853514,0,0.197
sub-002,0,0.10853514,0,0.197
sub-002,0,0.113355964,0,0.197
sub-002,0,0.11486924,0,0.197
sub-002,0,0.113355964,0,0.197
sub-002,0,0.113355964,0,0.197
sub-002,0,0.08837492,0,0.197
sub-002,0,0.11486924,0,0.197
sub-002,0,0.10853514,0,0.197
sub-002,0,0.10853514,0,0.197
sub-002,0,0.10853514,0,0.197
sub-002,0,0.10853514,0,0.197
sub-002,0,0.10853514,0,0.197
sub-002,0,0.10853514,0,0.197
sub-002,0,0.110977896,0,0.197
sub-002,0,0.10853514,0,0.197
sub-002,0,0.10853514,0,0.197
sub-002,0,0.10853514,0,0.197
sub-002,0,0.113355964,0,0.197
sub-002,0,0.08837492,0,0.197
sub-002,0,0.08837492,0,0.197
sub-002,0,0.10853514,0,0.197
sub-002,0,0.10853514,0,0.197
sub-002,0,0.10853514,0,0.197
sub-002,0,0.10853514,0,0.197
sub-002,0,0.09248989,0,0.197
sub-002,0,0.110977896,0,0.197
sub-002,0,0.110977896,0,0.197
sub-002,0,0.10853514,0,0.197
sub-002,0,0.10853514,0,0.197
sub-002,0,0.10853514,0,0.197
sub-002,0,0.10853514,0,0.197
sub-002,0,0.10853514,0,0.197
sub-002,0,0.10853514,0,0.197
sub-002,0,0.08837492,0,0.197
sub-002,0,0.05730689,0,0.197
sub-002,0,0.0704806,0,0.197
sub-002,0,0.08837492,0,0.197
sub-002,0,0.113355964,0,0.197
sub-002,0,0.10853514,0,0.197
sub-002,0,0.08837492,0,0.197
sub-002,0,0.10853514,0,0.197
sub-002,0,0.10853514,0,0.197
sub-002,0,0.08445828,0,0.197
sub-002,0,0.10853514,0,0.197
sub-002,0,0.10853514,0,0.197
sub-002,0,0.10853514,0,0.197
sub-002,0,0.10853514,0,0.197
sub-002,0,0.10853514,0,0.197
sub-002,0,0.10853514,0,0.197
sub-002,0,0.10853514,0,0.197
sub-002,0,0.10853514,0,0.197
sub-002,0,0.10853514,0,0.197
sub-002,0,0.10853514,0,0.197
sub-002,0,0.013082046,0,0.197
sub-002,0,0.013082046,0,0.197
sub-002,0,0.010787534,0,0.197
sub-002,0,0.009452206,0,0.197
sub-002,0,0.009452206,0,0.197
sub-002,0,0.009452206,0,0.197
sub-002,0,0.042700164,0,0.197
sub-002,0,0.042700164,0,0.197
sub-002,0,0.042700164,0,0.197
sub-002,0,0.041689806,0,0.197
sub-002,0,0.042700164,0,0.197
sub-002,0,0.042700164,0,0.197
sub-002,0,0.043687068,0,0.197
sub-002,0,0.041689806,0,0.197
sub-002,0,0.041689806,0,0.197
sub-002,0,0.041689806,0,0.197
sub-002,0,0.042700164,0,0.197
sub-002,0,0.042700164,0,0.197
sub-002,0,0.042700164,0,0.197
sub-002,0,0.042700164,0,0.197
sub-002,0,0.042700164,0,0.197
sub-002,0,0.042700164,0,0.197
sub-002,0,0.042700164,0,0.197
sub-002,0,0.042700164,0,0.197
sub-002,0,0.042700164,0,0.197
sub-002,0,0.042700164,0,0.197
sub-002,0,0.037564553,0,0.197
sub-002,0,0.037564553,0,0.197
sub-002,0,0.037564553,0,0.197
sub-002,0,0.037564553,0,0.197
sub-002,0,0.009452206,0,0.197
sub-002,0,0.009452206,0,0.197
sub-002,0,0.042700164,0,0.197
sub-002,0,0.042700164,0,0.197
sub-002,0,0.042700164,0,0.197
sub-002,0,0.010787534,0,0.197
sub-002,0,0.009452206,0,0.197
sub-002,0,0.009452206,0,0.197
sub-002,0,0.009452206,0,0.197
sub-002,0,0.013082046,0,0.197
sub-002,0,0.013082046,0,0.197
sub-002,0,0.110977896,0,0.197
sub-002,0,0.110977896,0,0.197
sub-002,0,0.10853514,0,0.197
sub-002,0,0.110977896,0,0.197
sub-002,0,0.110977896,0,0.197
sub-002,0,0.110977896,0,0.197
sub-002,0,0.110977896,0,0.197
sub-002,0,0.110977896,0,0.197
sub-002,0,0.10853514,0,0.197
sub-002,0,0.10853514,0,0.197
sub-002,0,0.110977896,0,0.197
sub-002,0,0.110977896,0,0.197
sub-002,0,0.110977896,0,0.197
sub-002,0,0.110977896,0,0.197
sub-002,0,0.110977896,0,0.197
sub-002,0,0.110977896,0,0.197
sub-002,0,0.110977896,0,0.197
sub-002,0,0.110977896,0,0.197
sub-002,0,0.110977896,0,0.197
sub-002,0,0.110977896,0,0.197
sub-002,0,0.10853514,0,0.197
sub-002,0,0.09248989,0,0.197
sub-002,0,0.10853514,0,0.197
sub-002,0,0.10853514,0,0.197
sub-002,0,0.113355964,0,0.197
sub-002,0,0.113355964,0,0.197
sub-002,0,0.10853514,0,0.197
sub-002,0,0.10853514,0,0.197
sub-002,0,0.110977896,0,0.197
sub-002,0,0.110977896,0,0.197
sub-002,0,0.110977896,0,0.197
sub-002,0,0.110977896,0,0.197
sub-002,0,0.110977896,0,0.197
sub-002,0,0.110977896,0,0.197
sub-002,0,0.110977896,0,0.197
sub-002,0,0.10853514,0,0.197
sub-002,0,0.10853514,0,0.197
sub-002,0,0.10853514,0,0.197
sub-002,0,0.11486924,0,0.197
sub-002,0,0.113355964,0,0.197
sub-002,0,0.113355964,0,0.197
sub-002,0,0.10853514,0,0.197
sub-002,0,0.10853514,0,0.197
sub-002,0,0.113355964,0,0.197
sub-002,0,0.0704806,0,0.197
sub-002,0,0.10853514,0,0.197
sub-002,0,0.10853514,0,0.197
sub-002,0,0.113355964,0,0.197
sub-002,0,0.11770047,0,0.197
sub-002,0,0.113355964,0,0.197
sub-002,0,0.05730689,0,0.197
sub-002,0,0.0086071985,0,0.197
sub-002,0,0.026487542,0,0.197
sub-002,0,0.10853514,0,0.197
sub-002,0,0.110977896,0,0.197
sub-002,0,0.110977896,0,0.197
sub-002,0,0.10853514,0,0.197
sub-002,0,0.05730689,0,0.197
sub-002,0,0.10853514,0,0.197
sub-002,0,0.110977896,0,0.197
sub-002,0,0.10853514,0,0.197
sub-002,0,0.10853514,0,0.197
sub-002,0,0.10853514,0,0.197
sub-002,0,0.110977896,0,0.197
sub-002,0,0.110977896,0,0.197
sub-002,0,0.11486924,0,0.197
sub-002,0,0.113355964,0,0.197
sub-002,0,0.110977896,0,0.197
sub-002,0,0.110977896,0,0.197
sub-002,0,0.10853514,0,0.197
sub-002,0,0.110977896,0,0.197
sub-002,0,0.110977896,0,0.197
sub-002,0,0.110977896,0,0.197
sub-002,0,0.110977896,0,0.197
sub-002,0,0.10853514,0,0.197
sub-002,0,0.113355964,0,0.197
sub-002,0,0.10853514,0,0.197
sub-002,0,0.10853514,0,0.197
sub-002,0,0.08837492,0,0.197
sub-002,0,0.10853514,0,0.197
sub-002,0,0.113355964,0,0.197
sub-002,0,0.09248989,0,0.197
sub-002,0,0.11486924,0,0.197
sub-002,0,0.113355964,0,0.197
sub-002,0,0.113355964,0,0.197
sub-002,0,0.10853514,0,0.197
sub-002,0,0.10853514,0,0.197
sub-002,0,0.10853514,0,0.197
sub-002,0,0.11486924,0,0.197
sub-002,0,0.09248989,0,0.197
sub-002,0,0.110977896,0,0.197
sub-002,0,0.110977896,0,0.197
sub-002,0,0.10853514,0,0.197
sub-002,0,0.10853514,0,0.197
sub-002,0,0.110977896,0,0.197
sub-002,0,0.110977896,0,0.197
sub-002,0,0.10853514,0,0.197
sub-002,0,0.110977896,0,0.197
sub-002,0,0.110977896,0,0.197
sub-002,0,0.110977896,0,0.197
sub-002,0,0.110977896,0,0.197
sub-002,0,0.110977896,0,0.197
sub-002,0,0.110977896,0,0.197
sub-002,0,0.110977896,0,0.197
sub-002,0,0.110977896,0,0.197
sub-002,0,0.10853514,0,0.197
sub-002,0,0.09248989,0,0.197
sub-002,0,0.08837492,0,0.197
sub-002,0,0.08445828,0,0.197
sub-002,0,0.055990532,0,0.197
sub-002,0,0.10853514,0,0.197
sub-002,0,0.113355964,0,0.197
sub-002,0,0.08837492,0,0.197
sub-002,0,0.113355964,0,0.197
sub-002,0,0.10853514,0,0.197
sub-002,0,0.02900149,0,0.197
sub-002,0,0.09847516,0,0.197
sub-002,0,0.10853514,0,0.197
sub-002,0,0.10853514,0,0.197
sub-002,0,0.10853514,0,0.197
sub-002,0,0.113355964,0,0.197
sub-002,0,0.08837492,0,0.197
sub-002,0,0.05730689,0,0.197
sub-002,0,0.045924835,0,0.197
sub-002,0,0.05730689,0,0.197
sub-002,0,0.09248989,0,0.197
sub-002,0,0.10853514,0,0.197
sub-002,0,0.110977896,0,0.197
sub-002,0,0.110977896,0,0.197
sub-002,0,0.110977896,0,0.197
sub-002,0,0.110977896,0,0.197
sub-002,0,0.110977896,0,0.197
sub-002,0,0.10853514,0,0.197
sub-002,0,0.10853514,0,0.197
sub-002,0,0.10853514,0,0.197
sub-002,0,0.110977896,0,0.197
sub-002,0,0.10853514,0,0.197
sub-002,0,0.113355964,0,0.197
sub-002,0,0.08837492,0,0.197
sub-002,0,0.10853514,0,0.197
sub-002,0,0.110977896,0,0.197
sub-002,0,0.10853514,0,0.197
sub-002,0,0.113355964,0,0.197
sub-002,0,0.113355964,0,0.197
sub-002,0,0.113355964,0,0.197
sub-002,0,0.10853514,0,0.197
sub-002,0,0.10853514,0,0.197
sub-002,0,0.10853514,0,0.197
sub-002,0,0.110977896,0,0.197
sub-002,0,0.110977896,0,0.197
sub-002,0,0.10853514,0,0.197
sub-002,0,0.10853514,0,0.197
sub-002,0,0.110977896,0,0.197
sub-002,0,0.110977896,0,0.197
sub-002,0,0.110977896,0,0.197
sub-002,0,0.110977896,0,0.197
sub-002,0,0.113355964,0,0.197
sub-002,0,0.10853514,0,0.197
sub-002,0,0.10853514,0,0.197
sub-002,0,0.10853514,0,0.197
sub-002,0,0.110977896,0,0.197
sub-002,0,0.110977896,0,0.197
sub-002,0,0.110977896,0,0.197
sub-002,0,0.110977896,0,0.197
sub-002,0,0.110977896,0,0.197
sub-002,0,0.009757878,0,0.197
sub-002,0,0.11486924,0,0.197
sub-002,0,0.110977896,0,0.197
sub-002,0,0.08987617,0,0.197
sub-002,0,0.08987617,0,0.197
sub-002,0,0.08987617,0,0.197
sub-002,0,0.08987617,0,0.197
sub-002,0,0.08987617,0,0.197
sub-002,0,0.08987617,0,0.197
sub-002,0,0.08987617,0,0.197
sub-002,0,0.08987617,0,0.197
sub-002,0,0.08987617,0,0.197
sub-002,0,0.08785198,0,0.197
sub-002,0,0.0680133,0,0.197
sub-002,0,0.09184878,0,0.197
sub-002,0,0.09184878,0,0.197
sub-002,0,0.071226664,0,0.197
sub-002,0,0.086121805,0,0.197
sub-002,0,0.02568297,0,0.197
sub-002,0,0.15128373,0,0.197
sub-002,0,0.15128373,0,0.197
sub-002,0,0.15128373,0,0.197
sub-002,0,0.15128373,0,0.197
sub-002,0,0.98314583,1,0.197
sub-002,0,0.98037946,1,0.197
sub-002,0,0.98037946,1,0.197
sub-002,0,0.98314583,1,0.197
sub-002,0,0.98314583,1,0.197
sub-002,0,0.98314583,1,0.197
sub-002,0,0.9856156,1,0.197
sub-002,0,0.98314583,1,0.197
sub-002,0,0.98314583,1,0.197
sub-002,0,0.9980129,1,0.197
sub-002,0,0.98314583,1,0.197
sub-002,0,0.98314583,1,0.197
sub-002,0,0.98314583,1,0.197
sub-002,0,0.9975841,1,0.197
sub-002,0,0.9856156,1,0.197
sub-002,0,0.9856156,1,0.197
sub-002,0,0.15128373,0,0.197
sub-002,0,0.086121805,0,0.197
sub-002,0,0.09184878,0,0.197
sub-002,0,0.071226664,0,0.197
sub-002,0,0.017921213,0,0.197
sub-002,0,0.027052857,0,0.197
sub-002,0,0.09184878,0,0.197
sub-002,0,0.056589015,0,0.197
sub-002,0,0.07460852,0,0.197
sub-002,0,0.08785198,0,0.197
sub-002,0,0.08987617,0,0.197
sub-002,0,0.08987617,0,0.197
sub-002,0,0.08987617,0,0.197
sub-002,0,0.08987617,0,0.197
sub-002,0,0.08987617,0,0.197
sub-002,0,0.08987617,0,0.197
sub-002,0,0.08987617,0,0.197
sub-002,0,0.08987617,0,0.197
sub-002,0,0.08987617,0,0.197
sub-002,0,0.08987617,0,0.197
sub-002,0,0.08987617,0,0.197
sub-002,0,0.08785198,0,0.197
sub-002,0,0.08987617,0,0.197
sub-002,0,0.08987617,0,0.197
sub-002,0,0.08987617,0,0.197
sub-002,0,0.08987617,0,0.197
sub-002,0,0.08987617,0,0.197
sub-002,0,0.08987617,0,0.197
sub-002,0,0.08987617,0,0.197
sub-002,0,0.9975841,1,0.197
sub-002,0,0.15452185,0,0.197
sub-002,0,0.08785198,0,0.197
sub-002,0,0.08785198,0,0.197
sub-002,0,0.08987617,0,0.197
sub-002,0,0.08987617,0,0.197
sub-002,0,0.08987617,0,0.197
sub-002,0,0.08987617,0,0.197
sub-002,0,0.08987617,0,0.197
sub-002,0,0.08987617,0,0.197
sub-002,0,0.08785198,0,0.197
sub-002,0,0.08785198,0,0.197
sub-002,0,0.08987617,0,0.197
sub-002,0,0.08987617,0,0.197
sub-002,0,0.08987617,0,0.197
sub-002,0,0.08987617,0,0.197
sub-002,0,0.08785198,0,0.197
sub-002,0,0.08987617,0,0.197
sub-002,0,0.08987617,0,0.197
sub-002,0,0.093105085,0,0.197
sub-002,0,0.09184878,0,0.197
sub-002,0,0.09184878,0,0.197
sub-002,0,0.09184878,0,0.197
sub-002,0,0.071226664,0,0.197
sub-002,0,0.07460852,0,0.197
sub-002,0,0.08785198,0,0.197
sub-002,0,0.08785198,0,0.197
sub-002,0,0.08785198,0,0.197
sub-002,0,0.113355964,0,0.197
sub-002,0,0.071226664,0,0.197
sub-002,0,0.027052857,0,0.197
sub-002,0,0.016356355,0,0.197
sub-002,0,0.10853514,0,0.197
sub-002,0,0.08785198,0,0.197
sub-002,0,0.08987617,0,0.197
sub-002,0,0.08785198,0,0.197
sub-002,0,0.0680133,0,0.197
sub-002,0,0.09184878,0,0.197
sub-002,0,0.09184878,0,0.197
sub-002,0,0.09184878,0,0.197
sub-002,0,0.08987617,0,0.197
sub-002,0,0.110977896,0,0.197
sub-002,0,0.110977896,0,0.197
sub-002,0,0.110977896,0,0.197
sub-002,0,0.110977896,0,0.197
sub-002,0,0.110977896,0,0.197
sub-002,0,0.110977896,0,0.197
sub-002,0,0.110977896,0,0.197
sub-002,0,0.15452185,0,0.197
sub-002,0,0.15452185,0,0.197
sub-002,0,0.18767177,0,0.197
sub-002,0,0.110977896,0,0.197
sub-002,0,0.110977896,0,0.197
sub-002,0,0.110977896,0,0.197
sub-002,0,0.08987617,0,0.197
sub-002,0,0.110977896,0,0.197
sub-002,0,0.110977896,0,0.197
sub-002,0,0.10853514,0,0.197
sub-002,0,0.110977896,0,0.197
sub-002,0,0.110977896,0,0.197
sub-002,0,0.110977896,0,0.197
sub-002,0,0.110977896,0,0.197
sub-002,0,0.110977896,0,0.197
sub-002,0,0.110977896,0,0.197
sub-002,0,0.110977896,0,0.197
sub-002,0,0.10853514,0,0.197
sub-002,0,0.10853514,0,0.197
sub-002,0,0.10853514,0,0.197
sub-002,0,0.10853514,0,0.197
sub-002,0,0.10853514,0,0.197
sub-002,0,0.10853514,0,0.197
sub-002,0,0.110977896,0,0.197
sub-002,0,0.10853514,0,0.197
sub-002,0,0.113355964,0,0.197
sub-002,0,0.09248989,0,0.197
sub-002,0,0.11770047,0,0.197
sub-002,0,0.110977896,0,0.197
sub-002,0,0.110977896,0,0.197
sub-002,0,0.10853514,0,0.197
sub-002,0,0.110977896,0,0.197
sub-002,0,0.110977896,0,0.197
sub-002,0,0.110977896,0,0.197
sub-002,0,0.110977896,0,0.197
sub-002,0,0.110977896,0,0.197
sub-002,0,0.110977896,0,0.197
sub-002,0,0.110977896,0,0.197
sub-002,0,0.110977896,0,0.197
sub-002,0,0.110977896,0,0.197
sub-002,0,0.10853514,0,0.197
sub-002,0,0.110977896,0,0.197
sub-002,0,0.110977896,0,0.197
sub-002,0,0.110977896,0,0.197
sub-002,0,0.10853514,0,0.197
sub-002,0,0.10853514,0,0.197
sub-002,0,0.110977896,0,0.197
sub-002,0,0.110977896,0,0.197
sub-002,0,0.110977896,0,0.197
sub-002,0,0.110977896,0,0.197
sub-002,0,0.110977896,0,0.197
sub-002,0,0.110977896,0,0.197
sub-002,0,0.110977896,0,0.197
sub-002,0,0.110977896,0,0.197
sub-002,0,0.10853514,0,0.197
sub-002,0,0.110977896,0,0.197
sub-002,0,0.110977896,0,0.197
sub-002,0,0.110977896,0,0.197
sub-002,0,0.110977896,0,0.197
sub-002,0,0.110977896,0,0.197
sub-002,0,0.110977896,0,0.197
sub-002,0,0.110977896,0,0.197
sub-002,0,0.110977896,0,0.197
sub-002,0,0.1368898,0,0.197
sub-002,0,0.110977896,0,0.197
sub-002,0,0.110977896,0,0.197
sub-002,0,0.110977896,0,0.197
sub-002,0,0.10853514,0,0.197
sub-002,0,0.110977896,0,0.197
sub-002,0,0.110977896,0,0.197
sub-002,0,0.110977896,0,0.197
sub-002,0,0.110977896,0,0.197
sub-002,0,0.110977896,0,0.197
sub-002,0,0.110977896,0,0.197
sub-002,0,0.110977896,0,0.197
sub-002,0,0.110977896,0,0.197
sub-002,0,0.110977896,0,0.197
sub-002,0,0.110977896,0,0.197
sub-002,0,0.110977896,0,0.197
sub-002,0,0.110977896,0,0.197
sub-002,0,0.110977896,0,0.197
sub-002,0,0.10853514,0,0.197
sub-002,0,0.10853514,0,0.197
sub-002,0,0.110977896,0,0.197
sub-002,0,0.110977896,0,0.197
sub-002,0,0.10853514,0,0.197
sub-002,0,0.113355964,0,0.197
sub-002,0,0.020375904,0,0.197
sub-002,0,0.08837492,0,0.197
sub-002,0,0.08837492,0,0.197
sub-002,0,0.08837492,0,0.197
sub-002,0,0.10853514,0,0.197
sub-002,0,0.113355964,0,0.197
sub-002,0,0.05730689,0,0.197
sub-002,0,0.10853514,0,0.197
sub-002,0,0.110977896,0,0.197
sub-002,0,0.110977896,0,0.197
sub-002,0,0.110977896,0,0.197
sub-002,0,0.10853514,0,0.197
sub-002,0,0.110977896,0,0.197
sub-002,0,0.033006556,0,0.197
sub-002,0,0.5091667,1,0.197
sub-002,0,0.9844147,1,0.197
sub-002,0,0.10853514,0,0.197
sub-002,0,0.110977896,0,0.197
sub-002,0,0.110977896,0,0.197
sub-002,0,0.110977896,0,0.197
sub-002,0,0.110977896,0,0.197
sub-002,0,0.110977896,0,0.197
sub-002,0,0.9885866,1,0.197
sub-002,0,0.98661983,1,0.197
sub-002,0,0.110977896,0,0.197
sub-002,0,0.110977896,0,0.197
sub-002,0,0.110977896,0,0.197
sub-002,0,0.110977896,0,0.197
sub-002,0,0.11486924,0,0.197
sub-002,0,0.08445828,0,0.197
sub-002,0,0.10853514,0,0.197
sub-002,0,0.10853514,0,0.197
sub-002,0,0.08837492,0,0.197
sub-002,0,0.66685617,1,0.197
sub-002,0,0.093105085,0,0.197
sub-002,0,0.071226664,0,0.197
sub-002,0,0.08785198,0,0.197
sub-002,0,0.08987617,0,0.197
sub-002,0,0.08987617,0,0.197
sub-002,0,0.110977896,0,0.197
sub-002,0,0.110977896,0,0.197
sub-002,0,0.071226664,0,0.197
sub-002,0,0.071226664,0,0.197
sub-002,0,0.020375904,0,0.197
sub-002,0,0.071226664,0,0.197
sub-002,0,0.08987617,0,0.197
sub-002,0,0.08987617,0,0.197
sub-002,0,0.08987617,0,0.197
sub-002,0,0.08987617,0,0.197
sub-002,0,0.08987617,0,0.197
sub-002,0,0.08987617,0,0.197
sub-002,0,0.08987617,0,0.197
sub-002,0,0.08987617,0,0.197
sub-002,0,0.110977896,0,0.197
sub-002,0,0.10853514,0,0.197
sub-002,0,0.013082046,0,0.197
sub-002,0,0.011465986,0,0.197
sub-002,0,0.009452206,0,0.197
sub-002,0,0.009452206,0,0.197
sub-002,0,0.005659527,0,0.197
sub-002,0,0.0020446728,0,0.197
sub-002,0,0.009452206,0,0.197
sub-002,0,0.009452206,0,0.197
sub-002,0,0.009452206,0,0.197
sub-002,0,0.042700164,0,0.197
sub-002,0,0.042700164,0,0.197
sub-002,0,0.019962313,0,0.197
sub-002,0,0.006718043,0,0.197
sub-002,0,0.006718043,0,0.197
sub-002,0,0.006718043,0,0.197
sub-002,0,0.006718043,0,0.197
sub-002,0,0.04245701,0,0.197
sub-002,0,0.04245701,0,0.197
sub-002,0,0.04245701,0,0.197
sub-002,0,0.010724068,0,0.197
sub-002,0,0.0119787045,0,0.197
sub-002,0,0.04245701,0,0.197
sub-002,0,0.04245701,0,0.197
sub-002,0,0.04245701,0,0.197
sub-002,0,0.010787534,0,0.197
sub-002,0,0.009452206,0,0.197
sub-002,0,0.009452206,0,0.197
sub-002,0,0.009452206,0,0.197
sub-002,0,0.008775135,0,0.197
sub-002,0,0.057556603,0,0.197
sub-002,0,0.5637784,1,0.197
sub-002,0,0.5637784,1,0.197
sub-002,0,0.013082046,0,0.197
sub-002,0,0.110977896,0,0.197
sub-002,0,0.110977896,0,0.197
sub-002,0,0.110977896,0,0.197
sub-002,0,0.10853514,0,0.197
sub-002,0,0.10853514,0,0.197
sub-002,0,0.033006556,0,0.197
sub-002,0,0.09089491,0,0.197
sub-002,0,0.027255261,0,0.197
sub-002,0,0.10853514,0,0.197
sub-002,0,0.10853514,0,0.197
sub-002,0,0.10853514,0,0.197
sub-002,0,0.110977896,0,0.197
sub-002,0,0.110977896,0,0.197
sub-002,0,0.110977896,0,0.197
sub-002,0,0.10853514,0,0.197
sub-002,0,0.113355964,0,0.197
sub-002,0,0.10853514,0,0.197
sub-002,0,0.10853514,0,0.197
sub-002,0,0.10853514,0,0.197
sub-002,0,0.110977896,0,0.197
sub-002,0,0.10853514,0,0.197
sub-002,0,0.10853514,0,0.197
sub-002,0,0.110977896,0,0.197
sub-002,0,0.10853514,0,0.197
sub-002,0,0.113355964,0,0.197
sub-002,0,0.10853514,0,0.197
sub-002,0,0.110977896,0,0.197
sub-002,0,0.10853514,0,0.197
sub-002,0,0.10853514,0,0.197
sub-002,0,0.110977896,0,0.197
sub-002,0,0.110977896,0,0.197
sub-002,0,0.110977896,0,0.197
sub-002,0,0.110977896,0,0.197
sub-002,0,0.110977896,0,0.197
sub-002,0,0.110977896,0,0.197
sub-002,0,0.110977896,0,0.197
sub-002,0,0.110977896,0,0.197
sub-002,0,0.110977896,0,0.197
sub-002,0,0.110977896,0,0.197
sub-002,0,0.110977896,0,0.197
sub-002,0,0.110977896,0,0.197
sub-002,0,0.110977896,0,0.197
sub-002,0,0.110977896,0,0.197
sub-002,0,0.110977896,0,0.197
sub-002,0,0.110977896,0,0.197
sub-002,0,0.110977896,0,0.197
sub-002,0,0.10853514,0,0.197
sub-002,0,0.10853514,0,0.197
sub-002,0,0.10853514,0,0.197
sub-002,0,0.110977896,0,0.197
sub-002,0,0.10853514,0,0.197
sub-002,0,0.10853514,0,0.197
sub-002,0,0.10853514,0,0.197
sub-002,0,0.10853514,0,0.197
sub-002,0,0.110977896,0,0.197
sub-002,0,0.110977896,0,0.197
sub-002,0,0.110977896,0,0.197
sub-002,0,0.110977896,0,0.197
sub-002,0,0.10853514,0,0.197
sub-002,0,0.110977896,0,0.197
sub-002,0,0.110977896,0,0.197
sub-002,0,0.110977896,0,0.197
sub-002,0,0.110977896,0,0.197
sub-002,0,0.10853514,0,0.197
sub-002,0,0.110977896,0,0.197
sub-002,0,0.18767177,0,0.197
sub-002,0,0.18767177,0,0.197
sub-002,0,0.18767177,0,0.197
sub-002,0,0.17962295,0,0.197
sub-002,0,0.11430184,0,0.197
sub-002,0,0.11430184,0,0.197
sub-002,0,0.6678127,1,0.197
sub-002,0,0.71674186,1,0.197
sub-002,0,0.74709046,1,0.197
sub-002,0,0.77628094,1,0.197
sub-002,0,0.9300879,1,0.197
sub-002,0,0.91886854,1,0.197
sub-002,0,0.77628094,1,0.197
sub-002,0,0.77628094,1,0.197
sub-002,0,0.91886854,1,0.197
sub-002,0,0.9300879,1,0.197
sub-002,0,0.77628094,1,0.197
sub-002,0,0.74709046,1,0.197
sub-002,0,0.74709046,1,0.197
sub-002,0,0.9162328,1,0.197
sub-002,0,0.77628094,1,0.197
sub-002,0,0.77628094,1,0.197
sub-002,0,0.71674186,1,0.197
sub-002,0,0.74709046,1,0.197
sub-002,0,0.74709046,1,0.197
sub-002,0,0.74709046,1,0.197
sub-002,0,0.77628094,1,0.197
sub-002,0,0.9875327,1,0.197
sub-002,0,0.9885866,1,0.197
sub-002,0,0.9885866,1,0.197
sub-002,0,0.9885866,1,0.197
sub-002,0,0.9885866,1,0.197
sub-002,0,0.9885866,1,0.197
sub-002,0,0.9885866,1,0.197
sub-002,0,0.9885866,1,0.197
sub-002,0,0.9885866,1,0.197
sub-002,0,0.9885866,1,0.197
sub-002,0,0.9885866,1,0.197
sub-002,0,0.98661983,1,0.197
sub-002,0,0.9869419,1,0.197
sub-002,0,0.9984274,1,0.197
sub-002,0,0.9885866,1,0.197
sub-002,0,0.9885866,1,0.197
sub-002,0,0.9885866,1,0.197
sub-002,0,0.9885866,1,0.197
sub-002,0,0.9885866,1,0.197
sub-002,0,0.9885866,1,0.197
sub-002,0,0.9885866,1,0.197
sub-002,0,0.9885866,1,0.197
sub-002,0,0.9885866,1,0.197
sub-002,0,0.9885866,1,0.197
sub-002,0,0.9885866,1,0.197
sub-002,0,0.9885866,1,0.197
sub-002,0,0.9885866,1,0.197
sub-002,0,0.9885866,1,0.197
sub-002,0,0.9885866,1,0.197
sub-002,0,0.98661983,1,0.197
sub-002,0,0.9885866,1,0.197
sub-002,0,0.9885866,1,0.197
sub-002,0,0.98661983,1,0.197
sub-002,0,0.9885866,1,0.197
sub-002,0,0.9885866,1,0.197
sub-002,0,0.9885866,1,0.197
sub-002,0,0.9885866,1,0.197
sub-002,0,0.9885866,1,0.197
sub-002,0,0.9885866,1,0.197
sub-002,0,0.9885866,1,0.197
sub-002,0,0.9885866,1,0.197
sub-002,0,0.9885866,1,0.197
sub-002,0,0.9885866,1,0.197
sub-002,0,0.110977896,0,0.197
sub-002,0,0.9300879,1,0.197
sub-002,0,0.77628094,1,0.197
sub-002,0,0.77628094,1,0.197
sub-002,0,0.77628094,1,0.197
sub-002,0,0.77628094,1,0.197
sub-002,0,0.77628094,1,0.197
sub-002,0,0.77628094,1,0.197
sub-002,0,0.77628094,1,0.197
sub-002,0,0.77628094,1,0.197
sub-002,0,0.74709046,1,0.197
sub-002,0,0.74709046,1,0.197
sub-002,0,0.77628094,1,0.197
sub-002,0,0.77628094,1,0.197
sub-002,0,0.74709046,1,0.197
sub-002,0,0.77628094,1,0.197
sub-002,0,0.77628094,1,0.197
sub-002,0,0.77628094,1,0.197
sub-002,0,0.77628094,1,0.197
sub-002,0,0.77628094,1,0.197
sub-002,0,0.77628094,1,0.197
sub-002,0,0.77628094,1,0.197
sub-002,0,0.74709046,1,0.197
sub-002,0,0.74709046,1,0.197
sub-002,0,0.74709046,1,0.197
sub-002,0,0.74709046,1,0.197
sub-002,0,0.74709046,1,0.197
sub-002,0,0.74709046,1,0.197
sub-002,0,0.77628094,1,0.197
sub-002,0,0.74709046,1,0.197
sub-002,0,0.74709046,1,0.197
sub-002,0,0.74709046,1,0.197
sub-002,0,0.77628094,1,0.197
sub-002,0,0.74709046,1,0.197
sub-002,0,0.77628094,1,0.197
sub-002,0,0.9875327,1,0.197
sub-002,0,0.9885866,1,0.197
sub-002,0,0.98661983,1,0.197
sub-002,0,0.98634017,1,0.197
sub-002,0,0.98052627,1,0.197
sub-002,0,0.9984274,1,0.197
sub-002,0,0.9984274,1,0.197
sub-002,0,0.9885866,1,0.197
sub-002,0,0.9885866,1,0.197
sub-002,0,0.9885866,1,0.197
sub-002,0,0.9885866,1,0.197
sub-002,0,0.9885866,1,0.197
sub-002,0,0.9885866,1,0.197
sub-002,0,0.9885866,1,0.197
sub-002,0,0.9885866,1,0.197
sub-002,0,0.9885866,1,0.197
sub-002,0,0.9984274,1,0.197
sub-002,0,0.9984274,1,0.197
sub-002,0,0.9885866,1,0.197
sub-002,0,0.9885866,1,0.197
sub-002,0,0.9885866,1,0.197
sub-002,0,0.9984274,1,0.197
sub-002,0,0.9885866,1,0.197
sub-002,0,0.9885866,1,0.197
sub-002,0,0.98661983,1,0.197
sub-002,0,0.9980878,1,0.197
sub-002,0,0.9984274,1,0.197
sub-002,0,0.9885866,1,0.197
sub-002,0,0.9984274,1,0.197
sub-002,0,0.9984274,1,0.197
sub-002,0,0.9885866,1,0.197
sub-002,0,0.9885866,1,0.197
sub-002,0,0.9885866,1,0.197
sub-002,0,0.98052627,1,0.197
sub-002,0,0.98661983,1,0.197
sub-002,0,0.9984274,1,0.197
sub-002,0,0.99815327,1,0.197
sub-002,0,0.9973797,1,0.197
sub-002,0,0.91159236,1,0.197
sub-002,0,0.91159236,1,0.197
sub-002,0,0.9984274,1,0.197
sub-002,0,0.9984274,1,0.197
sub-002,0,0.98661983,1,0.197
sub-002,0,0.98661983,1,0.197
sub-002,0,0.9885866,1,0.197
sub-002,0,0.97082776,1,0.197
sub-002,0,0.98661983,1,0.197
sub-002,0,0.9885866,1,0.197
sub-002,0,0.98661983,1,0.197
sub-002,0,0.98661983,1,0.197
sub-002,0,0.9885866,1,0.197
sub-002,0,0.9984274,1,0.197
sub-002,0,0.9981142,1,0.197
sub-002,0,0.9855515,1,0.197
sub-002,0,0.9984274,1,0.197
sub-002,0,0.9984274,1,0.197
sub-002,0,0.9984274,1,0.197
sub-002,0,0.59628344,1,0.197
sub-002,0,0.59628344,1,0.197
sub-002,0,0.06524014,0,0.197
sub-002,0,0.057556603,0,0.197
sub-002,0,0.06524014,0,0.197
sub-002,0,0.07179364,0,0.197
sub-002,0,0.010787534,0,0.197
sub-002,0,0.038430125,0,0.197
sub-002,0,0.010787534,0,0.197
sub-002,0,0.010787534,0,0.197
sub-002,0,0.009452206,0,0.197
sub-002,0,0.0049557867,0,0.197
sub-002,0,0.0049557867,0,0.197
sub-002,0,0.0049557867,0,0.197
sub-002,0,0.009452206,0,0.197
sub-002,0,0.011465986,0,0.197
sub-002,0,0.110977896,0,0.197
sub-002,0,0.110977896,0,0.197
sub-002,0,0.00687089,0,0.197
sub-002,0,0.110977896,0,0.197
sub-002,0,0.110977896,0,0.197
sub-002,0,0.033006556,0,0.197
sub-002,0,0.10853514,0,0.197
sub-002,0,0.110977896,0,0.197
sub-002,0,0.110977896,0,0.197
sub-002,0,0.10853514,0,0.197
sub-002,0,0.10853514,0,0.197
sub-002,0,0.10853514,0,0.197
sub-002,0,0.10853514,0,0.197
sub-002,0,0.10853514,0,0.197
sub-002,0,0.110977896,0,0.197
sub-002,0,0.10853514,0,0.197
sub-002,0,0.10853514,0,0.197
sub-002,0,0.033006556,0,0.197
sub-002,0,0.005725022,0,0.197
sub-002,0,0.06212407,0,0.197
sub-002,0,0.033006556,0,0.197
sub-002,0,0.110977896,0,0.197
sub-002,0,0.110977896,0,0.197
sub-002,0,0.110977896,0,0.197
sub-002,0,0.10853514,0,0.197
sub-002,0,0.10853514,0,0.197
sub-002,0,0.110977896,0,0.197
sub-002,0,0.10853514,0,0.197
sub-002,0,0.10853514,0,0.197
sub-002,0,0.10853514,0,0.197
sub-002,0,0.110977896,0,0.197
sub-002,0,0.110977896,0,0.197
sub-002,0,0.110977896,0,0.197
sub-002,0,0.10853514,0,0.197
sub-002,0,0.10853514,0,0.197
sub-002,0,0.61296475,1,0.197
sub-002,0,0.29232356,1,0.197
sub-002,0,0.110977896,0,0.197
sub-002,0,0.110977896,0,0.197
sub-002,0,0.110977896,0,0.197
sub-002,0,0.110977896,0,0.197
sub-002,0,0.110977896,0,0.197
sub-002,0,0.110977896,0,0.197
sub-002,0,0.110977896,0,0.197
sub-002,0,0.110977896,0,0.197
sub-002,0,0.110977896,0,0.197
sub-002,0,0.110977896,0,0.197
sub-002,0,0.110977896,0,0.197
sub-002,0,0.110977896,0,0.197
sub-002,0,0.110977896,0,0.197
sub-002,0,0.110977896,0,0.197
sub-002,0,0.110977896,0,0.197
sub-002,0,0.110977896,0,0.197
sub-002,0,0.033954803,0,0.197
sub-002,0,0.0087226415,0,0.197
sub-002,0,0.023177842,0,0.197
sub-002,0,0.033006556,0,0.197
sub-002,0,0.110977896,0,0.197
sub-002,0,0.110977896,0,0.197
sub-002,0,0.110977896,0,0.197
sub-002,0,0.110977896,0,0.197
sub-002,0,0.110977896,0,0.197
sub-002,0,0.110977896,0,0.197
sub-002,0,0.110977896,0,0.197
sub-002,0,0.10853514,0,0.197
sub-002,0,0.10853514,0,0.197
sub-002,0,0.10853514,0,0.197
sub-002,0,0.10853514,0,0.197
sub-002,0,0.11486924,0,0.197
sub-002,0,0.113355964,0,0.197
sub-002,0,0.113355964,0,0.197
sub-002,0,0.113355964,0,0.197
sub-002,0,0.10853514,0,0.197
sub-002,0,0.110977896,0,0.197
sub-002,0,0.110977896,0,0.197
sub-002,0,0.110977896,0,0.197
sub-002,0,0.10853514,0,0.197
sub-002,0,0.033954803,0,0.197
sub-002,0,0.033006556,0,0.197
sub-002,0,0.033006556,0,0.197
sub-002,0,0.10853514,0,0.197
sub-002,0,0.033954803,0,0.197
sub-002,0,0.033954803,0,0.197
sub-002,0,0.033954803,0,0.197
sub-002,0,0.11770047,0,0.197
sub-002,0,0.0087226415,0,0.197
sub-002,0,0.016356355,0,0.197
sub-002,0,0.09248989,0,0.197
sub-002,0,0.10853514,0,0.197
sub-002,0,0.110977896,0,0.197
sub-002,0,0.110977896,0,0.197
sub-002,0,0.110977896,0,0.197
sub-002,0,0.110977896,0,0.197
sub-002,0,0.110977896,0,0.197
sub-002,0,0.10853514,0,0.197
sub-002,0,0.110977896,0,0.197
sub-002,0,0.110977896,0,0.197
sub-002,0,0.110977896,0,0.197
sub-002,0,0.110977896,0,0.197
sub-002,0,0.110977896,0,0.197
sub-002,0,0.110977896,0,0.197
sub-002,0,0.110977896,0,0.197
sub-002,0,0.110977896,0,0.197
sub-002,0,0.10853514,0,0.197
sub-002,0,0.110977896,0,0.197
sub-002,0,0.110977896,0,0.197
sub-002,0,0.110977896,0,0.197
sub-002,0,0.110977896,0,0.197
sub-002,0,0.110977896,0,0.197
sub-002,0,0.110977896,0,0.197
sub-002,0,0.110977896,0,0.197
sub-002,0,0.110977896,0,0.197
sub-002,0,0.110977896,0,0.197
sub-002,0,0.110977896,0,0.197
sub-002,0,0.110977896,0,0.197
sub-002,0,0.110977896,0,0.197
sub-002,0,0.110977896,0,0.197
sub-002,0,0.033006556,0,0.197
sub-002,0,0.110977896,0,0.197
sub-002,0,0.110977896,0,0.197
sub-002,0,0.110977896,0,0.197
sub-002,0,0.10853514,0,0.197
sub-002,0,0.10853514,0,0.197
sub-002,0,0.110977896,0,0.197
sub-002,0,0.110977896,0,0.197
sub-002,0,0.10853514,0,0.197
sub-002,0,0.10853514,0,0.197
sub-002,0,0.110977896,0,0.197
sub-002,0,0.033006556,0,0.197
sub-002,0,0.027255261,0,0.197
sub-002,0,0.10853514,0,0.197
sub-002,0,0.033006556,0,0.197
sub-002,0,0.033006556,0,0.197
sub-002,0,0.033006556,0,0.197
sub-002,0,0.0087226415,0,0.197
sub-002,0,0.009757878,0,0.197
sub-002,0,0.033006556,0,0.197
sub-002,0,0.10853514,0,0.197
sub-002,0,0.10853514,0,0.197
sub-002,0,0.110977896,0,0.197
sub-002,0,0.033006556,0,0.197
sub-002,0,0.033954803,0,0.197
sub-002,0,0.09089491,0,0.197
sub-002,0,0.113355964,0,0.197
sub-002,0,0.113355964,0,0.197
sub-002,0,0.033954803,0,0.197
sub-002,0,0.033954803,0,0.197
sub-002,0,0.10853514,0,0.197
sub-002,0,0.10853514,0,0.197
sub-002,0,0.10853514,0,0.197
sub-002,0,0.110977896,0,0.197
sub-002,0,0.110977896,0,0.197
sub-002,0,0.110977896,0,0.197
sub-002,0,0.110977896,0,0.197
sub-002,0,0.110977896,0,0.197
sub-002,0,0.110977896,0,0.197
sub-002,0,0.110977896,0,0.197
sub-002,0,0.110977896,0,0.197
sub-002,0,0.110977896,0,0.197
sub-002,0,0.110977896,0,0.197
sub-002,0,0.110977896,0,0.197
sub-002,0,0.110977896,0,0.197
sub-002,0,0.10853514,0,0.197
sub-002,0,0.10853514,0,0.197
sub-002,0,0.110977896,0,0.197
sub-002,0,0.110977896,0,0.197
sub-002,0,0.110977896,0,0.197
sub-002,0,0.110977896,0,0.197
sub-002,0,0.08938945,0,0.197
sub-002,0,0.08938945,0,0.197
sub-002,0,0.08938945,0,0.197
sub-002,0,0.08938945,0,0.197
sub-002,0,0.08938945,0,0.197
sub-002,0,0.08987617,0,0.197
sub-002,0,0.08987617,0,0.197
sub-002,0,0.08987617,0,0.197
sub-002,0,0.08987617,0,0.197
sub-002,0,0.08987617,0,0.197
sub-002,0,0.08987617,0,0.197
sub-002,0,0.08987617,0,0.197
sub-002,0,0.08987617,0,0.197
sub-002,0,0.08987617,0,0.197
sub-002,0,0.08987617,0,0.197
sub-002,0,0.08987617,0,0.197
sub-002,0,0.15452185,0,0.197
sub-002,0,0.977128,1,0.197
sub-002,0,0.9984274,1,0.197
sub-002,0,0.9984274,1,0.197
sub-002,0,0.9980878,1,0.197
sub-002,0,0.9885866,1,0.197
sub-002,0,0.98037946,1,0.197
sub-002,0,0.9646208,1,0.197
sub-002,0,0.98314583,1,0.197
sub-002,0,0.9856156,1,0.197
sub-002,0,0.9885866,1,0.197
sub-002,0,0.9885866,1,0.197
sub-002,0,0.9885866,1,0.197
sub-002,0,0.9980129,1,0.197
sub-002,0,0.9976667,1,0.197
sub-002,0,0.9856156,1,0.197
sub-002,0,0.9980129,1,0.197
sub-002,0,0.9975841,1,0.197
sub-002,0,0.08987617,0,0.197
sub-002,0,0.08987617,0,0.197
sub-002,0,0.08987617,0,0.197
sub-002,0,0.08987617,0,0.197
sub-002,0,0.08987617,0,0.197
sub-002,0,0.08785198,0,0.197
sub-002,0,0.08785198,0,0.197
sub-002,0,0.08987617,0,0.197
sub-002,0,0.08987617,0,0.197
sub-002,0,0.08987617,0,0.197
sub-002,0,0.08785198,0,0.197
sub-002,0,0.09184878,0,0.197
sub-002,0,0.08785198,0,0.197
sub-002,0,0.08987617,0,0.197
sub-002,0,0.08987617,0,0.197
sub-002,0,0.08785198,0,0.197
sub-002,0,0.98314583,1,0.197
sub-002,0,0.9856156,1,0.197
sub-002,0,0.9975841,1,0.197
sub-002,0,0.08987617,0,0.197
sub-002,0,0.08987617,0,0.197
sub-002,0,0.08987617,0,0.197
sub-002,0,0.08987617,0,0.197
sub-002,0,0.08987617,0,0.197
sub-002,0,0.110977896,0,0.197
sub-002,0,0.10853514,0,0.197
sub-002,0,0.10853514,0,0.197
sub-002,0,0.09248989,0,0.197
sub-002,0,0.10853514,0,0.197
sub-002,0,0.033006556,0,0.197
sub-002,0,0.0087226415,0,0.197
sub-002,0,0.023177842,0,0.197
sub-002,0,0.113355964,0,0.197
sub-002,0,0.09089491,0,0.197
sub-002,0,0.10853514,0,0.197
sub-002,0,0.10853514,0,0.197
sub-002,0,0.09248989,0,0.197
sub-002,0,0.09248989,0,0.197
sub-002,0,0.113355964,0,0.197
sub-002,0,0.113355964,0,0.197
sub-002,0,0.113355964,0,0.197
sub-002,0,0.113355964,0,0.197
sub-002,0,0.113355964,0,0.197
sub-002,0,0.10853514,0,0.197
sub-002,0,0.110977896,0,0.197
sub-002,0,0.10853514,0,0.197
sub-002,0,0.11770047,0,0.197
sub-002,0,0.113355964,0,0.197
sub-002,0,0.10853514,0,0.197
sub-002,0,0.10853514,0,0.197
sub-002,0,0.10853514,0,0.197
sub-002,0,0.113355964,0,0.197
sub-002,0,0.113355964,0,0.197
sub-002,0,0.11486924,0,0.197
sub-002,0,0.113355964,0,0.197
sub-002,0,0.0704806,0,0.197
sub-002,0,0.08837492,0,0.197
sub-002,0,0.113355964,0,0.197
sub-002,0,0.09248989,0,0.197
sub-002,0,0.10853514,0,0.197
sub-002,0,0.10853514,0,0.197
sub-002,0,0.08445828,0,0.197
sub-002,0,0.09248989,0,0.197
sub-002,0,0.113355964,0,0.197
sub-002,0,0.10853514,0,0.197
sub-002,0,0.10853514,0,0.197
sub-002,0,0.113355964,0,0.197
sub-002,0,0.09248989,0,0.197
sub-002,0,0.08837492,0,0.197
sub-002,0,0.11770047,0,0.197
sub-002,0,0.113355964,0,0.197
sub-002,0,0.08837492,0,0.197
sub-002,0,0.08837492,0,0.197
sub-002,0,0.10853514,0,0.197
sub-002,0,0.10853514,0,0.197
sub-002,0,0.113355964,0,0.197
sub-002,0,0.113355964,0,0.197
sub-002,0,0.10853514,0,0.197
sub-002,0,0.10853514,0,0.197
sub-002,0,0.113355964,0,0.197
sub-002,0,0.11770047,0,0.197
sub-002,0,0.09089491,0,0.197
sub-002,0,0.08837492,0,0.197
sub-002,0,0.08837492,0,0.197
sub-002,0,0.113355964,0,0.197
sub-002,0,0.10853514,0,0.197
sub-002,0,0.10853514,0,0.197
sub-002,0,0.10853514,0,0.197
sub-002,0,0.09248989,0,0.197
sub-002,0,0.0704806,0,0.197
sub-002,0,0.08445828,0,0.197
sub-002,0,0.110977896,0,0.197
sub-002,0,0.110977896,0,0.197
sub-002,0,0.110977896,0,0.197
sub-002,0,0.110977896,0,0.197
sub-002,0,0.110977896,0,0.197
sub-002,0,0.110977896,0,0.197
sub-002,0,0.110977896,0,0.197
sub-002,0,0.113355964,0,0.197
sub-002,0,0.10853514,0,0.197
sub-002,0,0.110977896,0,0.197
sub-002,0,0.110977896,0,0.197
sub-002,0,0.110977896,0,0.197
sub-002,0,0.110977896,0,0.197
sub-002,0,0.110977896,0,0.197
sub-002,0,0.10853514,0,0.197
sub-002,0,0.110977896,0,0.197
sub-002,0,0.110977896,0,0.197
sub-002,0,0.110977896,0,0.197
sub-002,0,0.110977896,0,0.197
sub-002,0,0.10853514,0,0.197
sub-002,0,0.10853514,0,0.197
sub-002,0,0.113355964,0,0.197
sub-002,0,0.11486924,0,0.197
sub-002,0,0.110977896,0,0.197
sub-002,0,0.10853514,0,0.197
sub-002,0,0.10853514,0,0.197
sub-002,0,0.110977896,0,0.197
sub-002,0,0.10853514,0,0.197
sub-002,0,0.094483696,0,0.197
sub-002,0,0.113355964,0,0.197
sub-002,0,0.11486924,0,0.197
sub-002,0,0.10853514,0,0.197
sub-002,0,0.110977896,0,0.197
sub-002,0,0.10853514,0,0.197
sub-002,0,0.110977896,0,0.197
sub-002,0,0.110977896,0,0.197
sub-002,0,0.110977896,0,0.197
sub-002,0,0.110977896,0,0.197
sub-002,0,0.110977896,0,0.197
sub-002,0,0.110977896,0,0.197
sub-002,0,0.110977896,0,0.197
sub-002,0,0.10853514,0,0.197
sub-002,0,0.11770047,0,0.197
sub-002,0,0.10853514,0,0.197
sub-002,0,0.110977896,0,0.197
sub-002,0,0.110977896,0,0.197
sub-002,0,0.110977896,0,0.197
sub-002,0,0.110977896,0,0.197
sub-002,0,0.110977896,0,0.197
sub-002,0,0.110977896,0,0.197
sub-002,0,0.110977896,0,0.197
sub-002,0,0.110977896,0,0.197
sub-002,0,0.10853514,0,0.197
sub-002,0,0.10853514,0,0.197
sub-002,0,0.10853514,0,0.197
sub-002,0,0.10853514,0,0.197
sub-002,0,0.10853514,0,0.197
sub-002,0,0.10853514,0,0.197
sub-002,0,0.10853514,0,0.197
sub-002,0,0.110977896,0,0.197
sub-002,0,0.110977896,0,0.197
sub-002,0,0.110977896,0,0.197
sub-002,0,0.110977896,0,0.197
sub-002,0,0.10853514,0,0.197
sub-002,0,0.10853514,0,0.197
sub-002,0,0.110977896,0,0.197
sub-002,0,0.110977896,0,0.197
sub-002,0,0.110977896,0,0.197
sub-002,0,0.110977896,0,0.197
sub-002,0,0.10853514,0,0.197
sub-002,0,0.110977896,0,0.197
sub-002,0,0.110977896,0,0.197
sub-002,0,0.110977896,0,0.197
sub-002,0,0.110977896,0,0.197
sub-002,0,0.110977896,0,0.197
sub-002,0,0.033006556,0,0.197
sub-002,0,0.033006556,0,0.197
sub-002,0,0.110977896,0,0.197
sub-002,0,0.110977896,0,0.197
sub-002,0,0.110977896,0,0.197
sub-002,0,0.10853514,0,0.197
sub-002,0,0.10853514,0,0.197
sub-002,0,0.10853514,0,0.197
sub-002,0,0.11770047,0,0.197
sub-002,0,0.09248989,0,0.197
sub-002,0,0.10853514,0,0.197
sub-002,0,0.10853514,0,0.197
sub-002,0,0.033954803,0,0.197
sub-002,0,0.032247007,0,0.197
sub-002,0,0.05730689,0,0.197
sub-002,0,0.10853514,0,0.197
sub-002,0,0.110977896,0,0.197
sub-002,0,0.10853514,0,0.197
sub-002,0,0.033954803,0,0.197
sub-002,0,0.113355964,0,0.197
sub-002,0,0.10853514,0,0.197
sub-002,0,0.110977896,0,0.197
sub-002,0,0.110977896,0,0.197
sub-002,0,0.09248989,0,0.197
sub-002,0,0.11770047,0,0.197
sub-002,0,0.027255261,0,0.197
sub-002,0,0.113355964,0,0.197
sub-002,0,0.11770047,0,0.197
sub-002,0,0.10853514,0,0.197
sub-002,0,0.10853514,0,0.197
sub-002,0,0.033006556,0,0.197
sub-002,0,0.110977896,0,0.197
sub-002,0,0.110977896,0,0.197
sub-002,0,0.110977896,0,0.197
sub-002,0,0.10853514,0,0.197
sub-002,0,0.113355964,0,0.197
sub-002,0,0.11486924,0,0.197
sub-002,0,0.08445828,0,0.197
sub-002,0,0.113355964,0,0.197
sub-002,0,0.11770047,0,0.197
sub-002,0,0.10853514,0,0.197
sub-002,0,0.110977896,0,0.197
sub-002,0,0.110977896,0,0.197
sub-002,0,0.110977896,0,0.197
sub-002,0,0.110977896,0,0.197
sub-002,0,0.10853514,0,0.197
sub-002,0,0.10853514,0,0.197
sub-002,0,0.10853514,0,0.197
sub-002,0,0.10853514,0,0.197
sub-002,0,0.110977896,0,0.197
sub-002,0,0.110977896,0,0.197
sub-002,0,0.10853514,0,0.197
sub-002,0,0.033006556,0,0.197
sub-002,0,0.009757878,0,0.197
sub-002,0,0.113355964,0,0.197
sub-002,0,0.10853514,0,0.197
sub-002,0,0.10853514,0,0.197
sub-002,0,0.11486924,0,0.197
sub-002,0,0.110977896,0,0.197
sub-002,0,0.10853514,0,0.197
sub-002,0,0.11770047,0,0.197
sub-002,0,0.10853514,0,0.197
sub-002,0,0.110977896,0,0.197
sub-002,0,0.110977896,0,0.197
sub-002,0,0.110977896,0,0.197
sub-002,0,0.110977896,0,0.197
sub-002,0,0.10853514,0,0.197
sub-002,0,0.031014282,0,0.197
sub-002,0,0.09248989,0,0.197
sub-002,0,0.110977896,0,0.197
sub-002,0,0.110977896,0,0.197
sub-002,0,0.110977896,0,0.197
sub-002,0,0.10853514,0,0.197
sub-002,0,0.10853514,0,0.197
sub-002,0,0.10853514,0,0.197
sub-002,0,0.110977896,0,0.197
sub-002,0,0.08987617,0,0.197
sub-002,0,0.06348842,0,0.197
sub-002,0,0.08987617,0,0.197
sub-002,0,0.09184878,0,0.197
sub-002,0,0.07460852,0,0.197
sub-002,0,0.09184878,0,0.197
sub-002,0,0.09184878,0,0.197
sub-002,0,0.071226664,0,0.197
sub-002,0,0.071226664,0,0.197
sub-002,0,0.071226664,0,0.197
sub-002,0,0.08785198,0,0.197
sub-002,0,0.08987617,0,0.197
sub-002,0,0.08785198,0,0.197
sub-002,0,0.093105085,0,0.197
sub-002,0,0.08948329,0,0.197
sub-002,0,0.08987617,0,0.197
sub-002,0,0.08987617,0,0.197
sub-002,0,0.08987617,0,0.197
sub-002,0,0.08785198,0,0.197
sub-002,0,0.08987617,0,0.197
sub-002,0,0.08987617,0,0.197
sub-002,0,0.08987617,0,0.197
sub-002,0,0.08987617,0,0.197
sub-002,0,0.08785198,0,0.197
sub-002,0,0.08785198,0,0.197
sub-002,0,0.08785198,0,0.197
sub-002,0,0.08785198,0,0.197
sub-002,0,0.08785198,0,0.197
sub-002,0,0.110977896,0,0.197
sub-002,0,0.110977896,0,0.197
sub-002,0,0.11486924,0,0.197
sub-002,0,0.045924835,0,0.197
sub-002,0,0.08837492,0,0.197
sub-002,0,0.113355964,0,0.197
sub-002,0,0.10853514,0,0.197
sub-002,0,0.09248989,0,0.197
sub-002,0,0.10853514,0,0.197
sub-002,0,0.110977896,0,0.197
sub-002,0,0.08987617,0,0.197
sub-002,0,0.08987617,0,0.197
sub-002,0,0.08987617,0,0.197
sub-002,0,0.08987617,0,0.197
sub-002,0,0.110977896,0,0.197
sub-002,0,0.110977896,0,0.197
sub-002,0,0.113355964,0,0.197
sub-002,0,0.10853514,0,0.197
sub-002,0,0.10853514,0,0.197
sub-002,0,0.113355964,0,0.197
sub-002,0,0.08837492,0,0.197
sub-002,0,0.0704806,0,0.197
sub-002,0,0.10853514,0,0.197
sub-002,0,0.110977896,0,0.197
sub-002,0,0.110977896,0,0.197
sub-002,0,0.08837492,0,0.197
sub-002,0,0.10853514,0,0.197
sub-002,0,0.110977896,0,0.197
sub-002,0,0.08837492,0,0.197
sub-002,0,0.113355964,0,0.197
sub-002,0,0.110977896,0,0.197
sub-002,0,0.110977896,0,0.197
sub-002,0,0.110977896,0,0.197
sub-002,0,0.08987617,0,0.197
sub-002,0,0.008248032,0,0.197
sub-002,0,0.013005259,0,0.197
sub-002,0,0.07893197,0,0.197
sub-002,0,0.110977896,0,0.197
sub-002,0,0.10853514,0,0.197
sub-002,0,0.113355964,0,0.197
sub-002,0,0.09248989,0,0.197
sub-002,0,0.032247007,0,0.197
sub-002,0,0.10644516,0,0.197
sub-002,0,0.9849664,1,0.197
sub-002,0,0.98634017,1,0.197
sub-002,0,0.99775475,1,0.197
sub-002,0,0.9977071,1,0.197
sub-002,0,0.99775475,1,0.197
sub-002,0,0.99775475,1,0.197
sub-002,0,0.10853514,0,0.197
sub-002,0,0.110977896,0,0.197
sub-002,0,0.110977896,0,0.197
sub-002,0,0.110977896,0,0.197
sub-002,0,0.110977896,0,0.197
sub-002,0,0.110977896,0,0.197
sub-002,0,0.110977896,0,0.197
sub-002,0,0.110977896,0,0.197
sub-002,0,0.110977896,0,0.197
sub-002,0,0.10853514,0,0.197
sub-002,0,0.110977896,0,0.197
sub-002,0,0.110977896,0,0.197
sub-002,0,0.110977896,0,0.197
sub-002,0,0.110977896,0,0.197
sub-002,0,0.110977896,0,0.197
sub-002,0,0.10853514,0,0.197
sub-002,0,0.10853514,0,0.197
sub-002,0,0.110977896,0,0.197
sub-002,0,0.110977896,0,0.197
sub-002,0,0.110977896,0,0.197
sub-002,0,0.110977896,0,0.197
sub-002,0,0.110977896,0,0.197
sub-002,0,0.110977896,0,0.197
sub-002,0,0.050161675,0,0.197
sub-002,0,0.051366348,0,0.197
sub-002,0,0.10853514,0,0.197
sub-002,0,0.110977896,0,0.197
sub-002,0,0.051366348,0,0.197
sub-002,0,0.10817844,0,0.197
sub-002,0,0.110977896,0,0.197
sub-002,0,0.051366348,0,0.197
sub-002,0,0.050161675,0,0.197
sub-002,0,0.051366348,0,0.197
sub-002,0,0.051366348,0,0.197
sub-002,0,0.050161675,0,0.197
sub-002,0,0.110977896,0,0.197
sub-002,0,0.051366348,0,0.197
sub-002,0,0.050161675,0,0.197
sub-002,0,0.10853514,0,0.197
sub-002,0,0.10817844,0,0.197
sub-002,0,0.051366348,0,0.197
sub-002,0,0.050161675,0,0.197
sub-002,0,0.050161675,0,0.197
sub-002,0,0.050161675,0,0.197
sub-002,0,0.050161675,0,0.197
sub-002,0,0.11198399,0,0.197
sub-002,0,0.06521342,0,0.197
sub-002,0,0.10853514,0,0.197
sub-002,0,0.110977896,0,0.197
sub-002,0,0.10578997,0,0.197
sub-002,0,0.050161675,0,0.197
sub-002,0,0.05254255,0,0.197
sub-002,0,0.050161675,0,0.197
sub-002,0,0.051366348,0,0.197
sub-002,0,0.050161675,0,0.197
sub-002,0,0.053292762,0,0.197
sub-002,0,0.09308149,0,0.197
sub-002,0,0.11353484,0,0.197
sub-002,0,0.113355964,0,0.197
sub-002,0,0.053292762,0,0.197
sub-002,0,0.053292762,0,0.197
sub-002,0,0.09248989,0,0.197
sub-002,0,0.062228773,0,0.197
sub-002,0,0.053292762,0,0.197
sub-002,0,0.113355964,0,0.197
sub-002,0,0.062228773,0,0.197
sub-002,0,0.07539502,0,0.197
sub-002,0,0.05254255,0,0.197
sub-002,0,0.05254255,0,0.197
sub-002,0,0.062228773,0,0.197
sub-002,0,0.051366348,0,0.197
sub-002,0,0.10817844,0,0.197
sub-002,0,0.9984274,1,0.197
sub-002,0,0.110977896,0,0.197
sub-002,0,0.110977896,0,0.197
sub-002,0,0.051366348,0,0.197
sub-002,0,0.10853514,0,0.197
sub-002,0,0.10853514,0,0.197
sub-002,0,0.050161675,0,0.197
sub-002,0,0.050161675,0,0.197
sub-002,0,0.10853514,0,0.197
sub-002,0,0.10578997,0,0.197
sub-002,0,0.051366348,0,0.197
sub-002,0,0.10853514,0,0.197
sub-002,0,0.10584908,0,0.197
sub-002,0,0.050161675,0,0.197
sub-002,0,0.07893197,0,0.197
sub-002,0,0.07893197,0,0.197
sub-002,0,0.09308149,0,0.197
sub-002,0,0.10853514,0,0.197
sub-002,0,0.110977896,0,0.197
sub-002,0,0.051366348,0,0.197
sub-002,0,0.050161675,0,0.197
sub-002,0,0.110977896,0,0.197
sub-002,0,0.16105595,0,0.197
sub-002,0,0.062228773,0,0.197
sub-002,0,0.045924835,0,0.197
sub-002,0,0.032247007,0,0.197
sub-002,0,0.021240575,0,0.197
sub-002,0,0.017921213,0,0.197
sub-002,0,0.011737568,0,0.197
sub-002,0,0.04774658,0,0.197
sub-002,0,0.08837492,0,0.197
sub-002,0,0.032247007,0,0.197
sub-002,0,0.10853514,0,0.197
sub-002,0,0.10853514,0,0.197
sub-002,0,0.113355964,0,0.197
sub-002,0,0.050161675,0,0.197
sub-002,0,0.048373736,0,0.197
sub-002,0,0.007969244,0,0.197
sub-002,0,0.007969244,0,0.197
sub-002,0,0.007969244,0,0.197
sub-002,0,0.01250911,0,0.197
sub-002,0,0.007969244,0,0.197
sub-002,0,0.015668582,0,0.197
sub-002,0,0.08837492,0,0.197
sub-002,0,0.08837492,0,0.197
sub-002,0,0.08837492,0,0.197
sub-002,0,0.11486924,0,0.197
sub-002,0,0.113355964,0,0.197
sub-002,0,0.08837492,0,0.197
sub-002,0,0.110977896,0,0.197
sub-002,0,0.110977896,0,0.197
sub-002,0,0.18389006,0,0.197
sub-002,0,0.15770645,0,0.197
sub-002,0,0.11486924,0,0.197
sub-002,0,0.026487542,0,0.197
sub-002,0,0.08391413,0,0.197
sub-002,0,0.062228773,0,0.197
sub-002,0,0.05730689,0,0.197
sub-002,0,0.08837492,0,0.197
sub-002,0,0.026487542,0,0.197
sub-002,0,0.015668582,0,0.197
sub-002,0,0.06851464,0,0.197
sub-002,0,0.06521342,0,0.197
sub-002,0,0.06521342,0,0.197
sub-002,0,0.062228773,0,0.197
sub-002,0,0.11770047,0,0.197
sub-002,0,0.11486924,0,0.197
sub-002,0,0.71674186,1,0.197
sub-002,0,0.06521342,0,0.197
sub-002,0,0.10853514,0,0.197
sub-002,0,0.10853514,0,0.197
sub-002,0,0.033026103,0,0.197
sub-002,0,0.05254255,0,0.197
sub-002,0,0.11486924,0,0.197
sub-002,0,0.113355964,0,0.197
sub-002,0,0.11770047,0,0.197
sub-002,0,0.11770047,0,0.197
sub-002,0,0.10853514,0,0.197
sub-002,0,0.050161675,0,0.197
sub-002,0,0.050161675,0,0.197
sub-002,0,0.10853514,0,0.197
sub-002,0,0.033006556,0,0.197
sub-002,0,0.10853514,0,0.197
sub-002,0,0.110977896,0,0.197
sub-002,0,0.08987617,0,0.197
sub-002,0,0.08987617,0,0.197
sub-002,0,0.08987617,0,0.197
sub-002,0,0.08987617,0,0.197
sub-002,0,0.08987617,0,0.197
sub-002,0,0.7329744,1,0.197
sub-002,0,0.92479444,1,0.197
sub-002,0,0.90999174,1,0.197
sub-002,0,0.06348842,0,0.197
sub-002,0,0.08987617,0,0.197
sub-002,0,0.08987617,0,0.197
sub-002,0,0.093105085,0,0.197
sub-002,0,0.08785198,0,0.197
sub-002,0,0.08785198,0,0.197
sub-002,0,0.08785198,0,0.197
sub-002,0,0.056589015,0,0.197
sub-002,0,0.045883648,0,0.197
sub-002,0,0.027052857,0,0.197
sub-002,0,0.026292112,0,0.197
sub-002,0,0.09184878,0,0.197
sub-002,0,0.09545778,0,0.197
sub-002,0,0.07624923,0,0.197
sub-002,0,0.027052857,0,0.197
sub-002,0,0.026292112,0,0.197
sub-002,0,0.09184878,0,0.197
sub-002,0,0.09184878,0,0.197
sub-002,0,0.08785198,0,0.197
sub-002,0,0.08987617,0,0.197
sub-002,0,0.08987617,0,0.197
sub-002,0,0.08987617,0,0.197
sub-002,0,0.08987617,0,0.197
sub-002,0,0.08987617,0,0.197
sub-002,0,0.08987617,0,0.197
sub-002,0,0.09184878,0,0.197
sub-002,0,0.08785198,0,0.197
sub-002,0,0.08785198,0,0.197
sub-002,0,0.08987617,0,0.197
sub-002,0,0.08987617,0,0.197
sub-002,0,0.08785198,0,0.197
sub-002,0,0.08987617,0,0.197
sub-002,0,0.08987617,0,0.197
sub-002,0,0.08987617,0,0.197
sub-002,0,0.08987617,0,0.197
sub-002,0,0.08987617,0,0.197
sub-002,0,0.08987617,0,0.197
sub-002,0,0.08987617,0,0.197
sub-002,0,0.08987617,0,0.197
sub-002,0,0.08987617,0,0.197
sub-002,0,0.08987617,0,0.197
sub-002,0,0.08987617,0,0.197
sub-002,0,0.08987617,0,0.197
sub-002,0,0.08987617,0,0.197
sub-002,0,0.08987617,0,0.197
sub-002,0,0.08785198,0,0.197
sub-002,0,0.08987617,0,0.197
sub-002,0,0.08987617,0,0.197
sub-002,0,0.08785198,0,0.197
sub-002,0,0.08987617,0,0.197
sub-002,0,0.08987617,0,0.197
sub-002,0,0.08987617,0,0.197
sub-002,0,0.08785198,0,0.197
sub-002,0,0.093105085,0,0.197
sub-002,0,0.08785198,0,0.197
sub-002,0,0.09184878,0,0.197
sub-002,0,0.093105085,0,0.197
sub-002,0,0.08785198,0,0.197
sub-002,0,0.093105085,0,0.197
sub-002,0,0.09184878,0,0.197
sub-002,0,0.08785198,0,0.197
sub-002,0,0.09184878,0,0.197
sub-002,0,0.09184878,0,0.197
sub-002,0,0.07460852,0,0.197
sub-002,0,0.071226664,0,0.197
sub-002,0,0.0680133,0,0.197
sub-002,0,0.09184878,0,0.197
sub-002,0,0.045883648,0,0.197
sub-002,0,0.026487542,0,0.197
sub-002,0,0.056589015,0,0.197
sub-002,0,0.07460852,0,0.197
sub-002,0,0.071226664,0,0.197
sub-002,0,0.020375904,0,0.197
sub-002,0,0.071226664,0,0.197
sub-002,0,0.071226664,0,0.197
sub-002,0,0.017921213,0,0.197
sub-002,0,0.026487542,0,0.197
sub-002,0,0.036682144,0,0.197
sub-002,0,0.045883648,0,0.197
sub-002,0,0.056589015,0,0.197
sub-002,0,0.071226664,0,0.197
sub-002,0,0.045883648,0,0.197
sub-002,0,0.013575418,0,0.197
sub-002,0,0.015668582,0,0.197
sub-002,0,0.056589015,0,0.197
sub-002,0,0.056589015,0,0.197
sub-002,0,0.02568297,0,0.197
sub-002,0,0.056589015,0,0.197
sub-002,0,0.045883648,0,0.197
sub-002,0,0.013575418,0,0.197
sub-002,0,0.013575418,0,0.197
sub-002,0,0.026487542,0,0.197
sub-002,0,0.02568297,0,0.197
sub-002,0,0.056589015,0,0.197
sub-002,0,0.093105085,0,0.197
sub-002,0,0.08987617,0,0.197
sub-002,0,0.08987617,0,0.197
sub-002,0,0.08987617,0,0.197
sub-002,0,0.08987617,0,0.197
sub-002,0,0.08987617,0,0.197
sub-002,0,0.08987617,0,0.197
sub-002,0,0.08987617,0,0.197
sub-002,0,0.08785198,0,0.197
sub-002,0,0.08785198,0,0.197
sub-002,0,0.08785198,0,0.197
sub-002,0,0.08785198,0,0.197
sub-002,0,0.08785198,0,0.197
sub-002,0,0.09184878,0,0.197
sub-002,0,0.08785198,0,0.197
sub-002,0,0.09184878,0,0.197
sub-002,0,0.045883648,0,0.197
sub-002,0,0.013575418,0,0.197
sub-002,0,0.0086071985,0,0.197
sub-002,0,0.010852328,0,0.197
sub-002,0,0.007969244,0,0.197
sub-002,0,0.007969244,0,0.197
sub-002,0,0.010852328,0,0.197
sub-002,0,0.08785198,0,0.197
sub-002,0,0.08987617,0,0.197
sub-002,0,0.045883648,0,0.197
sub-002,0,0.007969244,0,0.197
sub-002,0,0.007969244,0,0.197
sub-002,0,0.0086071985,0,0.197
sub-002,0,0.08737517,0,0.197
sub-002,0,0.08938945,0,0.197
sub-002,0,0.08987617,0,0.197
sub-002,0,0.08987617,0,0.197
sub-002,0,0.08785198,0,0.197
sub-002,0,0.08987617,0,0.197
sub-002,0,0.08987617,0,0.197
sub-002,0,0.08987617,0,0.197
sub-002,0,0.08785198,0,0.197
sub-002,0,0.08785198,0,0.197
sub-002,0,0.09184878,0,0.197
sub-002,0,0.071226664,0,0.197
sub-002,0,0.07460852,0,0.197
sub-002,0,0.09184878,0,0.197
sub-002,0,0.056589015,0,0.197
sub-002,0,0.071226664,0,0.197
sub-002,0,0.08785198,0,0.197
sub-002,0,0.093105085,0,0.197
sub-002,0,0.09184878,0,0.197
sub-002,0,0.08785198,0,0.197
sub-002,0,0.093105085,0,0.197
sub-002,0,0.07460852,0,0.197
sub-002,0,0.08785198,0,0.197
sub-002,0,0.008248032,0,0.197
sub-002,0,0.008248032,0,0.197
sub-002,0,0.110977896,0,0.197
sub-002,0,0.07713338,0,0.197
sub-002,0,0.77628094,1,0.197
sub-002,0,0.74709046,1,0.197
sub-002,0,0.74709046,1,0.197
sub-002,0,0.74709046,1,0.197
sub-002,0,0.74709046,1,0.197
sub-002,0,0.74709046,1,0.197
sub-002,0,0.71674186,1,0.197
sub-002,0,0.53113323,1,0.197
sub-002,0,0.61868554,1,0.197
sub-002,0,0.53113323,1,0.197
sub-002,0,0.61868554,1,0.197
sub-002,0,0.71674186,1,0.197
sub-002,0,0.71981144,1,0.197
sub-002,0,0.53113323,1,0.197
sub-002,0,0.61868554,1,0.197
sub-002,0,0.7241137,1,0.197
sub-002,0,0.61868554,1,0.197
sub-002,0,0.4994186,1,0.197
sub-002,0,0.4994186,1,0.197
sub-002,0,0.71981144,1,0.197
sub-002,0,0.74310696,1,0.197
sub-002,0,0.29232356,1,0.197
sub-002,0,0.29232356,1,0.197
sub-002,0,0.74709046,1,0.197
sub-002,0,0.74709046,1,0.197
sub-002,0,0.71674186,1,0.197
sub-002,0,0.6678127,1,0.197
sub-002,0,0.74709046,1,0.197
sub-002,0,0.74709046,1,0.197
sub-002,0,0.74709046,1,0.197
sub-002,0,0.74234825,1,0.197
sub-002,0,0.74709046,1,0.197
sub-002,0,0.74709046,1,0.197
sub-002,0,0.77628094,1,0.197
sub-002,0,0.9162328,1,0.197
sub-002,0,0.74709046,1,0.197
sub-002,0,0.74709046,1,0.197
sub-002,0,0.77628094,1,0.197
sub-002,0,0.77628094,1,0.197
sub-002,0,0.29232356,1,0.197
sub-002,0,0.91886854,1,0.197
sub-002,0,0.74709046,1,0.197
sub-002,0,0.69686043,1,0.197
sub-002,0,0.09108504,0,0.197
sub-002,0,0.089036286,0,0.197
sub-002,0,0.051366348,0,0.197
sub-002,0,0.050161675,0,0.197
sub-002,0,0.050161675,0,0.197
sub-002,0,0.050161675,0,0.197
sub-002,0,0.051366348,0,0.197
sub-002,0,0.051366348,0,0.197
sub-002,0,0.051366348,0,0.197
sub-002,0,0.051366348,0,0.197
sub-002,0,0.050161675,0,0.197
sub-002,0,0.050161675,0,0.197
sub-002,0,0.05254255,0,0.197
sub-002,0,0.05254255,0,0.197
sub-002,0,0.07893197,0,0.197
sub-002,0,0.051366348,0,0.197
sub-002,0,0.050161675,0,0.197
sub-002,0,0.050161675,0,0.197
sub-002,0,0.050161675,0,0.197
sub-002,0,0.050161675,0,0.197
sub-002,0,0.051366348,0,0.197
sub-002,0,0.07713338,0,0.197
sub-002,0,0.10578997,0,0.197
sub-002,0,0.16105595,0,0.197
sub-002,0,0.16105595,0,0.197
sub-002,0,0.10853514,0,0.197
sub-002,0,0.10853514,0,0.197
sub-002,0,0.10853514,0,0.197
sub-002,0,0.110977896,0,0.197
sub-002,0,0.110977896,0,0.197
sub-002,0,0.10853514,0,0.197
sub-002,0,0.11486924,0,0.197
sub-002,0,0.10853514,0,0.197
sub-002,0,0.10853514,0,0.197
sub-002,0,0.10853514,0,0.197
sub-002,0,0.113355964,0,0.197
sub-002,0,0.10853514,0,0.197
sub-002,0,0.110977896,0,0.197
sub-002,0,0.10853514,0,0.197
sub-002,0,0.110977896,0,0.197
sub-002,0,0.110977896,0,0.197
sub-002,0,0.08445828,0,0.197
sub-002,0,0.08837492,0,0.197
sub-002,0,0.10853514,0,0.197
sub-002,0,0.10853514,0,0.197
sub-002,0,0.113355964,0,0.197
sub-002,0,0.10853514,0,0.197
sub-002,0,0.110977896,0,0.197
sub-002,0,0.110977896,0,0.197
sub-002,0,0.110977896,0,0.197
sub-002,0,0.110977896,0,0.197
sub-002,0,0.110977896,0,0.197
sub-002,0,0.110977896,0,0.197
sub-002,0,0.110977896,0,0.197
sub-002,0,0.110977896,0,0.197
sub-002,0,0.110977896,0,0.197
sub-002,0,0.110977896,0,0.197
sub-002,0,0.110977896,0,0.197
sub-002,0,0.10853514,0,0.197
sub-002,0,0.10853514,0,0.197
sub-002,0,0.050161675,0,0.197
sub-002,0,0.74709046,1,0.197
sub-002,0,0.110977896,0,0.197
sub-002,0,0.010377305,0,0.197
sub-002,0,0.019147884,0,0.197
sub-002,0,0.09184878,0,0.197
sub-002,0,0.08987617,0,0.197
sub-002,0,0.08987617,0,0.197
sub-002,0,0.08987617,0,0.197
sub-002,0,0.08987617,0,0.197
sub-002,0,0.08785198,0,0.197
sub-002,0,0.09184878,0,0.197
sub-002,0,0.071226664,0,0.197
sub-002,0,0.026487542,0,0.197
sub-002,0,0.026487542,0,0.197
sub-002,0,0.017921213,0,0.197
sub-002,0,0.007969244,0,0.197
sub-002,0,0.007969244,0,0.197
sub-002,0,0.007969244,0,0.197
sub-002,0,0.007969244,0,0.197
sub-002,0,0.007969244,0,0.197
sub-002,0,0.007969244,0,0.197
sub-002,0,0.007969244,0,0.197
sub-002,0,0.007969244,0,0.197
sub-002,0,0.0086071985,0,0.197
sub-002,0,0.007969244,0,0.197
sub-002,0,0.007969244,0,0.197
sub-002,0,0.007969244,0,0.197
sub-002,0,0.007969244,0,0.197
sub-002,0,0.007969244,0,0.197
sub-002,0,0.007969244,0,0.197
sub-002,0,0.007969244,0,0.197
sub-002,0,0.007969244,0,0.197
sub-002,0,0.007969244,0,0.197
sub-002,0,0.007969244,0,0.197
sub-002,0,0.007969244,0,0.197
sub-002,0,0.007969244,0,0.197
sub-002,0,0.007969244,0,0.197
sub-002,0,0.007969244,0,0.197
sub-002,0,0.011737568,0,0.197
sub-002,0,0.011737568,0,0.197
sub-002,0,0.056589015,0,0.197
sub-002,0,0.02568297,0,0.197
sub-002,0,0.015668582,0,0.197
sub-002,0,0.015668582,0,0.197
sub-002,0,0.02568297,0,0.197
sub-002,0,0.071226664,0,0.197
sub-002,0,0.010852328,0,0.197
sub-002,0,0.007969244,0,0.197
sub-002,0,0.007969244,0,0.197
sub-002,0,0.007969244,0,0.197
sub-002,0,0.007969244,0,0.197
sub-002,0,0.007969244,0,0.197
sub-002,0,0.007969244,0,0.197
sub-002,1,0.09184878,0,0.197
sub-002,1,0.08987617,0,0.197
sub-002,1,0.0061234604,0,0.197
sub-002,1,0.055998825,0,0.197
sub-002,0,0.08987617,0,0.197
sub-002,0,0.08987617,0,0.197
sub-002,0,0.08987617,0,0.197
sub-002,0,0.08987617,0,0.197
sub-002,0,0.08987617,0,0.197
sub-002,0,0.08987617,0,0.197
sub-002,0,0.08987617,0,0.197
sub-002,0,0.08987617,0,0.197
sub-002,0,0.08987617,0,0.197
sub-002,0,0.08987617,0,0.197
sub-002,0,0.08987617,0,0.197
sub-002,0,0.08987617,0,0.197
sub-002,0,0.08785198,0,0.197
sub-002,0,0.08987617,0,0.197
sub-002,0,0.08987617,0,0.197
sub-002,0,0.08785198,0,0.197
sub-002,0,0.071226664,0,0.197
sub-002,0,0.071226664,0,0.197
sub-002,0,0.056589015,0,0.197
sub-002,0,0.09184878,0,0.197
sub-002,0,0.07460852,0,0.197
sub-002,0,0.0680133,0,0.197
sub-002,0,0.09184878,0,0.197
sub-002,0,0.071226664,0,0.197
sub-002,0,0.02568297,0,0.197
sub-002,0,0.015668582,0,0.197
sub-002,0,0.015668582,0,0.197
sub-002,0,0.086121805,0,0.197
sub-002,0,0.06235974,0,0.197
sub-002,0,0.013575418,0,0.197
sub-002,0,0.06235974,0,0.197
sub-002,0,0.98037946,1,0.197
sub-002,0,0.9755093,1,0.197
sub-002,0,0.92773247,1,0.197
sub-002,0,0.92773247,1,0.197
sub-002,0,0.92773247,1,0.197
sub-002,0,0.89234966,1,0.197
sub-002,0,0.9617683,1,0.197
sub-002,0,0.98037946,1,0.197
sub-002,0,0.9755093,1,0.197
sub-002,0,0.9617683,1,0.197
sub-002,0,0.99188703,1,0.197
sub-002,0,0.0076893824,0,0.197
sub-002,0,0.00773503,0,0.197
sub-002,0,0.09184878,0,0.197
sub-002,0,0.08785198,0,0.197
sub-002,0,0.08987617,0,0.197
sub-002,0,0.08785198,0,0.197
sub-002,0,0.093105085,0,0.197
sub-002,0,0.071226664,0,0.197
sub-002,0,0.071226664,0,0.197
sub-002,0,0.0680133,0,0.197
sub-002,0,0.071226664,0,0.197
sub-002,0,0.071226664,0,0.197
sub-002,0,0.02568297,0,0.197
sub-002,0,0.02568297,0,0.197
sub-002,0,0.09184878,0,0.197
sub-002,0,0.98314583,1,0.197
sub-002,0,0.07460852,0,0.197
sub-002,0,0.045883648,0,0.197
sub-002,0,0.071226664,0,0.197
sub-002,0,0.071226664,0,0.197
sub-002,0,0.09184878,0,0.197
sub-002,0,0.08785198,0,0.197
sub-002,0,0.071226664,0,0.197
sub-002,0,0.071226664,0,0.197
sub-002,0,0.09184878,0,0.197
sub-002,0,0.056589015,0,0.197
sub-002,0,0.071226664,0,0.197
sub-002,0,0.09184878,0,0.197
sub-002,0,0.071226664,0,0.197
sub-002,0,0.08785198,0,0.197
sub-002,0,0.08987617,0,0.197
sub-002,0,0.010377305,0,0.197
sub-002,0,0.010403635,0,0.197
sub-002,0,0.013082046,0,0.197
sub-002,0,0.110977896,0,0.197
sub-002,0,0.110977896,0,0.197
sub-002,0,0.110977896,0,0.197
sub-002,0,0.110977896,0,0.197
sub-002,0,0.110977896,0,0.197
sub-002,0,0.110977896,0,0.197
sub-002,0,0.110977896,0,0.197
sub-002,0,0.110977896,0,0.197
sub-002,0,0.110977896,0,0.197
sub-002,0,0.110977896,0,0.197
sub-002,0,0.110977896,0,0.197
sub-002,0,0.110977896,0,0.197
sub-002,0,0.10853514,0,0.197
sub-002,0,0.10853514,0,0.197
sub-002,0,0.110977896,0,0.197
sub-002,0,0.10853514,0,0.197
sub-002,0,0.10853514,0,0.197
sub-002,0,0.10853514,0,0.197
sub-002,0,0.09248989,0,0.197
sub-002,0,0.113355964,0,0.197
sub-002,0,0.045924835,0,0.197
sub-002,0,0.010852328,0,0.197
sub-002,0,0.007969244,0,0.197
sub-002,0,0.011737568,0,0.197
sub-002,0,0.011737568,0,0.197
sub-002,0,0.013575418,0,0.197
sub-002,0,0.013575418,0,0.197
sub-002,0,0.007969244,0,0.197
sub-002,0,0.007969244,0,0.197
sub-002,0,0.007969244,0,0.197
sub-002,0,0.007969244,0,0.197
sub-002,0,0.0086071985,0,0.197
sub-002,0,0.015668582,0,0.197
sub-002,0,0.08837492,0,0.197
sub-002,0,0.032247007,0,0.197
sub-002,0,0.017921213,0,0.197
sub-002,0,0.026487542,0,0.197
sub-002,0,0.021435196,0,0.197
sub-002,0,0.021435196,0,0.197
sub-002,0,0.015668582,0,0.197
sub-002,0,0.017921213,0,0.197
sub-002,0,0.011737568,0,0.197
sub-002,0,0.026487542,0,0.197
sub-002,0,0.032247007,0,0.197
sub-002,0,0.032247007,0,0.197
sub-002,0,0.05730689,0,0.197
sub-002,0,0.032247007,0,0.197
sub-002,0,0.032247007,0,0.197
sub-002,0,0.0704806,0,0.197
sub-002,0,0.0704806,0,0.197
sub-002,0,0.08445828,0,0.197
sub-002,0,0.113355964,0,0.197
sub-002,0,0.05730689,0,0.197
sub-002,0,0.08445828,0,0.197
sub-002,0,0.113355964,0,0.197
sub-002,0,0.08837492,0,0.197
sub-002,0,0.113355964,0,0.197
sub-002,0,0.10853514,0,0.197
sub-002,0,0.113355964,0,0.197
sub-002,0,0.113355964,0,0.197
sub-002,0,0.09248989,0,0.197
sub-002,0,0.10853514,0,0.197
sub-002,0,0.10853514,0,0.197
sub-002,0,0.10853514,0,0.197
sub-002,0,0.110977896,0,0.197
sub-002,0,0.110977896,0,0.197
sub-002,0,0.110977896,0,0.197
sub-002,0,0.08837492,0,0.197
sub-002,0,0.08445828,0,0.197
sub-002,0,0.10853514,0,0.197
sub-002,0,0.07713338,0,0.197
sub-002,0,0.08068569,0,0.197
sub-002,0,0.09248989,0,0.197
sub-002,0,0.07713338,0,0.197
sub-002,0,0.10853514,0,0.197
sub-002,0,0.11486924,0,0.197
sub-002,0,0.113355964,0,0.197
sub-002,0,0.08180304,0,0.197
sub-002,0,0.10853514,0,0.197
sub-002,0,0.16105595,0,0.197
sub-002,0,0.110977896,0,0.197
sub-002,0,0.10853514,0,0.197
sub-002,0,0.08180304,0,0.197
sub-002,0,0.10853514,0,0.197
sub-002,0,0.110977896,0,0.197
sub-002,0,0.110977896,0,0.197
sub-002,0,0.10853514,0,0.197
sub-002,0,0.08837492,0,0.197
sub-002,0,0.08837492,0,0.197
sub-002,0,0.10853514,0,0.197
sub-002,0,0.113355964,0,0.197
sub-002,0,0.09248989,0,0.197
sub-002,0,0.110977896,0,0.197
sub-002,0,0.110977896,0,0.197
sub-002,0,0.110977896,0,0.197
sub-002,0,0.091016546,0,0.197
sub-002,0,0.110977896,0,0.197
sub-002,0,0.110977896,0,0.197
sub-002,0,0.110977896,0,0.197
sub-002,0,0.16105595,0,0.197
sub-002,0,0.013082046,0,0.197
sub-002,1,0.0016203853,0,0.197
sub-002,1,0.004782761,0,0.197
sub-002,1,0.0061234604,0,0.197
sub-002,1,0.0061234604,0,0.197
sub-002,1,0.009092291,0,0.197
sub-002,1,0.010377305,0,0.197
sub-002,0,0.08987617,0,0.197
sub-002,0,0.08987617,0,0.197
sub-002,0,0.08987617,0,0.197
sub-002,0,0.08987617,0,0.197
sub-002,0,0.08785198,0,0.197
sub-002,0,0.08785198,0,0.197
sub-002,0,0.08785198,0,0.197
sub-002,0,0.071226664,0,0.197
sub-002,0,0.09184878,0,0.197
sub-002,0,0.0024842469,0,0.197
sub-002,0,0.0060174325,0,0.197
sub-002,0,0.010787534,0,0.197
sub-002,0,0.010787534,0,0.197
sub-002,0,0.010787534,0,0.197
sub-002,0,0.010787534,0,0.197
sub-002,0,0.042700164,0,0.197
sub-002,0,0.042700164,0,0.197
sub-002,0,0.042700164,0,0.197
sub-002,0,0.042700164,0,0.197
sub-002,0,0.03821031,0,0.197
sub-002,0,0.010724068,0,0.197
sub-002,0,0.010787534,0,0.197
sub-002,0,0.010787534,0,0.197
sub-002,0,0.009452206,0,0.197
sub-002,0,0.009452206,0,0.197
sub-002,0,0.013082046,0,0.197
sub-002,0,0.013082046,0,0.197
sub-002,0,0.08987617,0,0.197
sub-002,0,0.08987617,0,0.197
sub-002,0,0.08987617,0,0.197
sub-002,0,0.09184878,0,0.197
sub-002,0,0.093105085,0,0.197
sub-002,0,0.015246738,0,0.197
sub-002,0,0.00687089,0,0.197
sub-002,0,0.110977896,0,0.197
sub-002,0,0.110977896,0,0.197
sub-002,0,0.110977896,0,0.197
sub-002,0,0.110977896,0,0.197
sub-002,0,0.10853514,0,0.197
sub-002,0,0.10853514,0,0.197
sub-002,0,0.110977896,0,0.197
sub-002,0,0.10853514,0,0.197
sub-002,0,0.10853514,0,0.197
sub-002,0,0.110977896,0,0.197
sub-002,0,0.110977896,0,0.197
sub-002,0,0.110977896,0,0.197
sub-002,0,0.10853514,0,0.197
sub-002,0,0.10853514,0,0.197
sub-002,0,0.10853514,0,0.197
sub-002,0,0.110977896,0,0.197
sub-002,0,0.110977896,0,0.197
sub-002,0,0.08837492,0,0.197
sub-002,0,0.110977896,0,0.197
sub-002,0,0.110977896,0,0.197
sub-002,0,0.110977896,0,0.197
sub-002,0,0.110977896,0,0.197
sub-002,0,0.110977896,0,0.197
sub-002,0,0.05730689,0,0.197
sub-002,0,0.017921213,0,0.197
sub-002,0,0.10853514,0,0.197
sub-002,0,0.110977896,0,0.197
sub-002,0,0.110977896,0,0.197
sub-002,0,0.110977896,0,0.197
sub-002,0,0.110977896,0,0.197
sub-002,0,0.110977896,0,0.197
sub-002,0,0.110977896,0,0.197
sub-002,0,0.77628094,1,0.197
sub-002,0,0.77628094,1,0.197
sub-002,0,0.77628094,1,0.197
sub-002,0,0.1368898,0,0.197
sub-002,0,0.08068569,0,0.197
sub-002,0,0.07893197,0,0.197
sub-002,0,0.07893197,0,0.197
sub-002,0,0.07893197,0,0.197
sub-002,0,0.110977896,0,0.197
sub-002,0,0.110977896,0,0.197
sub-002,0,0.110977896,0,0.197
sub-002,0,0.110977896,0,0.197
sub-002,0,0.10853514,0,0.197
sub-002,0,0.032247007,0,0.197
sub-002,0,0.05730689,0,0.197
sub-002,0,0.032247007,0,0.197
sub-002,0,0.10853514,0,0.197
sub-002,0,0.110977896,0,0.197
sub-002,0,0.113355964,0,0.197
sub-002,0,0.017921213,0,0.197
sub-002,0,0.015668582,0,0.197
sub-002,0,0.10853514,0,0.197
sub-002,0,0.10853514,0,0.197
sub-002,0,0.007969244,0,0.197
sub-002,0,0.0704806,0,0.197
sub-002,0,0.10853514,0,0.197
sub-002,0,0.9885866,1,0.197
sub-002,0,0.110977896,0,0.197
sub-002,0,0.027970586,0,0.197
sub-002,0,0.09503969,0,0.197
sub-002,0,0.09479967,0,0.197
sub-002,0,0.08837492,0,0.197
sub-002,0,0.6678127,1,0.197
sub-002,0,0.013575418,0,0.197
sub-002,0,0.015668582,0,0.197
sub-002,0,0.017921213,0,0.197
sub-002,0,0.032247007,0,0.197
sub-002,0,0.017921213,0,0.197
sub-002,0,0.011737568,0,0.197
sub-002,0,0.032247007,0,0.197
sub-002,0,0.015668582,0,0.197
sub-002,0,0.007969244,0,0.197
sub-002,0,0.015668582,0,0.197
sub-002,0,0.080844745,0,0.197
sub-002,0,0.08938945,0,0.197
sub-002,0,0.08987617,0,0.197
sub-002,0,0.12785478,0,0.197
sub-002,0,0.7623177,1,0.197
sub-002,0,0.7329744,1,0.197
sub-002,0,0.7329744,1,0.197
sub-002,0,0.7003148,1,0.197
sub-002,0,0.7003148,1,0.197
sub-002,0,0.06040318,0,0.197
sub-002,0,0.08032659,0,0.197
sub-002,0,0.07670701,0,0.197
sub-002,0,0.017921213,0,0.197
sub-002,0,0.02568297,0,0.197
sub-002,0,0.015668582,0,0.197
sub-002,0,0.036682144,0,0.197
sub-002,0,0.015668582,0,0.197
sub-002,0,0.07460852,0,0.197
sub-002,0,0.08987617,0,0.197
sub-002,0,0.08785198,0,0.197
sub-002,0,0.02568297,0,0.197
sub-002,0,0.059067603,0,0.197
sub-002,0,0.09184878,0,0.197
sub-002,0,0.08785198,0,0.197
sub-002,0,0.08785198,0,0.197
sub-002,0,0.062018033,0,0.197
sub-002,0,0.08785198,0,0.197
sub-002,0,0.10288419,0,0.197
sub-002,0,0.013505549,0,0.197
sub-002,0,0.017921213,0,0.197
sub-002,0,0.056589015,0,0.197
sub-002,0,0.045883648,0,0.197
sub-002,0,0.08785198,0,0.197
sub-002,0,0.08785198,0,0.197
sub-002,0,0.08987617,0,0.197
sub-002,0,0.06348842,0,0.197
sub-002,0,0.0649232,0,0.197
sub-002,0,0.06348842,0,0.197
sub-002,0,0.06348842,0,0.197
sub-002,0,0.0649232,0,0.197
sub-002,0,0.047140196,0,0.197
sub-002,0,0.059067603,0,0.197
sub-002,0,0.062018033,0,0.197
sub-002,0,0.062018033,0,0.197
sub-002,0,0.048373736,0,0.197
sub-002,0,0.01250911,0,0.197
sub-002,0,0.01250911,0,0.197
sub-002,0,0.01250911,0,0.197
sub-002,0,0.01250911,0,0.197
sub-002,0,0.0178573,0,0.197
sub-002,0,0.025274152,0,0.197
sub-002,0,0.00794054,0,0.197
sub-002,0,0.00794054,0,0.197
sub-002,0,0.013505549,0,0.197
sub-002,0,0.01250911,0,0.197
sub-002,0,0.00794054,0,0.197
sub-002,0,0.00794054,0,0.197
sub-002,0,0.013600024,0,0.197
sub-002,0,0.011737568,0,0.197
sub-002,0,0.007969244,0,0.197
sub-002,0,0.007969244,0,0.197
sub-002,0,0.007969244,0,0.197
sub-002,0,0.0086071985,0,0.197
sub-002,0,0.007969244,0,0.197
sub-002,0,0.007969244,0,0.197
sub-002,0,0.011737568,0,0.197
sub-002,0,0.007969244,0,0.197
sub-002,0,0.007969244,0,0.197
sub-002,0,0.007969244,0,0.197
sub-002,1,0.08987617,0,0.197
sub-002,1,0.0061234604,0,0.197
sub-002,1,0.0061234604,0,0.197
sub-002,1,0.004781946,0,0.197
sub-002,1,0.009092291,0,0.197
sub-002,0,0.010377305,0,0.197
sub-002,0,0.08987617,0,0.197
sub-002,0,0.08987617,0,0.197
sub-002,0,0.08987617,0,0.197
sub-002,0,0.08987617,0,0.197
sub-002,0,0.08987617,0,0.197
sub-002,0,0.08987617,0,0.197
sub-002,0,0.08987617,0,0.197
sub-002,0,0.08987617,0,0.197
sub-002,0,0.08987617,0,0.197
sub-002,0,0.08987617,0,0.197
sub-002,0,0.07339698,0,0.197
sub-002,0,0.07339698,0,0.197
sub-002,0,0.06348842,0,0.197
sub-002,0,0.08987617,0,0.197
sub-002,0,0.08987617,0,0.197
sub-002,0,0.08987617,0,0.197
sub-002,0,0.08785198,0,0.197
sub-002,0,0.08987617,0,0.197
sub-002,1,0.08987617,0,0.197
sub-002,1,0.08987617,0,0.197
sub-002,1,0.0061234604,0,0.197
sub-002,1,0.006950559,0,0.197
sub-002,1,0.0061234604,0,0.197
sub-002,1,0.079538055,0,0.197
sub-002,1,0.08987617,0,0.197
sub-002,0,0.010377305,0,0.197
sub-002,0,0.013082046,0,0.197
sub-002,0,0.08987617,0,0.197
sub-002,0,0.08987617,0,0.197
sub-002,0,0.08987617,0,0.197
sub-002,0,0.08987617,0,0.197
sub-002,0,0.08987617,0,0.197
sub-002,0,0.08987617,0,0.197
sub-002,0,0.08987617,0,0.197
sub-002,0,0.9756173,1,0.197
sub-002,0,0.9856156,1,0.197
sub-002,0,0.9856156,1,0.197
sub-002,0,0.08987617,0,0.197
sub-002,0,0.08987617,0,0.197
sub-002,0,0.093105085,0,0.197
sub-002,0,0.08987617,0,0.197
sub-002,0,0.08987617,0,0.197
sub-002,0,0.08987617,0,0.197
sub-002,0,0.08987617,0,0.197
sub-002,0,0.08987617,0,0.197
sub-002,0,0.08987617,0,0.197
sub-002,0,0.08987617,0,0.197
sub-002,0,0.08987617,0,0.197
sub-002,0,0.08987617,0,0.197
sub-002,0,0.08987617,0,0.197
sub-002,0,0.08987617,0,0.197
sub-002,0,0.15452185,0,0.197
sub-002,0,0.9941246,1,0.197
sub-002,0,0.99632865,1,0.197
sub-002,0,0.9856156,1,0.197
sub-002,0,0.08987617,0,0.197
sub-002,0,0.08785198,0,0.197
sub-002,0,0.08785198,0,0.197
sub-002,0,0.093105085,0,0.197
sub-002,0,0.08987617,0,0.197
sub-002,0,0.08987617,0,0.197
sub-002,0,0.08987617,0,0.197
sub-002,0,0.08987617,0,0.197
sub-002,0,0.08987617,0,0.197
sub-002,0,0.08987617,0,0.197
sub-002,0,0.08987617,0,0.197
sub-002,0,0.08987617,0,0.197
sub-002,0,0.07460852,0,0.197
sub-002,0,0.09184878,0,0.197
sub-002,0,0.08987617,0,0.197
sub-002,0,0.08987617,0,0.197
sub-002,0,0.08987617,0,0.197
sub-002,0,0.08987617,0,0.197
sub-002,0,0.08987617,0,0.197
sub-002,0,0.08785198,0,0.197
sub-002,0,0.08987617,0,0.197
sub-002,0,0.08987617,0,0.197
sub-002,0,0.036682144,0,0.197
sub-002,0,0.026487542,0,0.197
sub-002,0,0.071226664,0,0.197
sub-002,0,0.08785198,0,0.197
sub-002,0,0.09184878,0,0.197
sub-002,0,0.09184878,0,0.197
sub-002,0,0.08987617,0,0.197
sub-002,0,0.08987617,0,0.197
sub-002,0,0.08987617,0,0.197
sub-002,0,0.08987617,0,0.197
sub-002,0,0.093105085,0,0.197
sub-002,0,0.071226664,0,0.197
sub-002,0,0.08987617,0,0.197
sub-002,0,0.08987617,0,0.197
sub-002,0,0.08987617,0,0.197
sub-002,0,0.08987617,0,0.197
sub-002,0,0.08987617,0,0.197
sub-002,0,0.08987617,0,0.197
sub-002,0,0.08987617,0,0.197
sub-002,0,0.08987617,0,0.197
sub-002,0,0.08987617,0,0.197
sub-002,0,0.071226664,0,0.197
sub-002,0,0.08987617,0,0.197
sub-002,0,0.08987617,0,0.197
sub-002,0,0.017921213,0,0.197
sub-002,0,0.071226664,0,0.197
sub-002,0,0.09184878,0,0.197
sub-002,0,0.07460852,0,0.197
sub-002,0,0.0680133,0,0.197
sub-002,0,0.08785198,0,0.197
sub-002,0,0.08785198,0,0.197
sub-002,0,0.09184878,0,0.197
sub-002,0,0.08785198,0,0.197
sub-002,0,0.08785198,0,0.197
sub-002,0,0.08785198,0,0.197
sub-002,0,0.08785198,0,0.197
sub-002,0,0.08785198,0,0.197
sub-002,0,0.08987617,0,0.197
sub-002,0,0.08987617,0,0.197
sub-002,0,0.08785198,0,0.197
sub-002,0,0.08987617,0,0.197
sub-002,0,0.08987617,0,0.197
sub-002,0,0.08987617,0,0.197
sub-002,0,0.08987617,0,0.197
sub-002,0,0.08987617,0,0.197
sub-002,0,0.08987617,0,0.197
sub-002,0,0.08987617,0,0.197
sub-002,0,0.08987617,0,0.197
sub-002,0,0.08987617,0,0.197
sub-002,0,0.08987617,0,0.197
sub-002,0,0.08987617,0,0.197
sub-002,0,0.08938945,0,0.197
sub-002,0,0.110977896,0,0.197
sub-002,0,0.110977896,0,0.197
sub-002,0,0.110977896,0,0.197
sub-002,0,0.110977896,0,0.197
sub-002,0,0.08987617,0,0.197
sub-002,0,0.08987617,0,0.197
sub-002,0,0.08987617,0,0.197
sub-002,0,0.08987617,0,0.197
sub-002,0,0.08987617,0,0.197
sub-002,0,0.08938945,0,0.197
sub-002,0,0.08938945,0,0.197
sub-002,0,0.08987617,0,0.197
sub-002,0,0.08987617,0,0.197
sub-002,0,0.08987617,0,0.197
sub-002,0,0.08987617,0,0.197
sub-002,0,0.08987617,0,0.197
sub-002,0,0.08987617,0,0.197
sub-002,0,0.08987617,0,0.197
sub-002,0,0.08987617,0,0.197
sub-002,0,0.08987617,0,0.197
sub-002,0,0.08987617,0,0.197
sub-002,0,0.08987617,0,0.197
sub-002,0,0.08987617,0,0.197
sub-002,0,0.08987617,0,0.197
sub-002,0,0.08987617,0,0.197
sub-002,0,0.08987617,0,0.197
sub-002,0,0.08987617,0,0.197
sub-002,0,0.08987617,0,0.197
sub-002,0,0.08987617,0,0.197
sub-002,0,0.08987617,0,0.197
sub-002,0,0.08987617,0,0.197
sub-002,0,0.08987617,0,0.197
sub-002,0,0.093105085,0,0.197
sub-002,0,0.08987617,0,0.197
sub-002,0,0.9584781,1,0.197
sub-002,0,0.94121903,1,0.197
sub-002,0,0.9737003,1,0.197
sub-002,0,0.9856156,1,0.197
sub-002,0,0.9980129,1,0.197
sub-002,0,0.9946061,1,0.197
sub-002,0,0.479563,1,0.197
sub-002,0,0.12297672,0,0.197
sub-002,0,0.12297672,0,0.197
sub-002,0,0.017760513,0,0.197
sub-002,0,0.25211015,1,0.197
sub-002,0,0.25211015,1,0.197
sub-002,1,0.015679354,0,0.197
sub-002,1,0.5637784,1,0.197
sub-002,1,0.0187856,0,0.197
sub-002,1,0.43426076,1,0.197
sub-002,1,0.43426076,1,0.197
sub-002,1,0.99800104,1,0.197
sub-002,1,0.5948467,1,0.197
sub-002,0,0.5948467,1,0.197
sub-002,0,0.9283299,1,0.197
sub-002,0,0.9287257,1,0.197
sub-002,0,0.9287257,1,0.197
sub-002,0,0.039737057,0,0.197
sub-002,0,0.039737057,0,0.197
sub-002,0,0.039737057,0,0.197
sub-002,0,0.010015778,0,0.197
sub-002,0,0.038430125,0,0.197
sub-002,0,0.042700164,0,0.197
sub-002,0,0.042700164,0,0.197
sub-002,0,0.010787534,0,0.197
sub-002,0,0.010787534,0,0.197
sub-002,0,0.010787534,0,0.197
sub-002,0,0.010403635,0,0.197
sub-002,0,0.013005259,0,0.197
sub-002,0,0.093105085,0,0.197
sub-002,0,0.08785198,0,0.197
sub-002,0,0.08987617,0,0.197
sub-002,0,0.08987617,0,0.197
sub-002,0,0.08987617,0,0.197
sub-002,0,0.08987617,0,0.197
sub-002,0,0.08987617,0,0.197
sub-002,0,0.08987617,0,0.197
sub-002,0,0.08987617,0,0.197
sub-002,0,0.08785198,0,0.197
sub-002,0,0.08785198,0,0.197
sub-002,0,0.08785198,0,0.197
sub-002,0,0.08987617,0,0.197
sub-002,0,0.08987617,0,0.197
sub-002,0,0.08785198,0,0.197
sub-002,0,0.10853514,0,0.197
sub-002,0,0.10853514,0,0.197
sub-002,0,0.10853514,0,0.197
sub-002,0,0.10853514,0,0.197
sub-002,0,0.10853514,0,0.197
sub-002,0,0.10853514,0,0.197
sub-002,0,0.110977896,0,0.197
sub-002,0,0.10853514,0,0.197
sub-002,0,0.10853514,0,0.197
sub-002,0,0.08987617,0,0.197
sub-002,0,0.090085864,0,0.197
sub-002,0,0.011939546,0,0.197
sub-002,0,0.013214587,0,0.197
sub-002,0,0.005553326,0,0.197
sub-002,0,0.005553326,0,0.197
sub-002,0,0.005553326,0,0.197
sub-002,0,0.005553326,0,0.197
sub-002,0,0.005553326,0,0.197
sub-002,0,0.00500416,0,0.197
sub-002,0,0.0063173873,0,0.197
sub-002,0,0.110977896,0,0.197
sub-002,0,0.110977896,0,0.197
sub-002,0,0.110977896,0,0.197
sub-002,0,0.110977896,0,0.197
sub-002,0,0.110977896,0,0.197
sub-002,0,0.110977896,0,0.197
sub-002,0,0.110977896,0,0.197
sub-002,0,0.110977896,0,0.197
sub-002,0,0.110977896,0,0.197
sub-002,0,0.110977896,0,0.197
sub-002,0,0.110977896,0,0.197
sub-002,0,0.110977896,0,0.197
sub-002,0,0.050161675,0,0.197
sub-002,0,0.113355964,0,0.197
sub-002,0,0.10853514,0,0.197
sub-002,0,0.110977896,0,0.197
sub-002,0,0.18389006,0,0.197
sub-002,0,0.18389006,0,0.197
sub-002,0,0.9984274,1,0.197
sub-002,0,0.9984274,1,0.197
sub-002,0,0.9980878,1,0.197
sub-002,0,0.9984274,1,0.197
sub-002,0,0.99815327,1,0.197
sub-002,0,0.9984274,1,0.197
sub-002,0,0.9984274,1,0.197
sub-002,0,0.9984274,1,0.197
sub-002,0,0.9984274,1,0.197
sub-002,0,0.9974801,1,0.197
sub-002,0,0.10853514,0,0.197
sub-002,0,0.110977896,0,0.197
sub-002,0,0.110977896,0,0.197
sub-002,0,0.10853514,0,0.197
sub-002,0,0.10853514,0,0.197
sub-002,0,0.10853514,0,0.197
sub-002,0,0.10853514,0,0.197
sub-002,0,0.09248989,0,0.197
sub-002,0,0.08837492,0,0.197
sub-002,0,0.0704806,0,0.197
sub-002,0,0.09248989,0,0.197
sub-002,0,0.11486924,0,0.197
sub-002,0,0.09248989,0,0.197
sub-002,0,0.08837492,0,0.197
sub-002,0,0.05730689,0,0.197
sub-002,0,0.0086071985,0,0.197
sub-002,0,0.013575418,0,0.197
sub-002,0,0.015668582,0,0.197
sub-002,0,0.015668582,0,0.197
sub-002,0,0.08445828,0,0.197
sub-002,0,0.017921213,0,0.197
sub-002,0,0.007969244,0,0.197
sub-002,0,0.0086071985,0,0.197
sub-002,0,0.011737568,0,0.197
sub-002,0,0.007969244,0,0.197
sub-002,0,0.007969244,0,0.197
sub-002,0,0.0027268403,0,0.197
sub-002,0,0.032816708,0,0.197
sub-002,0,0.10853514,0,0.197
sub-002,0,0.09248989,0,0.197
sub-002,0,0.110977896,0,0.197
sub-002,0,0.110977896,0,0.197
sub-002,0,0.05730689,0,0.197
sub-002,0,0.007969244,0,0.197
sub-002,0,0.010852328,0,0.197
sub-002,0,0.10853514,0,0.197
sub-002,0,0.110977896,0,0.197
sub-002,0,0.10853514,0,0.197
sub-002,0,0.10853514,0,0.197
sub-002,0,0.05730689,0,0.197
sub-002,0,0.094483696,0,0.197
sub-002,0,0.10853514,0,0.197
sub-002,0,0.110977896,0,0.197
sub-002,0,0.110390775,0,0.197
sub-002,0,0.013005259,0,0.197
sub-002,0,0.013005259,0,0.197
sub-002,0,0.013082046,0,0.197
sub-002,0,0.008770072,0,0.197
sub-002,0,0.008770072,0,0.197
sub-002,0,0.110977896,0,0.197
sub-002,0,0.110977896,0,0.197
sub-002,0,0.08837492,0,0.197
sub-002,0,0.113355964,0,0.197
sub-002,0,0.10795936,0,0.197
sub-002,0,0.110390775,0,0.197
sub-002,0,0.110977896,0,0.197
sub-002,0,0.110977896,0,0.197
sub-002,0,0.10853514,0,0.197
sub-002,0,0.026487542,0,0.197
sub-002,0,0.0086071985,0,0.197
sub-002,0,0.007969244,0,0.197
sub-002,0,0.007969244,0,0.197
sub-002,0,0.10795936,0,0.197
sub-002,0,0.10795936,0,0.197
sub-002,0,0.007969244,0,0.197
sub-002,0,0.007969244,0,0.197
sub-002,0,0.007969244,0,0.197
sub-002,0,0.011737568,0,0.197
sub-002,0,0.007969244,0,0.197
sub-002,0,0.011737568,0,0.197
sub-002,0,0.036089938,0,0.197
sub-002,0,0.007969244,0,0.197
sub-002,0,0.007969244,0,0.197
sub-002,0,0.113355964,0,0.197
sub-002,0,0.113355964,0,0.197
sub-002,0,0.007969244,0,0.197
sub-002,0,0.007969244,0,0.197
sub-002,0,0.0086071985,0,0.197
sub-002,0,0.007969244,0,0.197
sub-002,0,0.007969244,0,0.197
sub-002,0,0.094483696,0,0.197
sub-002,0,0.032247007,0,0.197
sub-002,0,0.007969244,0,0.197
sub-002,0,0.015668582,0,0.197
sub-002,0,0.011737568,0,0.197
sub-002,0,0.01858621,0,0.197
sub-002,0,0.02782601,0,0.197
sub-002,0,0.007969244,0,0.197
sub-002,0,0.007969244,0,0.197
sub-002,0,0.007969244,0,0.197
sub-002,0,0.007969244,0,0.197
sub-002,0,0.0086071985,0,0.197
sub-002,0,0.010852328,0,0.197
sub-002,0,0.0086071985,0,0.197
sub-002,0,0.011737568,0,0.197
sub-002,0,0.0086071985,0,0.197
sub-002,0,0.007969244,0,0.197
sub-002,0,0.14918755,0,0.197
sub-002,0,0.99783903,1,0.197
sub-002,0,0.9984274,1,0.197
sub-002,0,0.9885866,1,0.197
sub-002,0,0.902968,1,0.197
sub-002,0,0.93181163,1,0.197
sub-002,0,0.9869419,1,0.197
sub-002,0,0.2781017,1,0.197
sub-002,0,0.20249227,1,0.197
sub-002,0,0.20249227,1,0.197
sub-002,0,0.9984274,1,0.197
sub-002,0,0.9984274,1,0.197
sub-002,0,0.9980878,1,0.197
sub-002,0,0.9885866,1,0.197
sub-002,0,0.98661983,1,0.197
sub-002,0,0.9885866,1,0.197
sub-002,0,0.9980878,1,0.197
sub-002,0,0.9984274,1,0.197
sub-002,0,0.9984274,1,0.197
sub-002,0,0.9984274,1,0.197
sub-002,0,0.9984274,1,0.197
sub-002,0,0.9984274,1,0.197
sub-002,0,0.9885866,1,0.197
sub-002,0,0.99815327,1,0.197
sub-002,0,0.10853514,0,0.197
sub-002,0,0.99815327,1,0.197
sub-002,0,0.9869419,1,0.197
sub-002,0,0.99775475,1,0.197
sub-002,0,0.9984274,1,0.197
sub-002,0,0.998418,1,0.197
sub-002,0,0.998418,1,0.197
sub-002,0,0.998418,1,0.197
sub-002,0,0.998418,1,0.197
sub-002,0,0.998418,1,0.197
sub-002,0,0.998418,1,0.197
sub-002,0,0.998418,1,0.197
sub-002,0,0.998418,1,0.197
sub-002,0,0.998418,1,0.197
sub-002,0,0.9972007,1,0.197
sub-002,0,0.998418,1,0.197
sub-002,0,0.99746513,1,0.197
sub-002,0,0.18676415,0,0.197
sub-002,0,0.18676415,0,0.197
sub-002,0,0.18767177,0,0.197
sub-002,0,0.18676415,0,0.197
sub-002,0,0.18676415,0,0.197
sub-002,0,0.110390775,0,0.197
sub-002,0,0.110390775,0,0.197
sub-002,0,0.110390775,0,0.197
sub-002,0,0.110390775,0,0.197
sub-002,0,0.110977896,0,0.197
sub-002,0,0.110977896,0,0.197
sub-002,0,0.110977896,0,0.197
sub-002,0,0.10853514,0,0.197
sub-002,0,0.110977896,0,0.197
sub-002,0,0.110977896,0,0.197
sub-002,0,0.110977896,0,0.197
sub-002,0,0.110977896,0,0.197
sub-002,0,0.110977896,0,0.197
sub-002,0,0.110977896,0,0.197
sub-002,0,0.110977896,0,0.197
sub-002,0,0.110977896,0,0.197
sub-002,0,0.110977896,0,0.197
sub-002,0,0.110977896,0,0.197
sub-002,0,0.110977896,0,0.197
sub-002,0,0.110977896,0,0.197
sub-002,0,0.110977896,0,0.197
sub-002,0,0.11486924,0,0.197
sub-002,0,0.10853514,0,0.197
sub-002,0,0.110977896,0,0.197
sub-002,0,0.110977896,0,0.197
sub-002,0,0.110977896,0,0.197
sub-002,0,0.110977896,0,0.197
sub-002,0,0.10853514,0,0.197
sub-002,0,0.08837492,0,0.197
sub-002,0,0.10853514,0,0.197
sub-002,0,0.110977896,0,0.197
sub-002,0,0.10853514,0,0.197
sub-002,0,0.05730689,0,0.197
sub-002,0,0.08837492,0,0.197
sub-002,0,0.113355964,0,0.197
sub-002,0,0.11486924,0,0.197
sub-002,0,0.10853514,0,0.197
sub-002,0,0.10853514,0,0.197
sub-002,0,0.113355964,0,0.197
sub-002,0,0.10853514,0,0.197
sub-002,0,0.110977896,0,0.197
sub-002,0,0.10853514,0,0.197
sub-002,0,0.10853514,0,0.197
sub-002,0,0.10853514,0,0.197
sub-002,0,0.113355964,0,0.197
sub-002,0,0.09248989,0,0.197
sub-002,0,0.08837492,0,0.197
sub-002,0,0.10853514,0,0.197
sub-002,0,0.110977896,0,0.197
sub-002,0,0.10853514,0,0.197
sub-002,0,0.08837492,0,0.197
sub-002,0,0.113355964,0,0.197
sub-002,0,0.10853514,0,0.197
sub-002,0,0.113355964,0,0.197
sub-002,0,0.08837492,0,0.197
sub-002,0,0.113355964,0,0.197
sub-002,0,0.113355964,0,0.197
sub-002,0,0.11770047,0,0.197
sub-002,0,0.10853514,0,0.197
sub-002,0,0.110977896,0,0.197
sub-002,0,0.110977896,0,0.197
sub-002,0,0.08837492,0,0.197
sub-002,0,0.08837492,0,0.197
sub-002,0,0.08445828,0,0.197
sub-002,0,0.08837492,0,0.197
sub-002,0,0.110977896,0,0.197
sub-002,0,0.110977896,0,0.197
sub-002,0,0.10853514,0,0.197
sub-002,0,0.10853514,0,0.197
sub-002,0,0.10853514,0,0.197
sub-002,0,0.10853514,0,0.197
sub-002,0,0.10853514,0,0.197
sub-002,0,0.110977896,0,0.197
sub-002,0,0.110977896,0,0.197
sub-002,0,0.110977896,0,0.197
sub-002,0,0.110977896,0,0.197
sub-002,0,0.10853514,0,0.197
sub-002,0,0.10853514,0,0.197
sub-002,0,0.110977896,0,0.197
sub-002,0,0.110977896,0,0.197
sub-002,0,0.10853514,0,0.197
sub-002,0,0.10853514,0,0.197
sub-002,0,0.110977896,0,0.197
sub-002,0,0.110977896,0,0.197
sub-002,0,0.110977896,0,0.197
sub-002,0,0.110977896,0,0.197
sub-002,0,0.110977896,0,0.197
sub-002,0,0.110977896,0,0.197
sub-002,0,0.110977896,0,0.197
sub-002,0,0.110977896,0,0.197
sub-002,0,0.110977896,0,0.197
sub-002,0,0.110977896,0,0.197
sub-002,0,0.110977896,0,0.197
sub-002,0,0.110977896,0,0.197
sub-002,0,0.110977896,0,0.197
sub-002,0,0.013082046,0,0.197
sub-002,0,0.011465986,0,0.197
sub-002,0,0.013082046,0,0.197
sub-002,0,0.100597546,0,0.197
sub-002,0,0.013082046,0,0.197
sub-002,0,0.013082046,0,0.197
sub-002,0,0.013082046,0,0.197
sub-002,0,0.013082046,0,0.197
sub-002,0,0.110977896,0,0.197
sub-002,0,0.110977896,0,0.197
sub-002,0,0.110977896,0,0.197
sub-002,0,0.100597546,0,0.197
sub-002,0,0.013082046,0,0.197
sub-002,0,0.013082046,0,0.197
sub-002,0,0.100597546,0,0.197
sub-002,0,0.011465986,0,0.197
sub-002,0,0.011465986,0,0.197
sub-002,0,0.010403635,0,0.197
sub-002,0,0.110977896,0,0.197
sub-002,0,0.110977896,0,0.197
sub-002,0,0.110977896,0,0.197
sub-002,0,0.10853514,0,0.197
sub-002,0,0.10853514,0,0.197
sub-002,0,0.110977896,0,0.197
sub-002,0,0.110977896,0,0.197
sub-002,0,0.10853514,0,0.197
sub-002,0,0.10853514,0,0.197
sub-002,0,0.110977896,0,0.197
sub-002,0,0.10853514,0,0.197
sub-002,0,0.110977896,0,0.197
sub-002,0,0.110977896,0,0.197
sub-002,0,0.10853514,0,0.197
sub-002,0,0.10853514,0,0.197
sub-002,0,0.113355964,0,0.197
sub-002,0,0.10853514,0,0.197
sub-002,0,0.110977896,0,0.197
sub-002,0,0.10853514,0,0.197
sub-002,0,0.10853514,0,0.197
sub-002,0,0.10853514,0,0.197
sub-002,0,0.113355964,0,0.197
sub-002,0,0.10853514,0,0.197
sub-002,0,0.10853514,0,0.197
sub-002,0,0.110977896,0,0.197
sub-002,0,0.110977896,0,0.197
sub-002,0,0.110977896,0,0.197
sub-002,0,0.10853514,0,0.197
sub-002,0,0.08837492,0,0.197
sub-002,0,0.113355964,0,0.197
sub-002,0,0.113355964,0,0.197
sub-002,0,0.032247007,0,0.197
sub-002,0,0.011737568,0,0.197
sub-002,0,0.032247007,0,0.197
sub-002,0,0.10853514,0,0.197
sub-002,0,0.10853514,0,0.197
sub-002,0,0.10853514,0,0.197
sub-002,0,0.10853514,0,0.197
sub-002,0,0.10853514,0,0.197
sub-002,0,0.110977896,0,0.197
sub-002,0,0.033006556,0,0.197
sub-002,0,0.09089491,0,0.197
sub-002,0,0.1913396,0,0.197
sub-002,0,0.1913396,0,0.197
sub-002,0,0.1913396,0,0.197
sub-002,0,0.98661983,1,0.197
sub-002,0,0.98661983,1,0.197
sub-002,0,0.98661983,1,0.197
sub-002,0,0.98661983,1,0.197
sub-002,0,0.9419543,1,0.197
sub-002,0,0.98052627,1,0.197
sub-002,0,0.98661983,1,0.197
sub-002,0,0.9695123,1,0.197
sub-002,0,0.9844147,1,0.197
sub-002,0,0.9984274,1,0.197
sub-002,0,0.9984274,1,0.197
sub-002,0,0.99824524,1,0.197
sub-002,0,0.59628344,1,0.197
sub-002,0,0.5637784,1,0.197
sub-002,0,0.5637784,1,0.197
sub-002,0,0.59628344,1,0.197
sub-002,0,0.59628344,1,0.197
sub-002,0,0.59628344,1,0.197
sub-002,0,0.5637784,1,0.197
sub-002,0,0.99824524,1,0.197
sub-002,0,0.9984274,1,0.197
sub-002,0,0.9984274,1,0.197
sub-002,0,0.99820316,1,0.197
sub-002,0,0.998418,1,0.197
sub-002,0,0.998418,1,0.197
sub-002,0,0.998418,1,0.197
sub-002,0,0.998418,1,0.197
sub-002,0,0.998418,1,0.197
sub-002,0,0.998418,1,0.197
sub-002,0,0.998418,1,0.197
sub-002,0,0.998418,1,0.197
sub-002,0,0.998418,1,0.197
sub-002,0,0.998418,1,0.197
sub-002,0,0.998418,1,0.197
sub-002,0,0.998418,1,0.197
sub-002,0,0.998418,1,0.197
sub-002,0,0.998418,1,0.197
sub-002,0,0.998418,1,0.197
sub-002,0,0.998418,1,0.197
sub-002,0,0.998418,1,0.197
sub-002,0,0.998418,1,0.197
sub-002,0,0.998418,1,0.197
sub-002,0,0.998418,1,0.197
sub-002,0,0.9984274,1,0.197
sub-002,0,0.9984274,1,0.197
sub-002,0,0.9984274,1,0.197
sub-002,0,0.5637784,1,0.197
sub-002,0,0.5637784,1,0.197
sub-002,0,0.5637784,1,0.197
sub-002,0,0.5637784,1,0.197
sub-002,0,0.53946954,1,0.197
sub-002,0,0.53946954,1,0.197
sub-002,0,0.9984274,1,0.197
sub-002,0,0.110977896,0,0.197
sub-002,0,0.110390775,0,0.197
sub-002,0,0.110977896,0,0.197
sub-002,0,0.10853514,0,0.197
sub-002,0,0.110977896,0,0.197
sub-002,0,0.110977896,0,0.197
sub-002,0,0.110977896,0,0.197
sub-002,0,0.110977896,0,0.197
sub-002,0,0.10853514,0,0.197
sub-002,0,0.10853514,0,0.197
sub-002,0,0.10853514,0,0.197
sub-002,0,0.110977896,0,0.197
sub-002,0,0.110977896,0,0.197
sub-002,0,0.110977896,0,0.197
sub-002,0,0.110977896,0,0.197
sub-002,0,0.110977896,0,0.197
sub-002,0,0.10853514,0,0.197
sub-002,0,0.110977896,0,0.197
sub-002,0,0.110977896,0,0.197
sub-002,0,0.10853514,0,0.197
sub-002,0,0.11486924,0,0.197
sub-002,0,0.05730689,0,0.197
sub-002,0,0.0704806,0,0.197
sub-002,0,0.05730689,0,0.197
sub-002,0,0.113355964,0,0.197
sub-002,0,0.10853514,0,0.197
sub-002,0,0.08445828,0,0.197
sub-002,0,0.045924835,0,0.197
sub-002,0,0.026487542,0,0.197
sub-002,0,0.05730689,0,0.197
sub-002,0,0.0704806,0,0.197
sub-002,0,0.05730689,0,0.197
sub-002,0,0.032247007,0,0.197
sub-002,0,0.015668582,0,0.197
sub-002,0,0.020375904,0,0.197
sub-002,0,0.10853514,0,0.197
sub-002,0,0.110977896,0,0.197
sub-002,0,0.18767177,0,0.197
sub-002,0,0.9984274,1,0.197
sub-002,0,0.9984274,1,0.197
sub-002,0,0.59628344,1,0.197
sub-002,0,0.5637784,1,0.197
sub-002,0,0.99824524,1,0.197
sub-002,0,0.110977896,0,0.197
sub-002,0,0.011465986,0,0.197
sub-002,0,0.013082046,0,0.197
sub-002,0,0.013082046,0,0.197
sub-002,0,0.010403635,0,0.197
sub-002,0,0.013005259,0,0.197
sub-002,0,0.013082046,0,0.197
sub-002,0,0.110977896,0,0.197
sub-002,0,0.110977896,0,0.197
sub-002,0,0.110977896,0,0.197
sub-002,0,0.110977896,0,0.197
sub-002,0,0.033006556,0,0.197
sub-002,0,0.033006556,0,0.197
sub-002,0,0.10853514,0,0.197
sub-002,0,0.110977896,0,0.197
sub-002,0,0.110977896,0,0.197
sub-002,0,0.110977896,0,0.197
sub-002,0,0.110977896,0,0.197
sub-002,0,0.10853514,0,0.197
sub-002,0,0.10853514,0,0.197
sub-002,0,0.10853514,0,0.197
sub-002,0,0.110977896,0,0.197
sub-002,0,0.110977896,0,0.197
sub-002,0,0.110977896,0,0.197
sub-002,0,0.110977896,0,0.197
sub-002,0,0.110977896,0,0.197
sub-002,0,0.110977896,0,0.197
sub-002,0,0.110977896,0,0.197
sub-002,0,0.110977896,0,0.197
sub-002,0,0.110977896,0,0.197
sub-002,0,0.033006556,0,0.197
sub-002,0,0.110977896,0,0.197
sub-002,0,0.110977896,0,0.197
sub-002,0,0.013005259,0,0.197
sub-002,0,0.010403635,0,0.197
sub-002,0,0.011465986,0,0.197
sub-002,0,0.013005259,0,0.197
sub-002,0,0.013005259,0,0.197
sub-002,0,0.009532957,0,0.197
sub-002,0,0.009532957,0,0.197
sub-002,0,0.055896312,0,0.197
sub-002,0,0.9229413,1,0.197
sub-002,0,0.9300879,1,0.197
sub-002,0,0.91886854,1,0.197
sub-002,0,0.91886854,1,0.197
sub-002,0,0.8824817,1,0.197
sub-002,0,0.9300879,1,0.197
sub-002,0,0.9300879,1,0.197
sub-002,0,0.9300879,1,0.197
sub-002,0,0.77628094,1,0.197
sub-002,0,0.74709046,1,0.197
sub-002,0,0.9162328,1,0.197
sub-002,0,0.9300879,1,0.197
sub-002,0,0.77628094,1,0.197
sub-002,0,0.77628094,1,0.197
sub-002,0,0.91886854,1,0.197
sub-002,0,0.13973586,0,0.197
sub-002,0,0.08068569,0,0.197
sub-002,0,0.099431165,0,0.197
sub-002,0,0.09503969,0,0.197
sub-002,0,0.07352021,0,0.197
sub-002,0,0.05885697,0,0.197
sub-002,0,0.08180304,0,0.197
sub-002,0,0.16105595,0,0.197
sub-002,0,0.15770645,0,0.197
sub-002,0,0.019611517,0,0.197
sub-002,0,0.015668582,0,0.197
sub-002,0,0.113355964,0,0.197
sub-002,0,0.10853514,0,0.197
sub-002,0,0.10853514,0,0.197
sub-002,0,0.113355964,0,0.197
sub-002,0,0.011737568,0,0.197
sub-002,0,0.011737568,0,0.197
sub-002,0,0.0086071985,0,0.197
sub-002,0,0.007969244,0,0.197
sub-002,0,0.011737568,0,0.197
sub-002,0,0.011737568,0,0.197
sub-002,0,0.020375904,0,0.197
sub-002,0,0.015668582,0,0.197
sub-002,0,0.007969244,0,0.197
sub-002,0,0.0086071985,0,0.197
sub-002,0,0.007969244,0,0.197
sub-002,0,0.0086071985,0,0.197
sub-002,0,0.011737568,0,0.197
sub-002,0,0.011737568,0,0.197
sub-002,0,0.010852328,0,0.197
sub-002,0,0.010852328,0,0.197
sub-002,0,0.013575418,0,0.197
sub-002,0,0.045924835,0,0.197
sub-002,0,0.032247007,0,0.197
sub-002,0,0.015668582,0,0.197
sub-002,0,0.015668582,0,0.197
sub-002,0,0.017921213,0,0.197
sub-002,0,0.032247007,0,0.197
sub-002,0,0.015668582,0,0.197
sub-002,0,0.011737568,0,0.197
sub-002,0,0.015668582,0,0.197
sub-002,0,0.033006556,0,0.197
sub-002,0,0.110390775,0,0.197
sub-002,0,0.110977896,0,0.197
sub-002,0,0.110977896,0,0.197
sub-002,0,0.110977896,0,0.197
sub-002,0,0.110977896,0,0.197
sub-002,0,0.110977896,0,0.197
sub-002,0,0.110977896,0,0.197
sub-002,0,0.110977896,0,0.197
sub-002,0,0.110977896,0,0.197
sub-002,0,0.110977896,0,0.197
sub-002,0,0.110977896,0,0.197
sub-002,0,0.110977896,0,0.197
sub-002,0,0.110977896,0,0.197
sub-002,0,0.110977896,0,0.197
sub-002,0,0.10853514,0,0.197
sub-002,0,0.10853514,0,0.197
sub-002,0,0.10853514,0,0.197
sub-002,0,0.10853514,0,0.197
sub-002,0,0.10853514,0,0.197
sub-002,0,0.10853514,0,0.197
sub-002,0,0.110977896,0,0.197
sub-002,0,0.110977896,0,0.197
sub-002,0,0.110977896,0,0.197
sub-002,0,0.9984274,1,0.197
sub-002,0,0.99815327,1,0.197
sub-002,0,0.9980878,1,0.197
sub-002,0,0.9984274,1,0.197
sub-002,0,0.9984274,1,0.197
sub-002,0,0.9984274,1,0.197
sub-002,0,0.18767177,0,0.197
sub-002,0,0.10853514,0,0.197
sub-002,0,0.110977896,0,0.197
sub-002,0,0.110977896,0,0.197
sub-002,0,0.110977896,0,0.197
sub-002,0,0.10853514,0,0.197
sub-002,0,0.10853514,0,0.197
sub-002,0,0.10853514,0,0.197
sub-002,0,0.113355964,0,0.197
sub-002,0,0.08837492,0,0.197
sub-002,0,0.032247007,0,0.197
sub-002,0,0.08837492,0,0.197
sub-002,0,0.10853514,0,0.197
sub-002,0,0.113355964,0,0.197
sub-002,0,0.05730689,0,0.197
sub-002,0,0.0704806,0,0.197
sub-002,0,0.011737568,0,0.197
sub-002,0,0.013575418,0,0.197
sub-002,0,0.017921213,0,0.197
sub-002,0,0.0086071985,0,0.197
sub-002,0,0.09248989,0,0.197
sub-002,0,0.045924835,0,0.197
sub-002,0,0.007969244,0,0.197
sub-002,0,0.0086071985,0,0.197
sub-002,0,0.011737568,0,0.197
sub-002,0,0.0086071985,0,0.197
sub-002,0,0.007969244,0,0.197
sub-002,0,0.013575418,0,0.197
sub-002,0,0.032816708,0,0.197
sub-002,0,0.110390775,0,0.197
sub-002,0,0.08837492,0,0.197
sub-002,0,0.110977896,0,0.197
sub-002,0,0.110977896,0,0.197
sub-002,0,0.08837492,0,0.197
sub-002,0,0.007969244,0,0.197
sub-002,0,0.0086071985,0,0.197
sub-002,0,0.10853514,0,0.197
sub-002,0,0.110977896,0,0.197
sub-002,0,0.10853514,0,0.197
sub-002,0,0.10853514,0,0.197
sub-002,0,0.05730689,0,0.197
sub-002,0,0.032247007,0,0.197
sub-002,0,0.10853514,0,0.197
sub-002,0,0.110977896,0,0.197
sub-002,0,0.110977896,0,0.197
sub-002,0,0.013005259,0,0.197
sub-002,0,0.013005259,0,0.197
sub-002,0,0.013082046,0,0.197
sub-002,0,0.008770072,0,0.197
sub-002,0,0.008770072,0,0.197
sub-002,0,0.110977896,0,0.197
sub-002,0,0.110977896,0,0.197
sub-002,0,0.08837492,0,0.197
sub-002,0,0.017921213,0,0.197
sub-002,0,0.10795936,0,0.197
sub-002,0,0.110390775,0,0.197
sub-002,0,0.110977896,0,0.197
sub-002,0,0.110977896,0,0.197
sub-002,0,0.10853514,0,0.197
sub-002,0,0.032247007,0,0.197
sub-002,0,0.011737568,0,0.197
sub-002,0,0.007969244,0,0.197
sub-002,0,0.007969244,0,0.197
sub-002,0,0.10795936,0,0.197
sub-002,0,0.10795936,0,0.197
sub-002,0,0.0086071985,0,0.197
sub-002,0,0.007969244,0,0.197
sub-002,0,0.007969244,0,0.197
sub-002,0,0.011737568,0,0.197
sub-002,0,0.011737568,0,0.197
sub-002,0,0.007969244,0,0.197
sub-002,0,0.02782601,0,0.197
sub-002,0,0.013575418,0,0.197
sub-002,0,0.007969244,0,0.197
sub-002,0,0.11770047,0,0.197
sub-002,0,0.113355964,0,0.197
sub-002,0,0.007969244,0,0.197
sub-002,0,0.007969244,0,0.197
sub-002,0,0.007969244,0,0.197
sub-002,0,0.007969244,0,0.197
sub-002,0,0.007969244,0,0.197
sub-002,0,0.077196114,0,0.197
sub-002,0,0.077196114,0,0.197
sub-002,0,0.007969244,0,0.197
sub-002,0,0.015668582,0,0.197
sub-002,0,0.01270903,0,0.197
sub-002,0,0.007969244,0,0.197
sub-002,0,0.036089938,0,0.197
sub-002,0,0.011737568,0,0.197
sub-002,0,0.007969244,0,0.197
sub-002,0,0.007969244,0,0.197
sub-002,0,0.007969244,0,0.197
sub-002,0,0.007969244,0,0.197
sub-002,0,0.010852328,0,0.197
sub-002,0,0.010852328,0,0.197
sub-002,0,0.011737568,0,0.197
sub-002,0,0.010852328,0,0.197
sub-002,0,0.007969244,0,0.197
sub-002,0,0.14918755,0,0.197
sub-002,0,0.99689204,1,0.197
sub-002,0,0.9984274,1,0.197
sub-002,0,0.9885866,1,0.197
sub-002,0,0.9844147,1,0.197
sub-002,0,0.9695123,1,0.197
sub-002,0,0.5654635,1,0.197
sub-002,0,0.2781017,1,0.197
sub-002,0,0.20249227,1,0.197
sub-002,0,0.20249227,1,0.197
sub-002,0,0.9984274,1,0.197
sub-002,0,0.9984274,1,0.197
sub-002,0,0.9980878,1,0.197
sub-002,0,0.9885866,1,0.197
sub-002,0,0.9885866,1,0.197
sub-002,0,0.9885866,1,0.197
sub-002,0,0.9885866,1,0.197
sub-002,0,0.9984274,1,0.197
sub-002,0,0.9984274,1,0.197
sub-002,0,0.9984274,1,0.197
sub-002,0,0.9984274,1,0.197
sub-002,0,0.9984274,1,0.197
sub-002,0,0.9885866,1,0.197
sub-002,0,0.9984274,1,0.197
sub-002,0,0.10853514,0,0.197
sub-002,0,0.9972173,1,0.197
sub-002,0,0.9869419,1,0.197
sub-002,0,0.99775475,1,0.197
sub-002,0,0.99815327,1,0.197
sub-002,0,0.998418,1,0.197
sub-002,0,0.998418,1,0.197
sub-002,0,0.998418,1,0.197
sub-002,0,0.998418,1,0.197
sub-002,0,0.998418,1,0.197
sub-002,0,0.998418,1,0.197
sub-002,0,0.998418,1,0.197
sub-002,0,0.998418,1,0.197
sub-002,0,0.998418,1,0.197
sub-002,0,0.9972007,1,0.197
sub-002,0,0.998418,1,0.197
sub-002,0,0.99746513,1,0.197
sub-002,0,0.18676415,0,0.197
sub-002,0,0.18676415,0,0.197
sub-002,0,0.18767177,0,0.197
sub-002,0,0.18676415,0,0.197
sub-002,0,0.18676415,0,0.197
sub-002,0,0.110390775,0,0.197
sub-002,0,0.110390775,0,0.197
sub-002,0,0.110390775,0,0.197
sub-002,0,0.110390775,0,0.197
sub-002,0,0.110977896,0,0.197
sub-002,0,0.110977896,0,0.197
sub-002,0,0.110977896,0,0.197
sub-002,0,0.10853514,0,0.197
sub-002,0,0.110977896,0,0.197
sub-002,0,0.110977896,0,0.197
sub-002,0,0.110977896,0,0.197
sub-002,0,0.110977896,0,0.197
sub-002,0,0.110977896,0,0.197
sub-002,0,0.110977896,0,0.197
sub-002,0,0.110977896,0,0.197
sub-002,0,0.110977896,0,0.197
sub-002,0,0.110977896,0,0.197
sub-002,0,0.110977896,0,0.197
sub-002,0,0.110977896,0,0.197
sub-002,0,0.110977896,0,0.197
sub-002,0,0.110977896,0,0.197
sub-002,0,0.10853514,0,0.197
sub-002,0,0.10853514,0,0.197
sub-002,0,0.110977896,0,0.197
sub-002,0,0.110977896,0,0.197
sub-002,0,0.110977896,0,0.197
sub-002,0,0.110977896,0,0.197
sub-002,0,0.10853514,0,0.197
sub-002,0,0.08445828,0,0.197
sub-002,0,0.10853514,0,0.197
sub-002,0,0.110977896,0,0.197
sub-002,0,0.10853514,0,0.197
sub-002,0,0.08837492,0,0.197
sub-002,0,0.0704806,0,0.197
sub-002,0,0.113355964,0,0.197
sub-002,0,0.10853514,0,0.197
sub-002,0,0.10853514,0,0.197
sub-002,0,0.10853514,0,0.197
sub-002,0,0.113355964,0,0.197
sub-002,0,0.10853514,0,0.197
sub-002,0,0.110977896,0,0.197
sub-002,0,0.110977896,0,0.197
sub-002,0,0.10853514,0,0.197
sub-002,0,0.10853514,0,0.197
sub-002,0,0.11486924,0,0.197
sub-002,0,0.08445828,0,0.197
sub-002,0,0.08837492,0,0.197
sub-002,0,0.113355964,0,0.197
sub-002,0,0.110977896,0,0.197
sub-002,0,0.10853514,0,0.197
sub-002,0,0.08837492,0,0.197
sub-002,0,0.113355964,0,0.197
sub-002,0,0.10853514,0,0.197
sub-002,0,0.10853514,0,0.197
sub-002,0,0.08837492,0,0.197
sub-002,0,0.11770047,0,0.197
sub-002,0,0.033954803,0,0.197
sub-002,0,0.11770047,0,0.197
sub-002,0,0.10853514,0,0.197
sub-002,0,0.110977896,0,0.197
sub-002,0,0.110977896,0,0.197
sub-002,0,0.113355964,0,0.197
sub-002,0,0.08837492,0,0.197
sub-002,0,0.09248989,0,0.197
sub-002,0,0.08837492,0,0.197
sub-002,0,0.10853514,0,0.197
sub-002,0,0.110977896,0,0.197
sub-002,0,0.110977896,0,0.197
sub-002,0,0.10853514,0,0.197
sub-002,0,0.10853514,0,0.197
sub-002,0,0.10853514,0,0.197
sub-002,0,0.113355964,0,0.197
sub-002,0,0.10853514,0,0.197
sub-002,0,0.110977896,0,0.197
sub-002,0,0.110977896,0,0.197
sub-002,0,0.110977896,0,0.197
sub-002,0,0.10853514,0,0.197
sub-002,0,0.10853514,0,0.197
sub-002,0,0.10853514,0,0.197
sub-002,0,0.110977896,0,0.197
sub-002,0,0.10853514,0,0.197
sub-002,0,0.10853514,0,0.197
sub-002,0,0.110977896,0,0.197
sub-002,0,0.110977896,0,0.197
sub-002,0,0.110977896,0,0.197
sub-002,0,0.110977896,0,0.197
sub-002,0,0.110977896,0,0.197
sub-002,0,0.110977896,0,0.197
sub-002,0,0.110977896,0,0.197
sub-002,0,0.110977896,0,0.197
sub-002,0,0.110977896,0,0.197
sub-002,0,0.110977896,0,0.197
sub-002,0,0.110977896,0,0.197
sub-002,0,0.110977896,0,0.197
sub-002,0,0.110977896,0,0.197
sub-002,0,0.013082046,0,0.197
sub-002,0,0.011465986,0,0.197
sub-002,0,0.013082046,0,0.197
sub-002,0,0.110977896,0,0.197
sub-002,0,0.013082046,0,0.197
sub-002,0,0.013082046,0,0.197
sub-002,0,0.013082046,0,0.197
sub-002,0,0.013082046,0,0.197
sub-002,0,0.110977896,0,0.197
sub-002,0,0.110977896,0,0.197
sub-002,0,0.110977896,0,0.197
sub-002,0,0.100597546,0,0.197
sub-002,0,0.013082046,0,0.197
sub-002,0,0.013082046,0,0.197
sub-002,0,0.013082046,0,0.197
sub-002,0,0.011465986,0,0.197
sub-002,0,0.011465986,0,0.197
sub-002,0,0.010403635,0,0.197
sub-002,0,0.110977896,0,0.197
sub-002,0,0.110977896,0,0.197
sub-002,0,0.110977896,0,0.197
sub-002,0,0.10853514,0,0.197
sub-002,0,0.10853514,0,0.197
sub-002,0,0.110977896,0,0.197
sub-002,0,0.110977896,0,0.197
sub-002,0,0.110977896,0,0.197
sub-002,0,0.10853514,0,0.197
sub-002,0,0.110977896,0,0.197
sub-002,0,0.10853514,0,0.197
sub-002,0,0.110977896,0,0.197
sub-002,0,0.110977896,0,0.197
sub-002,0,0.10853514,0,0.197
sub-002,0,0.10853514,0,0.197
sub-002,0,0.10853514,0,0.197
sub-002,0,0.10853514,0,0.197
sub-002,0,0.110977896,0,0.197
sub-002,0,0.11486924,0,0.197
sub-002,0,0.10853514,0,0.197
sub-002,0,0.10853514,0,0.197
sub-002,0,0.11486924,0,0.197
sub-002,0,0.11486924,0,0.197
sub-002,0,0.10853514,0,0.197
sub-002,0,0.110977896,0,0.197
sub-002,0,0.110977896,0,0.197
sub-002,0,0.110977896,0,0.197
sub-002,0,0.10853514,0,0.197
sub-002,0,0.08837492,0,0.197
sub-002,0,0.095079064,0,0.197
sub-002,0,0.113355964,0,0.197
sub-002,0,0.08837492,0,0.197
sub-002,0,0.011737568,0,0.197
sub-002,0,0.017921213,0,0.197
sub-002,0,0.10853514,0,0.197
sub-002,0,0.10853514,0,0.197
sub-002,0,0.10853514,0,0.197
sub-002,0,0.10853514,0,0.197
sub-002,0,0.10853514,0,0.197
sub-002,0,0.110977896,0,0.197
sub-002,0,0.033006556,0,0.197
sub-002,0,0.09089491,0,0.197
sub-002,0,0.18389006,0,0.197
sub-002,0,0.14583145,0,0.197
sub-002,0,0.1913396,0,0.197
sub-002,0,0.98661983,1,0.197
sub-002,0,0.98661983,1,0.197
sub-002,0,0.9885866,1,0.197
sub-002,0,0.98661983,1,0.197
sub-002,0,0.9695123,1,0.197
sub-002,0,0.9573423,1,0.197
sub-002,0,0.98661983,1,0.197
sub-002,0,0.9844147,1,0.197
sub-002,0,0.98052627,1,0.197
sub-002,0,0.9984274,1,0.197
sub-002,0,0.9984274,1,0.197
sub-002,0,0.9984274,1,0.197
sub-002,0,0.59628344,1,0.197
sub-002,0,0.5637784,1,0.197
sub-002,0,0.5637784,1,0.197
sub-002,0,0.59628344,1,0.197
sub-002,0,0.59628344,1,0.197
sub-002,0,0.59628344,1,0.197
sub-002,0,0.5637784,1,0.197
sub-002,0,0.99799514,1,0.197
sub-002,0,0.9984274,1,0.197
sub-002,0,0.9984274,1,0.197
sub-002,0,0.99820316,1,0.197
sub-002,0,0.998418,1,0.197
sub-002,0,0.998418,1,0.197
sub-002,0,0.998418,1,0.197
sub-002,0,0.998418,1,0.197
sub-002,0,0.998418,1,0.197
sub-002,0,0.998418,1,0.197
sub-002,0,0.998418,1,0.197
sub-002,0,0.998418,1,0.197
sub-002,0,0.998418,1,0.197
sub-002,0,0.998418,1,0.197
sub-002,0,0.998418,1,0.197
sub-002,0,0.998418,1,0.197
sub-002,0,0.998418,1,0.197
sub-002,0,0.998418,1,0.197
sub-002,0,0.998418,1,0.197
sub-002,0,0.998418,1,0.197
sub-002,0,0.998418,1,0.197
sub-002,0,0.998418,1,0.197
sub-002,0,0.998418,1,0.197
sub-002,0,0.998418,1,0.197
sub-002,0,0.9984274,1,0.197
sub-002,0,0.9984274,1,0.197
sub-002,0,0.9984274,1,0.197
sub-002,0,0.5637784,1,0.197
sub-002,0,0.5637784,1,0.197
sub-002,0,0.5637784,1,0.197
sub-002,0,0.5637784,1,0.197
sub-002,0,0.53946954,1,0.197
sub-002,0,0.53946954,1,0.197
sub-002,0,0.9984274,1,0.197
sub-002,0,0.110977896,0,0.197
sub-002,0,0.110390775,0,0.197
sub-002,0,0.110977896,0,0.197
sub-002,0,0.10853514,0,0.197
sub-002,0,0.110977896,0,0.197
sub-002,0,0.110977896,0,0.197
sub-002,0,0.110977896,0,0.197
sub-002,0,0.110977896,0,0.197
sub-002,0,0.10853514,0,0.197
sub-002,0,0.10853514,0,0.197
sub-002,0,0.10853514,0,0.197
sub-002,0,0.110977896,0,0.197
sub-002,0,0.110977896,0,0.197
sub-002,0,0.110977896,0,0.197
sub-002,0,0.110977896,0,0.197
sub-002,0,0.110977896,0,0.197
sub-002,0,0.10853514,0,0.197
sub-002,0,0.110977896,0,0.197
sub-002,0,0.110977896,0,0.197
sub-002,0,0.10853514,0,0.197
sub-002,0,0.10853514,0,0.197
sub-002,0,0.05730689,0,0.197
sub-002,0,0.05730689,0,0.197
sub-002,0,0.08837492,0,0.197
sub-002,0,0.09248989,0,0.197
sub-002,0,0.11486924,0,0.197
sub-002,0,0.113355964,0,0.197
sub-002,0,0.08837492,0,0.197
sub-002,0,0.017921213,0,0.197
sub-002,0,0.045924835,0,0.197
sub-002,0,0.08837492,0,0.197
sub-002,0,0.077196114,0,0.197
sub-002,0,0.017921213,0,0.197
sub-002,0,0.015668582,0,0.197
sub-002,0,0.020375904,0,0.197
sub-002,0,0.113355964,0,0.197
sub-002,0,0.110977896,0,0.197
sub-002,0,0.18767177,0,0.197
sub-002,0,0.9984274,1,0.197
sub-002,0,0.9984274,1,0.197
sub-002,0,0.9984274,1,0.197
sub-002,0,0.5637784,1,0.197
sub-002,0,0.5888631,1,0.197
sub-002,0,0.110977896,0,0.197
sub-002,0,0.011465986,0,0.197
sub-002,0,0.013082046,0,0.197
sub-002,0,0.013082046,0,0.197
sub-002,0,0.010403635,0,0.197
sub-002,0,0.013005259,0,0.197
sub-002,0,0.013082046,0,0.197
sub-002,0,0.110977896,0,0.197
sub-002,0,0.110977896,0,0.197
sub-002,0,0.110977896,0,0.197
sub-002,0,0.110977896,0,0.197
sub-002,0,0.033006556,0,0.197
sub-002,0,0.033006556,0,0.197
sub-002,0,0.10853514,0,0.197
sub-002,0,0.110977896,0,0.197
sub-002,0,0.110977896,0,0.197
sub-002,0,0.110977896,0,0.197
sub-002,0,0.110977896,0,0.197
sub-002,0,0.110977896,0,0.197
sub-002,0,0.10853514,0,0.197
sub-002,0,0.10853514,0,0.197
sub-002,0,0.10853514,0,0.197
sub-002,0,0.110977896,0,0.197
sub-002,0,0.110977896,0,0.197
sub-002,0,0.10853514,0,0.197
sub-002,0,0.110977896,0,0.197
sub-002,0,0.110977896,0,0.197
sub-002,0,0.110977896,0,0.197
sub-002,0,0.110977896,0,0.197
sub-002,0,0.110977896,0,0.197
sub-002,0,0.033006556,0,0.197
sub-002,0,0.033006556,0,0.197
sub-002,0,0.110977896,0,0.197
sub-002,0,0.013005259,0,0.197
sub-002,0,0.010403635,0,0.197
sub-002,0,0.011465986,0,0.197
sub-002,0,0.011465986,0,0.197
sub-002,0,0.013005259,0,0.197
sub-002,0,0.013005259,0,0.197
sub-002,0,0.009532957,0,0.197
sub-002,0,0.010879567,0,0.197
sub-002,0,0.9229413,1,0.197
sub-002,0,0.9300879,1,0.197
sub-002,0,0.91886854,1,0.197
sub-002,0,0.8824817,1,0.197
sub-002,0,0.48595896,1,0.197
sub-002,0,0.9300879,1,0.197
sub-002,0,0.9300879,1,0.197
sub-002,0,0.9300879,1,0.197
sub-002,0,0.77628094,1,0.197
sub-002,0,0.74709046,1,0.197
sub-002,0,0.77628094,1,0.197
sub-002,0,0.9300879,1,0.197
sub-002,0,0.77628094,1,0.197
sub-002,0,0.77628094,1,0.197
sub-002,0,0.91886854,1,0.197
sub-002,0,0.71674186,1,0.197
sub-002,0,0.71674186,1,0.197
sub-002,0,0.71674186,1,0.197
sub-002,0,0.61868554,1,0.197
sub-002,0,0.4994186,1,0.197
sub-002,0,0.2772968,1,0.197
sub-002,0,0.9065547,1,0.197
sub-002,0,0.9300879,1,0.197
sub-002,0,0.74709046,1,0.197
sub-002,0,0.03785973,0,0.197
sub-002,0,0.028820843,0,0.197
sub-002,0,0.89914775,1,0.197
sub-002,0,0.91886854,1,0.197
sub-002,0,0.77628094,1,0.197
sub-002,0,0.71674186,1,0.197
sub-002,0,0.023111328,0,0.197
sub-002,0,0.028820843,0,0.197
sub-002,0,0.015173899,0,0.197
sub-002,0,0.01389519,0,0.197
sub-002,0,0.024971308,0,0.197
sub-002,0,0.024971308,0,0.197
sub-002,0,0.03318559,0,0.197
sub-002,0,0.03785973,0,0.197
sub-002,0,0.015173899,0,0.197
sub-002,0,0.01389519,0,0.197
sub-002,0,0.01389519,0,0.197
sub-002,0,0.024971308,0,0.197
sub-002,0,0.028820843,0,0.197
sub-002,0,0.015173899,0,0.197
sub-002,0,0.015173899,0,0.197
sub-002,0,0.024971308,0,0.197
sub-002,0,0.097634874,0,0.197
sub-002,0,0.59532124,1,0.197
sub-002,0,0.59532124,1,0.197
sub-002,0,0.13109009,0,0.197
sub-002,0,0.14672971,0,0.197
sub-002,0,0.116297044,0,0.197
sub-002,0,0.5647355,1,0.197
sub-002,0,0.13109009,0,0.197
sub-002,0,0.089413114,0,0.197
sub-002,0,0.102156065,0,0.197
sub-002,0,0.5122136,1,0.197
sub-002,0,0.9229413,1,0.197
